txn_id,txn_datetime,store_id,member_id,channel,payment_method,total_amount,discount_amount,campaign_id,is_return
T000001,2025-01-01T21:37:00,S01,,store,cash,2260,0,,false
T000002,2025-01-01T15:24:00,S01,,store,cash,1610,0,,false
T000003,2025-01-01T17:16:00,S05,,store,line_pay,2110,0,,false
T000004,2025-01-01T21:47:00,S99,,online,mobile_payment,1490,0,,false
T000005,2025-01-02T21:52:00,S01,,store,credit_card,855,0,,false
T000006,2025-01-02T19:05:00,S04,,store,mobile_payment,2180,0,,false
T000007,2025/01/02 15:39,S05,M000637,store,cash,840,0,,false
T000008,2025-01-02T20:14:00,S05,,store,credit_card,2493,157,,false
T000009,2025-01-02T20:06:00,S06,M001093,store,mobile_payment,930,0,,false
T000010,2025-01-02T21:46:00,S06,,store,cash,1380,0,,false
T000011,2025-01-03T18:00:00,S01,,store,cash,1485,0,,false
T000012,2025-01-03T11:14:00,S03,,store,credit_card,1160,0,,false
T000013,2025-01-03T19:53:00,S04,M000558,store,cash,990,0,,false
T000014,2025-01-03T21:32:00,S05,,store,credit_card,2385,0,,false
T000015,2025-01-03T19:04:00,S06,M000130,store,cash,90,0,,false
T000016,2025-01-03T20:02:00,S99,M000280,online,cash,800,0,,false
T000017,2025-01-04T11:48:00,S01,,store,credit_card,2290,0,,false
T000018,2025-01-04T12:51:00,S04,,store,credit_card,3690,0,,false
T000019,2025-01-04T17:33:00,S04,,store,credit_card,2124,66,,false
T000020,2025-01-04T15:56:00,S04,,store,credit_card,1740,0,,false
T000021,2025-01-04T14:44:00,S04,,store,line_pay,1734,116,,false
T000022,2025-01-04T15:46:00,S05,,store,cash,1062,28,,false
T000023,2025-01-04T15:09:00,S06,,store,cash,1385,0,,false
T000024,2025/01/05 14:22,S01,M000241,store,mobile_payment,345,0,,false
T000025,2025-01-05T15:54:00,S01,M000151,store,credit_card,300,0,,false
T000026,2025-01-05T16:47:00,S02,,store,cash,2450,0,,false
T000027,2025-01-05T17:11:00,S02,,store,credit_card,1800,0,,false
T000028,2025-01-05T14:46:00,S02,,store,credit_card,2650,0,,false
T000029,2025-01-05T20:56:00,S04,,store,cash,2125,0,,false
T000030,2025-01-05T11:19:00,S04,,store,mobile_payment,1840,0,,false
T000031,2025-01-05T12:30:00,S04,,store,cash,2173,77,,false
T000032,2025-01-05T17:19:00,S04,,store,cash,2195,60,,false
T000033,2025-01-05T16:48:00,S05,,store,mobile_payment,2410,0,,false
T000034,2025-01-05T19:06:00,S06,M000423,store,line_pay,1120,0,,false
T000035,2025-01-06T15:01:00,S02,M000921,store,mobile_payment,110,0,,false
T000036,2025-01-06T15:21:00,S02,M000362,store,cash,1500,0,,false
T000037,2025-01-06T17:07:00,S03,M000849,store,line_pay,70,0,,false
T000038,2025-01-06T11:27:00,S04,,store,credit_card,1165,0,,false
T000039,2025-01-07T19:19:00,S03,M001167,store,cash,160,0,,false
T000040,2025-01-07T18:26:00,S04,,store,cash,2000,0,,false
T000041,2025-01-07T21:36:00,S04,,store,cash,2195,0,,false
T000042,2025-01-07T18:08:00,S05,M000837,store,credit_card,1020,0,,false
T000043,2025-01-07T20:19:00,S05,,store,credit_card,2710,0,,false
T000044,2025-01-07T18:20:00,S05,,store,cash,3330,0,,false
T000045,2025/01/07 20:34,S05,,store,credit_card,1235,0,,false
T000046,2025-01-07T12:19:00,S05,,store,credit_card,1195,0,,false
T000047,2025-01-07T20:36:00,S05,,store,cash,1266,24,,false
T000048,2025-01-07T21:23:00,S05,,store,cash,1750,0,,false
T000049,2025-01-08T19:27:00,S01,M000154,store,cash,300,0,,false
T000050,2025-01-08T18:45:00,S01,,store,line_pay,1440,0,,false
T000051,2025-01-08T18:06:00,S01,,store,line_pay,2630,0,,false
T000052,2025-01-08T15:10:00,S01,,store,credit_card,1502,48,,false
T000053,2025-01-08T17:55:00,S02,M000347,store,mobile_payment,90,0,,false
T000054,2025-01-08T15:09:00,S03,M000547,store,cash,180,0,,false
T000055,2025-01-08T21:18:00,S04,,store,cash,1698,72,,false
T000056,2025-01-08T22:30:00,S99,M000415,online,line_pay,1130,0,,false
T000057,2025-01-08T12:54:00,S99,,online,mobile_payment,1485,165,,false
T000058,2025-01-09T18:22:00,S01,,store,cash,2720,0,,false
T000059,2025-01-09T19:11:00,S01,,store,cash,1522,123,,false
T000060,2025-01-09T12:43:00,S02,,store,mobile_payment,1463,67,,false
T000061,2025-01-09T20:52:00,S03,M000089,store,cash,175,0,,false
T000062,2025-01-09T12:16:00,S03,M000513,store,cash,110,0,,false
T000063,2025-01-09T21:10:00,S04,M000752,store,credit_card,980,0,,false
T000064,2025-01-09T18:38:00,S05,M000846,store,line_pay,420,0,,false
T000065,2025-01-09T17:54:00,S06,M001117,store,credit_card,620,0,,false
T000066,2025-01-09T21:42:00,S99,M001029,online,credit_card,1085,0,,false
T000067,2025-01-10T12:28:00,S01,M001124,store,credit_card,110,0,,false
T000068,2025-01-10T12:05:00,S01,M000858,store,credit_card,415,0,,false
T000069,2025-01-10T18:33:00,S01,M000873,store,line_pay,1310,0,,false
T000070,2025-01-10T12:04:00,S01,,store,credit_card,2810,0,,false
T000071,2025-01-10T21:59:00,S01,,store,cash,2980,0,,false
T000072,2025/01/10 19:48,S03,M001052,store,cash,110,0,,false
T000073,2025-01-10T15:55:00,S03,M000520,store,mobile_payment,175,0,,false
T000074,2025-01-10T20:53:00,S04,M000526,store,line_pay,1459,0,,false
T000075,2025-01-10T19:29:00,S04,,store,credit_card,1420,0,,false
T000076,2025-01-10T17:43:00,S04,,store,credit_card,2099,206,,false
T000077,2025-01-10T20:13:00,S05,,store,cash,1585,0,,false
T000078,2025-01-10T20:53:00,S06,,store,line_pay,1046,24,,false
T000079,2025-01-10T14:31:00,S99,M001186,online,cash,125,0,,false
T000080,2025-01-11T16:15:00,S01,M000884,store,cash,390,0,,false
T000081,2025-01-11T20:08:00,S01,M001181,store,cash,1120,0,,false
T000082,2025-01-11T16:37:00,S02,,store,credit_card,1650,0,,false
T000083,2025-01-11T15:05:00,S03,M000592,store,cash,155,0,,false
T000084,2025-01-11T19:16:00,S04,M000885,store,credit_card,1419,0,,false
T000085,2025-01-11T14:41:00,S04,,store,mobile_payment,1610,0,,false
T000086,2025-01-11T12:45:00,S04,,store,credit_card,1520,0,,false
T000087,2025-01-11T15:21:00,S04,,store,credit_card,2100,0,,false
T000088,2025-01-11T16:56:00,S04,,store,credit_card,1770,0,,false
T000089,2025-01-11T15:19:00,S04,,store,mobile_payment,1786,94,,false
T000090,2025-01-11T15:09:00,S04,,store,cash,2280,0,,false
T000091,2025-01-11T19:30:00,S05,M000036,store,credit_card,95,0,,false
T000092,2025-01-11T12:37:00,S05,,store,credit_card,1765,0,,false
T000093,2025-01-11T16:05:00,S06,,store,line_pay,760,0,,false
T000094,2025-01-11T21:12:00,S99,,online,cash,1215,0,,false
T000095,2025-01-12T17:50:00,S01,,store,credit_card,2035,0,,false
T000096,2025-01-12T20:57:00,S01,,store,line_pay,1490,0,,false
T000097,2025-01-12T14:18:00,S01,,store,credit_card,2220,0,,false
T000098,2025-01-12T15:40:00,S02,M001010,store,credit_card,945,0,,false
T000099,2025-01-12T12:20:00,S03,M000406,store,line_pay,160,0,,false
T000100,2025-01-12T17:52:00,S03,M000913,store,credit_card,110,0,,false
T000101,2025-01-12T20:17:00,S03,,store,credit_card,1830,0,,false
T000102,2025-01-12T17:37:00,S04,,store,credit_card,2715,0,,false
T000103,2025-01-12T14:28:00,S04,,store,credit_card,2460,0,,false
T000104,2025-01-12T12:42:00,S04,,store,credit_card,1367,78,,false
T000105,2025-01-12T12:35:00,S05,M000250,store,cash,1130,0,,false
T000106,2025-01-12T14:08:00,S05,,store,cash,2450,0,,false
T000107,2025-01-12T19:02:00,S05,,store,cash,1515,0,,false
T000108,2025-01-12T12:02:00,S06,,store,credit_card,1868,162,,false
T000109,2025-01-13T19:08:00,S01,M001083,store,cash,95,0,,false
T000110,2025-01-13T15:53:00,S01,M000581,store,cash,405,0,,false
T000111,2025-01-13T12:22:00,S01,M000339,store,credit_card,460,0,,false
T000112,2025-01-13T19:29:00,S03,M001003,store,credit_card,70,0,,false
T000113,2025-01-13T17:49:00,S03,M000547,store,line_pay,70,0,,false
T000114,2025-01-13T19:06:00,S03,M001167,store,cash,160,0,,false
T000115,2025/01/13 18:05,S03,M000717,store,line_pay,130,0,,false
T000116,2025-01-13T19:35:00,S03,,store,credit_card,2310,0,,false
T000117,2025-01-13T12:12:00,S05,M001115,store,cash,755,0,,false
T000118,2025-01-13T14:32:00,S99,M001047,online,line_pay,155,0,,false
T000119,2025-01-14T19:30:00,S01,M000896,store,credit_card,420,0,,false
T000120,2025-01-14T19:28:00,S01,M000547,store,credit_card,1590,0,,false
T000121,2025-01-14T20:48:00,S02,M001048,store,line_pay,1400,0,,false
T000122,2025-01-14T21:16:00,S03,M001106,store,cash,35,0,,false
T000123,2025-01-14T11:53:00,S03,M000610,store,credit_card,70,0,,false
T000124,2025-01-14T19:05:00,S03,M000025,store,line_pay,1325,0,,false
T000125,2025-01-14T12:08:00,S03,,store,line_pay,1225,0,,false
T000126,2025-01-14T18:47:00,S04,,store,line_pay,992,33,,false
T000127,2025-01-14T15:41:00,S06,M000668,store,cash,90,0,,false
T000128,2025-01-15T17:54:00,S01,M001177,store,cash,110,0,,false
T000129,2025-01-15T15:09:00,S01,M000370,store,cash,185,0,,false
T000130,2025-01-15T18:16:00,S01,M000273,store,credit_card,385,0,,false
T000131,2025-01-15T18:03:00,S04,,store,line_pay,1290,0,,false
T000132,2025-01-15T20:47:00,S04,,store,line_pay,1349,71,,false
T000133,2025-01-15T19:00:00,S05,M000051,store,cash,1110,0,,false
T000134,2025-01-15T21:09:00,S05,,store,mobile_payment,1806,94,,false
T000135,2025-01-15T19:18:00,S06,M001176,store,credit_card,160,0,,false
T000136,2025-01-15T22:48:00,S99,M000523,online,credit_card,270,0,,false
T000137,2025-01-15T21:41:00,S99,,online,cash,1341,149,,false
T000138,2025-01-16T19:32:00,S01,,store,credit_card,1811,69,,false
T000139,2025-01-16T11:38:00,S02,M001039,store,credit_card,145,0,,false
T000140,2025-01-16T18:29:00,S02,M000560,store,cash,175,0,,false
T000141,2025-01-16T17:51:00,S02,M000650,store,cash,110,0,,false
T000142,2025-01-16T19:23:00,S02,,store,credit_card,2760,0,,false
T000143,2025-01-16T21:09:00,S03,M000183,store,credit_card,145,0,,false
T000144,2025-01-16T11:01:00,S03,M001032,store,credit_card,175,0,,false
T000145,2025-01-16T12:44:00,S04,,store,cash,2404,56,,false
T000146,2025-01-16T21:28:00,S05,M000286,store,line_pay,875,0,,false
T000147,2025-01-16T18:42:00,S05,M001192,store,credit_card,380,0,,false
T000148,2025-01-16T15:01:00,S05,,store,credit_card,2040,0,,false
T000149,2025-01-17T11:48:00,S01,M001124,store,cash,195,0,,false
T000150,2025-01-17T18:52:00,S01,M000525,store,mobile_payment,515,0,,false
T000151,2025-01-17T21:21:00,S03,M001134,store,credit_card,410,0,,false
T000152,2025-01-17T21:50:00,S03,M000930,store,line_pay,1200,0,,false
T000153,2025-01-17T12:54:00,S03,,store,cash,1930,0,,false
T000154,2025-01-17T19:13:00,S05,M000674,store,line_pay,870,0,,false
T000155,2025-01-17T21:14:00,S05,,store,line_pay,2594,116,,false
T000156,2025-01-18T19:01:00,S01,M000291,store,line_pay,110,0,,false
T000157,2025/01/18 15:54,S01,M000999,store,cash,335,0,,false
T000158,2025-01-18T12:06:00,S01,,store,mobile_payment,2640,0,,false
T000159,2025-01-18T19:49:00,S02,M000362,store,credit_card,1135,0,,false
T000160,2025/01/18 12:42,S03,M000589,store,line_pay,105,0,,false
T000161,2025-01-18T12:53:00,S03,M000592,store,line_pay,90,0,,false
T000162,2025-01-18T11:56:00,S03,M001180,store,cash,1480,0,,false
T000163,2025-01-18T19:24:00,S04,,store,credit_card,945,0,,false
T000164,2025-01-18T11:04:00,S04,,store,mobile_payment,2902,98,,false
T000165,2025-01-18T14:59:00,S05,M000722,store,cash,420,0,,false
T000166,2025-01-18T20:15:00,S06,,store,cash,1840,0,,false
T000167,2025-01-18T14:58:00,S99,M000986,online,credit_card,870,0,,false
T000168,2025-01-19T19:06:00,S01,M000889,store,line_pay,110,0,,false
T000169,2025-01-19T14:45:00,S02,M000921,store,cash,105,0,,false
T000170,2025-01-19T12:45:00,S02,M000507,store,credit_card,925,0,,false
T000171,2025-01-19T20:13:00,S02,,store,mobile_payment,800,0,,false
T000172,2025-01-19T20:44:00,S02,,store,credit_card,1900,0,,false
T000173,2025-01-19T20:45:00,S03,M000138,store,cash,275,0,,false
T000174,2025-01-19T20:41:00,S04,,store,cash,2740,0,,false
T000175,2025-01-19T15:42:00,S05,M000036,store,line_pay,110,0,,false
T000176,2025-01-19T11:07:00,S05,M000554,store,cash,860,0,,false
T000177,2025-01-19T16:43:00,S05,,store,mobile_payment,1615,0,,false
T000178,2025-01-19T14:16:00,S06,M000886,store,cash,375,0,,false
T000179,2025-01-19T14:17:00,S06,M000115,store,credit_card,885,0,,false
T000180,2025-01-19T12:27:00,S99,M000737,online,mobile_payment,95,0,,false
T000181,2025-01-19T21:38:00,S99,M000372,online,cash,155,0,,false
T000182,2025-01-19T20:18:00,S99,M001029,online,line_pay,1060,0,,false
T000183,2025-01-20T17:36:00,S01,M001000,store,credit_card,575,0,,false
T000184,2025-01-20T21:18:00,S02,M000537,store,credit_card,110,0,,false
T000185,2025-01-20T12:17:00,S02,M001006,store,cash,125,0,,false
T000186,2025-01-20T11:40:00,S02,,store,cash,2110,0,,false
T000187,2025-01-20T15:12:00,S03,M000458,store,line_pay,190,0,,false
T000188,2025-01-20T20:48:00,S04,,store,cash,2560,0,,false
T000189,2025-01-20T17:56:00,S04,,store,cash,1505,45,,false
T000190,2025-01-21T21:59:00,S01,M000225,store,cash,310,0,,false
T000191,2025-01-21T20:05:00,S02,M000533,store,cash,100,0,,false
T000192,2025-01-21T18:37:00,S02,M000650,store,cash,95,0,,false
T000193,2025-01-21T17:44:00,S03,M000238,store,credit_card,180,0,,false
T000194,2025-01-21T19:29:00,S03,,store,line_pay,1540,0,,false
T000195,2025-01-21T18:34:00,S04,M000079,store,credit_card,110,0,,false
T000196,2025-01-21T11:49:00,S04,,store,cash,2313,142,,false
T000197,2025-01-21T15:07:00,S05,M000722,store,cash,-90,0,,true
T000198,2025-01-21T20:05:00,S05,,store,mobile_payment,1340,70,,false
T000199,2025-01-21T15:55:00,S06,M001176,store,mobile_payment,170,0,,false
T000200,2025-01-21T19:49:00,S06,M001043,store,cash,770,0,,false
T000201,2025-01-21T21:04:00,S99,M000742,online,cash,1050,0,,false
T000202,2025-01-22T20:01:00,S01,M001074,store,credit_card,415,0,,false
T000203,2025-01-22T17:04:00,S03,M001003,store,cash,110,0,,false
T000204,2025-01-22T15:39:00,S03,M000849,store,cash,70,0,,false
T000205,2025-01-22T20:52:00,S03,M001023,store,line_pay,145,0,,false
T000206,2025-01-22T19:22:00,S03,M000536,store,credit_card,1310,0,,false
T000207,2025-01-22T17:13:00,S03,M001185,store,credit_card,780,0,,false
T000208,2025-01-22T11:23:00,S03,,store,line_pay,1355,0,,false
T000209,2025-01-22T21:41:00,S06,M000845,store,cash,110,0,,false
T000210,2025-01-22T22:30:00,S99,M000362,online,credit_card,1350,0,,false
T000211,2025-01-23T19:38:00,S01,M000898,store,cash,390,0,,false
T000212,2025-01-23T18:39:00,S01,M000873,store,line_pay,1075,0,,false
T000213,2025-01-23T20:46:00,S01,,store,credit_card,1370,0,,false
T000214,2025-01-23T18:00:00,S01,,store,credit_card,2991,79,,false
T000215,2025-01-23T11:40:00,S01,,store,mobile_payment,-850,0,,true
T000216,2025-01-23T20:04:00,S02,,store,credit_card,1000,0,,false
T000217,2025-01-23T20:30:00,S02,,store,cash,1365,0,,false
T000218,2025-01-23T21:07:00,S02,,store,credit_card,1510,0,,false
T000219,2025-01-23T15:15:00,S03,M000183,store,mobile_payment,70,0,,false
T000220,2025-01-23T18:10:00,S03,M000728,store,cash,175,0,,false
T000221,2025-01-23T12:04:00,S03,,store,credit_card,3270,125,,false
T000222,2025-01-23T12:17:00,S04,M001176,store,cash,2475,0,,false
T000223,2025-01-23T12:18:00,S04,,store,cash,1845,0,,false
T000224,2025-01-23T19:04:00,S05,,store,line_pay,2292,198,,false
T000225,2025-01-23T15:26:00,S06,,store,credit_card,1575,0,,false
T000226,2025-01-24T20:53:00,S01,,store,cash,2480,0,,false
T000227,2025-01-24T20:20:00,S03,M000196,store,line_pay,130,0,,false
T000228,2025-01-24T11:13:00,S03,M000487,store,credit_card,70,0,,false
T000229,2025-01-24T20:47:00,S03,M000169,store,cash,195,0,,false
T000230,2025-01-24T18:46:00,S03,,store,cash,824,91,,false
T000231,2025-01-24T17:43:00,S04,M000564,store,credit_card,1480,0,,false
T000232,2025-01-24T12:17:00,S06,,store,credit_card,2283,107,,false
T000233,2025-01-24T15:08:00,S06,,store,cash,1442,33,,false
T000234,2025-01-24T20:28:00,S99,M001047,online,cash,95,0,,false
T000235,2025-01-24T09:49:00,S99,M000331,online,mobile_payment,735,0,,false
T000236,2025-01-24T12:49:00,S99,M000873,online,cash,1423,37,,false
T000237,2025-01-25T15:52:00,S01,M001083,store,credit_card,110,0,,false
T000238,2025-01-25T11:19:00,S01,M000370,store,credit_card,95,0,,false
T000239,2025-01-25T11:20:00,S01,M001189,store,cash,415,0,,false
T000240,2025-01-25T19:37:00,S01,M000896,store,mobile_payment,455,0,,false
T000241,2025-01-25T17:27:00,S01,,store,mobile_payment,1105,0,,false
T000242,2025-01-25T15:12:00,S02,M000507,store,cash,1590,0,,false
T000243,2025-01-25T20:17:00,S04,M000718,store,cash,755,0,,false
T000244,2025-01-25T20:56:00,S04,,store,cash,2345,0,,false
T000245,2025-01-25T17:40:00,S04,,store,credit_card,2125,0,,false
T000246,2025-01-25T16:03:00,S04,,store,mobile_payment,-110,0,,true
T000247,2025-01-25T11:45:00,S05,M000421,store,credit_card,1240,0,,false
T000248,2025-01-25T14:11:00,S05,M000051,store,credit_card,1100,0,,false
T000249,2025-01-25T16:02:00,S05,M000822,store,line_pay,1140,0,,false
T000250,2025-01-25T12:31:00,S06,M001078,store,line_pay,1445,0,,false
T000251,2025-01-25T12:47:00,S99,M000521,online,credit_card,95,0,,false
T000252,2025-01-25T20:56:00,S99,M000882,online,line_pay,730,0,,false
T000253,2025-01-26T16:27:00,S01,M000329,store,cash,345,0,,false
T000254,2025-01-26T14:01:00,S01,,store,cash,1118,62,,false
T000255,2025-01-26T17:15:00,S02,M000560,store,mobile_payment,130,0,,false
T000256,2025-01-26T20:27:00,S02,M001006,store,credit_card,165,0,,false
T000257,2025-01-26T20:07:00,S02,M001165,store,credit_card,1380,0,,false
T000258,2025-01-26T15:05:00,S03,M001052,store,line_pay,70,0,,false
T000259,2025-01-26T20:54:00,S03,M000308,store,credit_card,185,0,,false
T000260,2025-01-26T20:25:00,S03,M001157,store,credit_card,110,0,,false
T000261,2025-01-26T14:40:00,S03,M000717,store,credit_card,100,0,,false
T000262,2025-01-26T11:24:00,S04,M000001,store,credit_card,110,0,,false
T000263,2025-01-26T16:56:00,S05,,store,line_pay,2836,139,,false
T000264,2025-01-26T17:08:00,S06,M000617,store,cash,160,0,,false
T000265,2025-01-26T12:20:00,S06,M000594,store,cash,355,0,,false
T000266,2025-01-26T22:09:00,S99,M000170,online,mobile_payment,180,0,,false
T000267,2025-01-26T20:15:00,S99,M001186,online,line_pay,95,0,,false
T000268,2025-01-27T12:21:00,S01,M000644,store,cash,365,0,,false
T000269,2025-01-27T19:47:00,S01,M000773,store,credit_card,285,0,,false
T000270,2025-01-27T18:37:00,S01,,store,cash,1994,56,,false
T000271,2025-01-27T20:34:00,S03,M000458,store,line_pay,180,0,,false
T000272,2025-01-27T15:28:00,S03,M000406,store,credit_card,155,0,,false
T000273,2025-01-27T19:02:00,S03,M000589,store,cash,35,0,,false
T000274,2025-01-27T11:07:00,S03,M001023,store,line_pay,185,0,,false
T000275,2025-01-27T19:08:00,S03,M000823,store,cash,185,0,,false
T000276,2025-01-27T20:50:00,S05,,store,credit_card,960,0,,false
T000277,2025-01-27T19:16:00,S06,M000845,store,line_pay,195,0,,false
T000278,2025-01-27T12:45:00,S99,,online,credit_card,1482,78,,false
T000279,2025-01-28T20:46:00,S01,M000884,store,credit_card,455,0,,false
T000280,2025-01-28T15:31:00,S01,M000723,store,credit_card,455,0,,false
T000281,2025-01-28T19:06:00,S01,,store,credit_card,1225,0,,false
T000282,2025-01-28T15:24:00,S02,M000347,store,cash,100,0,,false
T000283,2025-01-28T18:39:00,S02,M000699,store,credit_card,860,0,,false
T000284,2025-01-28T12:16:00,S03,M001046,store,credit_card,160,0,,false
T000285,2025-01-28T19:25:00,S03,M000195,store,credit_card,110,0,,false
T000286,2025-01-28T20:55:00,S03,M000513,store,credit_card,110,0,,false
T000287,2025-01-28T17:52:00,S03,M001145,store,line_pay,110,0,,false
T000288,2025-01-28T17:50:00,S03,M000974,store,cash,180,0,,false
T000289,2025-01-28T15:04:00,S06,M000130,store,line_pay,125,0,,false
T000290,2025-01-28T18:02:00,S06,M000886,store,cash,365,0,,false
T000291,2025-01-29T11:15:00,S01,M001177,store,credit_card,175,0,,false
T000292,2025-01-29T17:21:00,S01,M001007,store,line_pay,1480,0,,false
T000293,2025-01-29T19:37:00,S01,M000743,store,line_pay,450,0,,false
T000294,2025-01-29T12:05:00,S01,M000999,store,line_pay,445,0,,false
T000295,2025-01-29T19:44:00,S01,,store,mobile_payment,2530,0,,false
T000296,2025-01-29T21:39:00,S02,M001048,store,cash,230,0,,false
T000297,2025-01-29T19:25:00,S02,,store,line_pay,3526,34,,false
T000298,2025-01-29T21:58:00,S02,,store,cash,1310,0,,false
T000299,2025-01-29T18:34:00,S03,M000937,store,credit_card,125,0,,false
T000300,2025-01-29T20:17:00,S03,M000486,store,cash,1210,0,,false
T000301,2025-01-29T21:48:00,S04,M000147,store,line_pay,880,0,,false
T000302,2025-01-29T15:16:00,S05,M000136,store,credit_card,110,0,,false
T000303,2025-01-29T20:29:00,S05,,store,cash,1675,0,,false
T000304,2025-01-29T20:05:00,S06,,store,credit_card,2504,116,,false
T000305,2025-01-30T18:49:00,S01,M000291,store,credit_card,110,0,,false
T000306,2025-01-30T18:48:00,S01,M001029,store,credit_card,2150,0,,false
T000307,2025-01-30T21:53:00,S01,,store,credit_card,1840,0,,false
T000308,2025-01-30T19:12:00,S02,M000530,store,mobile_payment,1140,0,,false
T000309,2025-01-30T17:01:00,S03,M001106,store,cash,160,0,,false
T000310,2025-01-30T20:49:00,S03,M000903,store,credit_card,145,0,,false
T000311,2025-01-30T20:35:00,S03,M000035,store,credit_card,175,0,,false
T000312,2025-01-30T18:37:00,S03,M000620,store,cash,1500,0,,false
T000313,2025-01-30T15:36:00,S03,,store,credit_card,2477,83,,false
T000314,2025-01-30T12:03:00,S04,M000526,store,cash,1679,0,,false
T000315,2025-01-30T20:40:00,S04,M001045,store,cash,1275,0,,false
T000316,2025-01-30T20:57:00,S05,M000894,store,cash,1050,0,,false
T000317,2025-01-30T21:17:00,S05,M000827,store,mobile_payment,390,0,,false
T000318,2025-01-30T15:10:00,S05,,store,line_pay,900,0,,false
T000319,2025-01-30T21:04:00,S05,,store,cash,1640,0,,false
T000320,2025-01-30T12:51:00,S06,M000255,store,credit_card,160,0,,false
T000321,2025-01-30T15:52:00,S06,,store,cash,2254,106,,false
T000322,2025-01-30T12:02:00,S99,M000457,online,line_pay,550,0,,false
T000323,2025-01-30T09:56:00,S99,,online,credit_card,755,0,,false
T000324,2025-01-31T17:58:00,S02,M000806,store,credit_card,175,0,,false
T000325,2025/01/31 20:18,S02,M000965,store,cash,1090,0,,false
T000326,2025-01-31T12:28:00,S02,,store,credit_card,2035,0,,false
T000327,2025-01-31T20:43:00,S03,M000520,store,credit_card,110,0,,false
T000328,2025-01-31T20:40:00,S03,M000025,store,credit_card,1060,0,,false
T000329,2025-01-31T18:05:00,S04,,store,credit_card,1060,0,,false
T000330,2025-01-31T19:18:00,S05,M000674,store,cash,290,0,,false
T000331,2025-01-31T18:20:00,S05,M000599,store,credit_card,1030,0,,false
T000332,2025-01-31T18:41:00,S06,M000617,store,cash,155,0,,false
T000333,2025-01-31T21:34:00,S06,M000390,store,mobile_payment,110,0,,false
T000334,2025-01-31T20:06:00,S99,M000812,online,credit_card,95,0,,false
T000335,2025-02-01T14:53:00,S01,M001074,store,cash,500,0,,false
T000336,2025-02-01T17:50:00,S01,M001088,store,cash,415,0,,false
T000337,2025-02-01T16:47:00,S01,M000258,store,credit_card,360,0,,false
T000338,2025-02-01T19:50:00,S01,M000630,store,cash,1070,0,,false
T000339,2025-02-01T14:12:00,S03,M000887,store,cash,180,0,,false
T000340,2025-02-01T15:45:00,S03,M001157,store,line_pay,110,0,,false
T000341,2025-02-01T20:42:00,S04,M000771,store,credit_card,175,0,,false
T000342,2025-02-01T19:13:00,S04,M000885,store,cash,1479,0,,false
T000343,2025-02-01T15:33:00,S04,,store,cash,2004,96,,false
T000344,2025-02-01T17:09:00,S04,,store,credit_card,849,26,,false
T000345,2025-02-01T20:41:00,S04,,store,mobile_payment,-140,0,,true
T000346,2025-02-01T14:13:00,S05,M000137,store,cash,95,0,,false
T000347,2025-02-01T20:15:00,S06,M001043,store,mobile_payment,540,0,,false
T000348,2025-02-02T12:59:00,S01,M000858,store,credit_card,405,0,,false
T000349,2025-02-02T17:44:00,S01,M000581,store,cash,390,0,,false
T000350,2025-02-02T19:48:00,S01,M001023,store,credit_card,1865,0,,false
T000351,2025-02-02T11:09:00,S01,,store,line_pay,1960,0,,false
T000352,2025-02-02T12:59:00,S03,M001092,store,mobile_payment,175,0,,false
T000353,2025-02-02T16:47:00,S03,M001065,store,credit_card,160,0,,false
T000354,2025-02-02T20:15:00,S03,,store,cash,480,0,,false
T000355,2025-02-02T20:52:00,S03,,store,line_pay,1625,85,,false
T000356,2025-02-02T12:51:00,S04,M000719,store,line_pay,1600,0,,false
T000357,2025-02-02T14:11:00,S04,,store,mobile_payment,1598,122,,false
T000358,2025-02-02T16:24:00,S05,M000359,store,credit_card,325,0,,false
T000359,2025-02-02T16:47:00,S05,,store,credit_card,2300,0,,false
T000360,2025-02-02T19:23:00,S05,,store,cash,1830,0,,false
T000361,2025-02-02T19:36:00,S06,,store,line_pay,2270,0,,false
T000362,2025-02-02T22:28:00,S99,M000809,online,cash,110,0,,false
T000363,2025-02-03T21:16:00,S01,M000612,store,credit_card,1065,0,,false
T000364,2025-02-03T18:14:00,S01,M000139,store,mobile_payment,465,0,,false
T000365,2025-02-03T19:14:00,S01,M000491,store,mobile_payment,420,0,,false
T000366,2025/02/03 21:36,S01,,store,cash,860,0,,false
T000367,2025-02-03T17:13:00,S02,,store,line_pay,480,0,,false
T000368,2025-02-03T15:59:00,S03,M000974,store,credit_card,70,0,,false
T000369,2025-02-03T21:06:00,S04,M000718,store,cash,690,0,,false
T000370,2025-02-03T21:16:00,S04,,store,credit_card,2226,144,,false
T000371,2025-02-03T17:04:00,S05,,store,credit_card,1940,0,,false
T000372,2025-02-03T20:06:00,S99,M000614,online,credit_card,785,0,,false
T000373,2025-02-03T09:06:00,S99,M000134,online,credit_card,790,0,,false
T000374,2025-02-04T19:32:00,S01,M001014,store,credit_card,345,0,,false
T000375,2025-02-04T21:22:00,S01,,store,credit_card,1400,0,,false
T000376,2025-02-04T18:38:00,S03,M000403,store,cash,125,0,,false
T000377,2025-02-04T12:29:00,S03,M000089,store,credit_card,175,0,,false
T000378,2025-02-04T21:02:00,S03,M000106,store,line_pay,105,0,,false
T000379,2025-02-04T17:42:00,S03,,store,cash,1150,0,,false
T000380,2025-02-04T20:52:00,S04,M000060,store,line_pay,1060,0,,false
T000381,2025-02-04T20:40:00,S04,,store,line_pay,2290,0,,false
T000382,2025-02-04T18:48:00,S05,M000380,store,cash,885,0,,false
T000383,2025-02-04T15:22:00,S05,M000145,store,mobile_payment,1230,0,,false
T000384,2025-02-04T21:20:00,S05,M000837,store,cash,1185,0,,false
T000385,2025-02-04T17:22:00,S06,M000255,store,cash,185,0,,false
T000386,2025-02-04T19:48:00,S06,M000091,store,credit_card,1385,0,,false
T000387,2025-02-04T14:27:00,S99,M000037,online,credit_card,1250,0,,false
T000388,2025-02-05T17:44:00,S01,M001189,store,line_pay,475,0,,false
T000389,2025-02-05T18:04:00,S01,M000339,store,credit_card,425,0,,false
T000390,2025-02-05T11:45:00,S01,M000507,store,credit_card,1980,220,,false
T000391,2025-02-05T17:40:00,S02,M001097,store,credit_card,720,0,,false
T000392,2025-02-05T12:33:00,S02,,store,credit_card,2310,0,,false
T000393,2025-02-05T18:44:00,S03,M000721,store,line_pay,95,0,,false
T000394,2025-02-05T18:03:00,S03,M000728,store,cash,180,0,,false
T000395,2025-02-05T11:28:00,S03,M000960,store,cash,110,0,,false
T000396,2025-02-05T21:43:00,S03,,store,mobile_payment,2875,0,,false
T000397,2025-02-05T18:40:00,S03,,store,line_pay,1210,0,,false
T000398,2025-02-05T19:04:00,S03,,store,credit_card,1515,0,,false
T000399,2025-02-05T11:32:00,S04,M000564,store,credit_card,250,0,,false
T000400,2025-02-05T20:16:00,S04,M000089,store,cash,2209,81,,false
T000401,2025-02-05T11:48:00,S06,M000316,store,credit_card,1510,0,,false
T000402,2025-02-05T21:48:00,S99,M001048,online,line_pay,325,0,,false
T000403,2025-02-06T18:47:00,S01,M001000,store,cash,420,0,,false
T000404,2025-02-06T12:30:00,S01,M000895,store,cash,425,0,,false
T000405,2025-02-06T20:01:00,S03,M000913,store,cash,195,0,,false
T000406,2025-02-06T18:06:00,S03,M000032,store,mobile_payment,110,0,,false
T000407,2025-02-06T19:44:00,S04,,store,credit_card,2405,0,,false
T000408,2025-02-06T21:08:00,S05,M000419,store,credit_card,390,0,,false
T000409,2025-02-06T15:53:00,S05,M000250,store,cash,1090,0,,false
T000410,2025-02-07T19:08:00,S01,M000743,store,credit_card,405,0,,false
T000411,2025-02-07T19:48:00,S01,,store,line_pay,2140,0,,false
T000412,2025-02-07T18:01:00,S01,,store,credit_card,590,0,,false
T000413,2025-02-07T18:08:00,S02,M000965,store,line_pay,1580,0,,false
T000414,2025-02-07T12:27:00,S03,M000052,store,line_pay,35,0,,false
T000415,2025-02-07T17:06:00,S04,M001036,store,line_pay,110,0,,false
T000416,2025-02-07T15:47:00,S04,,store,line_pay,2450,0,,false
T000417,2025-02-07T19:46:00,S06,M000668,store,line_pay,110,0,,false
T000418,2025-02-07T19:45:00,S06,M000929,store,mobile_payment,110,0,,false
T000419,2025-02-07T17:41:00,S06,M001078,store,credit_card,315,0,,false
T000420,2025-02-07T20:13:00,S99,M000809,online,cash,95,0,,false
T000421,2025-02-08T14:25:00,S01,M000229,store,credit_card,195,0,,false
T000422,2025-02-08T20:42:00,S01,M000912,store,mobile_payment,445,0,,false
T000423,2025-02-08T15:51:00,S01,M000273,store,credit_card,430,0,,false
T000424,2025-02-08T20:42:00,S02,M000469,store,cash,175,0,,false
T000425,2025-02-08T14:00:00,S02,M000806,store,credit_card,95,0,,false
T000426,2025-02-08T12:30:00,S02,,store,line_pay,1925,0,,false
T000427,2025-02-08T14:10:00,S03,M000609,store,cash,110,0,,false
T000428,2025-02-08T11:17:00,S03,M000906,store,credit_card,145,0,,false
T000429,2025-02-08T14:45:00,S03,M000610,store,credit_card,105,0,,false
T000430,2025-02-08T14:33:00,S03,M001172,store,cash,145,0,,false
T000431,2025-02-08T19:55:00,S03,M000487,store,line_pay,105,0,,false
T000432,2025-02-08T11:11:00,S04,M000147,store,credit_card,720,0,,false
T000433,2025-02-08T14:18:00,S04,,store,credit_card,1724,191,,false
T000434,2025-02-08T12:09:00,S04,,store,cash,3021,119,,false
T000435,2025-02-08T16:22:00,S04,,store,cash,1182,53,,false
T000436,2025-02-08T14:02:00,S05,M000599,store,cash,175,0,,false
T000437,2025-02-08T11:52:00,S05,M000286,store,credit_card,290,0,,false
T000438,2025-02-08T17:31:00,S05,M000627,store,line_pay,240,0,,false
T000439,2025-02-08T14:53:00,S05,M001099,store,cash,180,0,,false
T000440,2025-02-08T11:14:00,S06,,store,mobile_payment,840,0,,false
T000441,2025-02-08T14:48:00,S99,M000022,online,cash,95,0,,false
T000442,2025/02/09 15:19,S01,M000525,store,credit_card,320,0,,false
T000443,2025-02-09T12:17:00,S01,,store,line_pay,660,0,,false
T000444,2025-02-09T11:07:00,S02,M000323,store,credit_card,500,0,,false
T000445,2025-02-09T15:21:00,S03,M001153,store,cash,125,0,,false
T000446,2025-02-09T17:45:00,S04,M000277,store,line_pay,1679,0,,false
T000447,2025-02-09T14:49:00,S04,M001045,store,credit_card,1125,0,,false
T000448,2025-02-09T19:31:00,S04,M000189,store,cash,770,0,,false
T000449,2025/02/09 19:00,S04,M000837,store,cash,1765,0,,false
T000450,2025/02/09 19:15,S04,,store,credit_card,2045,0,,false
T000451,2025/02/09 20:23,S05,,store,credit_card,2630,0,,false
T000452,2025-02-09T20:45:00,S06,M001118,store,mobile_payment,1220,0,,false
T000453,2025-02-09T19:34:00,S06,,store,credit_card,1740,0,,false
T000454,2025-02-09T20:03:00,S06,,store,mobile_payment,3295,195,,false
T000455,2025-02-09T20:49:00,S99,,online,mobile_payment,1692,188,,false
T000456,2025-02-10T15:21:00,S01,M000795,store,line_pay,400,0,,false
T000457,2025-02-10T21:54:00,S01,M000644,store,credit_card,420,0,,false
T000458,2025-02-10T15:30:00,S01,M000143,store,cash,650,0,,false
T000459,2025-02-10T19:21:00,S01,,store,credit_card,2300,140,,false
T000460,2025-02-10T19:21:00,S01,,store,credit_card,1178,62,,false
T000461,2025-02-10T19:11:00,S02,M000533,store,cash,190,0,,false
T000462,2025-02-10T15:18:00,S03,M001032,store,credit_card,185,0,,false
T000463,2025-02-10T20:37:00,S03,M001180,store,mobile_payment,1280,0,,false
T000464,2025-02-10T19:58:00,S04,,store,line_pay,2063,92,,false
T000465,2025-02-10T17:16:00,S04,,store,line_pay,2230,0,,false
T000466,2025-02-10T11:23:00,S05,M000709,store,cash,755,0,,false
T000467,2025-02-10T19:15:00,S05,M000722,store,cash,340,0,,false
T000468,2025-02-10T17:48:00,S05,M000687,store,credit_card,390,0,,false
T000469,2025-02-10T20:11:00,S05,,store,mobile_payment,1595,0,,false
T000470,2025-02-10T20:55:00,S05,,store,mobile_payment,1675,0,,false
T000471,2025-02-10T15:18:00,S06,M000594,store,credit_card,365,0,,false
T000472,2025-02-11T19:21:00,S01,M000002,store,line_pay,490,0,,false
T000473,2025-02-11T11:17:00,S01,M000959,store,credit_card,925,0,,false
T000474,2025-02-11T20:10:00,S01,,store,cash,960,0,,false
T000475,2025-02-11T18:03:00,S01,,store,credit_card,1815,0,,false
T000476,2025-02-11T11:49:00,S02,M001039,store,cash,110,0,,false
T000477,2025-02-11T20:12:00,S02,M001089,store,credit_card,1390,0,,false
T000478,2025-02-11T17:35:00,S03,M000991,store,cash,145,0,,false
T000479,2025-02-11T18:02:00,S03,M001098,store,cash,90,0,,false
T000480,2025/02/11 20:41,S03,M000032,store,cash,105,0,,false
T000481,2025-02-11T11:42:00,S04,,store,credit_card,480,0,,false
T000482,2025-02-11T18:00:00,S06,M000322,store,credit_card,175,0,,false
T000483,2025-02-11T09:07:00,S99,M000614,online,cash,990,0,,false
T000484,2025-02-11T12:12:00,S99,M000457,online,line_pay,605,0,,false
T000485,2025-02-12T20:28:00,S01,M000515,store,cash,705,0,,false
T000486,2025-02-12T15:00:00,S02,M000318,store,line_pay,175,0,,false
T000487,2025-02-12T15:06:00,S02,M000537,store,cash,95,0,,false
T000488,2025-02-12T12:27:00,S03,M000378,store,line_pay,170,0,,false
T000489,2025-02-12T19:58:00,S03,M000478,store,cash,125,0,,false
T000490,2025-02-12T17:56:00,S03,M000583,store,credit_card,70,0,,false
T000491,2025-02-12T20:21:00,S03,M001134,store,credit_card,400,0,,false
T000492,2025-02-12T15:17:00,S03,,store,cash,1275,0,,false
T000493,2025-02-12T11:39:00,S04,M000001,store,line_pay,110,0,,false
T000494,2025-02-12T11:43:00,S04,,store,line_pay,2449,71,,false
T000495,2025/02/12 17:33,S05,M000379,store,cash,1005,0,,false
T000496,2025-02-12T19:56:00,S05,,store,line_pay,1640,0,,false
T000497,2025-02-12T19:10:00,S06,M000130,store,cash,185,0,,false
T000498,2025-02-13T18:20:00,S01,M000889,store,credit_card,95,0,,false
T000499,2025-02-13T15:17:00,S01,M000898,store,line_pay,445,0,,false
T000500,2025-02-13T20:02:00,S01,M000552,store,line_pay,1000,0,,false
T000501,2025-02-13T21:42:00,S01,,store,cash,2423,87,,false
T000502,2025-02-13T15:40:00,S01,,store,cash,2215,0,,false
T000503,2025-02-13T11:36:00,S02,,store,line_pay,2695,0,,false
T000504,2025-02-13T20:59:00,S03,M000238,store,mobile_payment,105,0,,false
T000505,2025-02-13T20:56:00,S03,M000109,store,credit_card,165,0,,false
T000506,2025-02-13T18:24:00,S03,M001160,store,cash,145,0,,false
T000507,2025-02-13T19:28:00,S04,,store,credit_card,1015,0,,false
T000508,2025-02-13T20:52:00,S06,M000346,store,credit_card,110,0,,false
T000509,2025-02-13T20:08:00,S06,M000673,store,mobile_payment,950,0,,false
T000510,2025-02-13T20:54:00,S99,M000812,online,line_pay,185,0,,false
T000511,2025-02-13T21:38:00,S99,M000737,online,line_pay,160,0,,false
T000512,2025/02/14 11:25,S01,M000354,store,line_pay,415,0,,false
T000513,2025-02-14T20:46:00,S01,M000746,store,cash,445,0,,false
T000514,2025-02-14T20:32:00,S03,M000196,store,credit_card,125,0,,false
T000515,2025-02-14T20:42:00,S03,M000052,store,credit_card,70,0,,false
T000516,2025-02-14T21:38:00,S03,M000518,store,cash,70,0,,false
T000517,2025-02-14T21:31:00,S03,M000823,store,credit_card,165,0,,false
T000518,2025-02-14T20:45:00,S03,,store,cash,1787,198,,false
T000519,2025-02-14T11:01:00,S04,M000440,store,credit_card,1470,0,,false
T000520,2025-02-14T19:29:00,S05,M001146,store,cash,300,0,,false
T000521,2025-02-14T20:40:00,S05,M000827,store,credit_card,270,0,,false
T000522,2025-02-14T12:57:00,S99,M000372,online,mobile_payment,180,0,,false
T000523,2025-02-15T12:04:00,S01,M000955,store,cash,175,0,,false
T000524,2025-02-15T19:16:00,S01,M000225,store,cash,440,0,,false
T000525,2025-02-15T15:23:00,S01,M000895,store,line_pay,590,0,,false
T000526,2025-02-15T16:39:00,S03,M000887,store,cash,35,0,,false
T000527,2025-02-15T11:00:00,S03,M000470,store,cash,1160,0,,false
T000528,2025-02-15T15:46:00,S05,M001158,store,line_pay,240,0,,false
T000529,2025-02-15T14:00:00,S05,M000661,store,line_pay,390,0,,false
T000530,2025-02-15T16:23:00,S05,,store,credit_card,590,0,,false
T000531,2025-02-15T19:20:00,S06,,store,credit_card,1975,0,,false
T000532,2025-02-15T12:53:00,S99,M000867,online,cash,105,0,,false
T000533,2025-02-16T14:39:00,S01,,store,credit_card,-55,0,,true
T000534,2025-02-16T14:26:00,S02,,store,cash,1755,0,,false
T000535,2025-02-16T17:33:00,S02,,store,credit_card,1125,0,,false
T000536,2025/02/16 17:22,S02,,store,cash,1640,0,,false
T000537,2025-02-16T20:53:00,S02,,store,credit_card,2302,68,,false
T000538,2025-02-16T17:01:00,S03,M000106,store,cash,155,0,,false
T000539,2025-02-16T19:56:00,S04,M000492,store,cash,110,0,,false
T000540,2025-02-16T19:11:00,S04,M000079,store,cash,110,0,,false
T000541,2025-02-16T20:37:00,S04,,store,credit_card,2350,0,,false
T000542,2025-02-16T20:53:00,S05,M000605,store,credit_card,335,0,,false
T000543,2025-02-16T16:57:00,S05,M000427,store,credit_card,220,0,,false
T000544,2025-02-16T19:11:00,S05,,store,credit_card,1800,0,,false
T000545,2025-02-16T20:15:00,S06,M000091,store,mobile_payment,225,0,,false
T000546,2025-02-16T21:06:00,S99,M000797,online,credit_card,1180,0,,false
T000547,2025-02-16T12:20:00,S99,M000887,online,credit_card,760,0,,false
T000548,2025-02-17T17:43:00,S01,M001077,store,line_pay,90,0,,false
T000549,2025-02-17T12:05:00,S01,M001008,store,line_pay,475,0,,false
T000550,2025-02-17T19:38:00,S02,M001010,store,credit_card,940,0,,false
T000551,2025-02-17T12:07:00,S02,M001137,store,credit_card,365,0,,false
T000552,2025-02-17T20:04:00,S02,,store,credit_card,2750,0,,false
T000553,2025-02-17T20:41:00,S03,M001153,store,credit_card,70,0,,false
T000554,2025-02-17T19:08:00,S03,M001065,store,cash,180,0,,false
T000555,2025-02-17T12:08:00,S03,M000960,store,mobile_payment,190,0,,false
T000556,2025-02-17T11:26:00,S03,M001054,store,line_pay,155,0,,false
T000557,2025-02-17T20:36:00,S03,,store,credit_card,2104,56,,false
T000558,2025-02-17T19:54:00,S05,M000380,store,credit_card,220,0,,false
T000559,2025-02-17T12:51:00,S06,M000767,store,credit_card,130,0,,false
T000560,2025-02-17T19:07:00,S06,M000439,store,mobile_payment,180,0,,false
T000561,2025-02-17T20:03:00,S99,M000362,online,line_pay,2580,0,,false
T000562,2025-02-17T09:08:00,S99,M001177,online,cash,600,0,,false
T000563,2025-02-18T18:09:00,S01,M001007,store,credit_card,200,0,,false
T000564,2025-02-18T20:50:00,S01,M000612,store,cash,335,0,,false
T000565,2025-02-18T18:11:00,S01,M001113,store,cash,455,0,,false
T000566,2025-02-18T19:11:00,S01,M000007,store,cash,470,0,,false
T000567,2025-02-18T15:24:00,S02,M000369,store,credit_card,155,0,,false
T000568,2025-02-18T12:11:00,S02,M000392,store,credit_card,110,0,,false
T000569,2025-02-18T20:47:00,S03,M000977,store,credit_card,35,0,,false
T000570,2025-02-18T19:20:00,S03,M000478,store,cash,105,0,,false
T000571,2025-02-18T21:52:00,S03,M000035,store,line_pay,105,0,,false
T000572,2025/02/18 17:03,S03,M001167,store,mobile_payment,110,0,,false
T000573,2025-02-18T20:57:00,S03,M001172,store,credit_card,130,0,,false
T000574,2025-02-18T17:05:00,S03,M000453,store,cash,110,0,,false
T000575,2025-02-18T19:59:00,S03,M000620,store,cash,1160,0,,false
T000576,2025-02-18T12:19:00,S04,M000531,store,credit_card,95,0,,false
T000577,2025-02-18T17:40:00,S04,M000519,store,credit_card,1510,0,,false
T000578,2025-02-18T12:53:00,S05,M000034,store,cash,875,0,,false
T000579,2025-02-18T21:26:00,S05,,store,line_pay,1275,0,,false
T000580,2025-02-18T14:25:00,S99,M000521,online,mobile_payment,110,0,,false
T000581,2025-02-18T14:53:00,S99,M000742,online,credit_card,925,0,,false
T000582,2025-02-18T09:31:00,S99,M000821,online,credit_card,750,0,,false
T000583,2025-02-19T15:50:00,S01,M000798,store,line_pay,400,0,,false
T000584,2025-02-19T19:19:00,S01,M000329,store,cash,330,0,,false
T000585,2025-02-19T11:02:00,S01,M001088,store,cash,420,0,,false
T000586,2025-02-19T18:30:00,S01,,store,cash,2723,167,,false
T000587,2025-02-19T12:55:00,S01,,store,cash,1661,144,,false
T000588,2025-02-19T19:59:00,S03,M001046,store,cash,165,0,,false
T000589,2025/02/19 15:02,S03,M000378,store,line_pay,110,0,,false
T000590,2025-02-19T11:01:00,S03,M000195,store,credit_card,70,0,,false
T000591,2025-02-19T18:07:00,S03,M000937,store,mobile_payment,110,0,,false
T000592,2025-02-19T19:49:00,S03,M000190,store,credit_card,160,0,,false
T000593,2025-02-19T19:00:00,S03,M000169,store,credit_card,110,0,,false
T000594,2025-02-19T19:42:00,S04,M000526,store,mobile_payment,1379,0,,false
T000595,2025-02-19T11:22:00,S04,,store,cash,2201,39,,false
T000596,2025-02-19T19:28:00,S04,,store,cash,2600,0,,false
T000597,2025-02-19T21:09:00,S05,M000868,store,mobile_payment,130,0,,false
T000598,2025-02-19T19:19:00,S05,M000136,store,cash,125,0,,false
T000599,2025-02-19T21:08:00,S05,M000627,store,credit_card,275,0,,false
T000600,2025-02-19T21:40:00,S05,,store,cash,2860,150,,false
T000601,2025-02-19T20:41:00,S06,M000810,store,mobile_payment,90,0,,false
T000602,2025-02-19T22:08:00,S99,M000170,online,mobile_payment,185,0,,false
T000603,2025-02-20T15:42:00,S01,M001073,store,credit_card,1005,0,,false
T000604,2025-02-20T20:15:00,S01,M001014,store,credit_card,320,0,,false
T000605,2025-02-20T21:46:00,S01,M000016,store,line_pay,505,0,,false
T000606,2025-02-20T12:21:00,S01,M000273,store,cash,390,0,,false
T000607,2025-02-20T15:04:00,S01,M001189,store,line_pay,-110,0,,true
T000608,2025-02-20T19:35:00,S02,M000691,store,credit_card,130,0,,false
T000609,2025-02-20T17:42:00,S02,,store,cash,1940,0,,false
T000610,2025-02-20T20:39:00,S02,,store,credit_card,1887,98,,false
T000611,2025-02-20T11:16:00,S03,M000308,store,mobile_payment,70,0,,false
T000612,2025-02-20T12:40:00,S03,M000256,store,line_pay,195,0,,false
T000613,2025-02-20T11:46:00,S03,M000598,store,line_pay,175,0,,false
T000614,2025-02-20T11:00:00,S03,M000452,store,line_pay,110,0,,false
T000615,2025-02-20T20:48:00,S04,M001020,store,credit_card,1300,0,,false
T000616,2025-02-20T17:31:00,S04,,store,cash,1663,87,,false
T000617,2025-02-20T17:23:00,S05,M000129,store,mobile_payment,175,0,,false
T000618,2025-02-20T20:54:00,S06,M000083,store,credit_card,940,0,,false
T000619,2025-02-20T14:57:00,S99,M000659,online,cash,485,0,,false
T000620,2025-02-21T12:36:00,S01,M000795,store,cash,370,0,,false
T000621,2025-02-21T17:45:00,S01,M000139,store,credit_card,395,0,,false
T000622,2025-02-21T12:30:00,S01,M000305,store,cash,940,0,,false
T000623,2025-02-21T21:04:00,S02,M001048,store,cash,880,0,,false
T000624,2025-02-21T19:53:00,S03,M000991,store,cash,160,0,,false
T000625,2025-02-21T20:06:00,S03,M000090,store,line_pay,165,0,,false
T000626,2025-02-21T21:26:00,S03,M000903,store,cash,130,0,,false
T000627,2025-02-21T15:24:00,S03,M000982,store,credit_card,175,0,,false
T000628,2025-02-21T19:55:00,S03,M000877,store,credit_card,105,0,,false
T000629,2025-02-21T19:53:00,S04,M000771,store,cash,160,0,,false
T000630,2025-02-21T19:50:00,S04,M000719,store,cash,1120,0,,false
T000631,2025-02-21T17:23:00,S04,,store,line_pay,2390,125,,false
T000632,2025-02-21T19:04:00,S05,M000137,store,credit_card,95,0,,false
T000633,2025-02-21T21:40:00,S05,M000643,store,cash,1480,0,,false
T000634,2025-02-21T11:45:00,S05,M000313,store,line_pay,990,0,,false
T000635,2025-02-21T18:35:00,S05,M000421,store,credit_card,1370,0,,false
T000636,2025-02-21T18:10:00,S05,,store,cash,1450,0,,false
T000637,2025-02-21T19:08:00,S05,,store,credit_card,1973,77,,false
T000638,2025-02-21T19:48:00,S05,,store,cash,1760,0,,false
T000639,2025-02-21T20:28:00,S06,M000390,store,credit_card,190,0,,false
T000640,2025-02-21T14:35:00,S99,M000860,online,cash,380,0,,false
T000641,2025-02-21T21:17:00,S99,M000599,online,cash,1360,0,,false
T000642,2025-02-22T12:30:00,S01,M000039,store,credit_card,485,0,,false
T000643,2025-02-22T14:02:00,S02,M001049,store,cash,620,0,,false
T000644,2025-02-22T20:24:00,S02,,store,credit_card,2110,0,,false
T000645,2025-02-22T12:40:00,S03,M001092,store,line_pay,125,0,,false
T000646,2025-02-22T20:01:00,S03,M000167,store,cash,70,0,,false
T000647,2025-02-22T12:44:00,S03,M000097,store,cash,70,0,,false
T000648,2025-02-22T20:31:00,S03,,store,cash,1170,0,,false
T000649,2025-02-22T15:01:00,S04,M000885,store,cash,1439,0,,false
T000650,2025-02-22T20:18:00,S04,M000372,store,line_pay,1770,0,,false
T000651,2025-02-22T17:54:00,S04,M001046,store,line_pay,2610,0,,false
T000652,2025-02-22T14:36:00,S04,,store,cash,2237,188,,false
T000653,2025-02-22T20:41:00,S04,,store,cash,1395,0,,false
T000654,2025-02-22T19:55:00,S05,M000687,store,line_pay,310,0,,false
T000655,2025-02-22T14:15:00,S05,M000419,store,cash,310,0,,false
T000656,2025-02-23T12:01:00,S01,M001124,store,line_pay,180,0,,false
T000657,2025-02-23T17:34:00,S01,M000723,store,line_pay,430,0,,false
T000658,2025-02-23T20:43:00,S01,M000746,store,credit_card,475,0,,false
T000659,2025-02-23T19:53:00,S01,,store,cash,1420,0,,false
T000660,2025-02-23T20:15:00,S02,M000318,store,credit_card,110,0,,false
T000661,2025-02-23T17:05:00,S02,M000480,store,credit_card,1440,0,,false
T000662,2025-02-23T15:55:00,S02,,store,mobile_payment,1030,0,,false
T000663,2025-02-23T19:22:00,S03,M000547,store,cash,185,0,,false
T000664,2025-02-23T12:07:00,S03,M001145,store,credit_card,175,0,,false
T000665,2025-02-23T19:35:00,S03,M000496,store,credit_card,160,0,,false
T000666,2025-02-23T20:47:00,S03,M000470,store,credit_card,1240,0,,false
T000667,2025-02-23T19:48:00,S04,M000189,store,cash,610,0,,false
T000668,2025-02-23T15:00:00,S04,,store,cash,2220,0,,false
T000669,2025-02-23T14:15:00,S05,M000379,store,mobile_payment,1380,0,,false
T000670,2025-02-23T14:46:00,S05,,store,line_pay,2620,0,,false
T000671,2025-02-23T14:01:00,S06,,store,line_pay,1195,0,,false
T000672,2025-02-24T18:17:00,S01,M000192,store,mobile_payment,290,0,,false
T000673,2025-02-24T21:42:00,S01,,store,line_pay,2510,0,,false
T000674,2025-02-24T12:14:00,S02,,store,credit_card,2470,0,,false
T000675,2025-02-24T21:59:00,S03,M000995,store,cash,35,0,,false
T000676,2025-02-24T19:44:00,S03,M000435,store,line_pay,1390,0,,false
T000677,2025-02-24T11:43:00,S03,,store,cash,1560,0,,false
T000678,2025-02-24T18:47:00,S04,M000859,store,credit_card,1599,0,,false
T000679,2025-02-24T21:37:00,S05,M000709,store,credit_card,205,0,,false
T000680,2025-02-24T20:07:00,S05,M000894,store,cash,200,0,,false
T000681,2025-02-24T19:34:00,S05,M000434,store,cash,1070,0,,false
T000682,2025-02-24T21:46:00,S05,,store,credit_card,1035,0,,false
T000683,2025/02/24 12:12,S99,M000049,online,mobile_payment,1560,0,,false
T000684,2025-02-25T20:14:00,S01,M000354,store,mobile_payment,470,0,,false
T000685,2025-02-25T20:29:00,S01,M000396,store,cash,320,0,,false
T000686,2025-02-25T17:54:00,S01,M000195,store,cash,1394,66,,false
T000687,2025-02-25T20:24:00,S01,,store,credit_card,960,0,,false
T000688,2025-02-25T19:07:00,S02,M000968,store,credit_card,160,0,,false
T000689,2025-02-25T18:57:00,S02,M000530,store,line_pay,1445,0,,false
T000690,2025-02-25T19:26:00,S02,M000227,store,cash,610,0,,false
T000691,2025-02-25T19:00:00,S02,,store,cash,480,0,,false
T000692,2025-02-25T21:16:00,S02,,store,credit_card,1950,0,,false
T000693,2025-02-25T19:10:00,S03,M001098,store,credit_card,100,0,,false
T000694,2025-02-25T21:33:00,S03,M000568,store,mobile_payment,650,0,,false
T000695,2025-02-25T12:28:00,S04,M000717,store,cash,1970,0,,false
T000696,2025-02-25T18:27:00,S05,,store,cash,1794,96,,false
T000697,2025-02-25T18:41:00,S06,M000929,store,cash,145,0,,false
T000698,2025-02-25T17:01:00,S06,,store,mobile_payment,2886,109,,false
T000699,2025-02-25T20:27:00,S99,M000022,online,credit_card,95,0,,false
T000700,2025-02-26T19:42:00,S02,M000469,store,cash,110,0,,false
T000701,2025-02-26T11:39:00,S02,M000980,store,line_pay,995,0,,false
T000702,2025-02-26T17:08:00,S03,M000465,store,cash,185,0,,false
T000703,2025-02-26T19:21:00,S03,M000721,store,cash,35,0,,false
T000704,2025-02-26T18:20:00,S03,M000403,store,line_pay,70,0,,false
T000705,2025-02-26T20:18:00,S03,M000518,store,credit_card,95,0,,false
T000706,2025-02-26T20:10:00,S03,M000772,store,mobile_payment,940,0,,false
T000707,2025-02-26T18:42:00,S04,M000519,store,credit_card,255,0,,false
T000708,2025-02-26T21:12:00,S04,M000277,store,cash,1179,0,,false
T000709,2025-02-26T17:01:00,S05,M000359,store,cash,390,0,,false
T000710,2025-02-26T19:07:00,S05,M000145,store,credit_card,1575,0,,false
T000711,2025-02-26T11:53:00,S06,M000810,store,cash,105,0,,false
T000712,2025-02-26T19:46:00,S06,M000886,store,cash,370,0,,false
T000713,2025-02-26T12:00:00,S99,M000415,online,credit_card,1315,0,,false
T000714,2025-02-27T11:45:00,S01,M000229,store,mobile_payment,95,0,,false
T000715,2025-02-27T15:52:00,S01,M000491,store,line_pay,315,0,,false
T000716,2025-02-27T20:10:00,S01,M000522,store,credit_card,1070,0,,false
T000717,2025-02-27T19:41:00,S01,,store,cash,1980,0,,false
T000718,2025-02-27T12:50:00,S03,M000799,store,credit_card,110,0,,false
T000719,2025-02-27T19:57:00,S03,M000319,store,line_pay,110,0,,false
T000720,2025-02-27T18:51:00,S03,M000906,store,cash,105,0,,false
T000721,2025-02-27T21:12:00,S03,M001160,store,credit_card,35,0,,false
T000722,2025-02-27T15:20:00,S03,,store,credit_card,1676,44,,false
T000723,2025-02-27T18:36:00,S04,M000440,store,mobile_payment,300,0,,false
T000724,2025/02/27 15:47,S04,M001066,store,cash,985,0,,false
T000725,2025-02-27T18:23:00,S05,M000286,store,credit_card,1345,0,,false
T000726,2025-02-27T12:52:00,S05,M000264,store,line_pay,1100,0,,false
T000727,2025-02-27T12:33:00,S05,,store,line_pay,2155,0,,false
T000728,2025-02-27T17:53:00,S06,M000527,store,mobile_payment,195,0,,false
T000729,2025-02-28T21:30:00,S01,M000002,store,cash,370,0,,false
T000730,2025-02-28T21:38:00,S01,M000007,store,credit_card,475,0,,false
T000731,2025-02-28T12:25:00,S01,M001155,store,cash,1150,0,,false
T000732,2025-02-28T17:24:00,S01,,store,cash,960,0,,false
T000733,2025-02-28T17:14:00,S01,,store,mobile_payment,1690,0,,false
T000734,2025/02/28 20:22,S03,M000962,store,credit_card,110,0,,false
T000735,2025-02-28T19:23:00,S03,M000609,store,credit_card,90,0,,false
T000736,2025-02-28T19:28:00,S03,M000728,store,credit_card,180,0,,false
T000737,2025-02-28T11:07:00,S03,M001090,store,line_pay,35,0,,false
T000738,2025-02-28T15:41:00,S03,M000961,store,cash,140,0,,false
T000739,2025-02-28T11:51:00,S03,M000295,store,cash,105,0,,false
T000740,2025-02-28T18:01:00,S03,M000841,store,cash,665,0,,false
T000741,2025-02-28T18:29:00,S03,,store,line_pay,2855,0,,false
T000742,2025-02-28T20:46:00,S04,M001036,store,line_pay,155,0,,false
T000743,2025/02/28 15:21,S04,M000060,store,cash,760,0,,false
T000744,2025-02-28T20:59:00,S04,,store,mobile_payment,1745,0,,false
T000745,2025-02-28T20:50:00,S05,,store,mobile_payment,2440,0,,false
T000746,2025-02-28T12:29:00,S06,M000083,store,mobile_payment,175,0,,false
T000747,2025-02-28T18:09:00,S06,,store,credit_card,1252,43,,false
T000748,2025-02-28T20:26:00,S99,M000614,online,mobile_payment,820,0,,false
T000749,2025-02-28T21:26:00,S99,,online,line_pay,960,0,,false
T000750,2025-03-01T16:33:00,S01,M000506,store,line_pay,160,0,,false
T000751,2025-03-01T19:08:00,S01,M000072,store,line_pay,480,0,,false
T000752,2025-03-01T19:38:00,S02,M001144,store,line_pay,110,0,,false
T000753,2025-03-01T14:43:00,S02,M001097,store,credit_card,815,0,,false
T000754,2025-03-01T11:06:00,S03,M000230,store,cash,175,0,,false
T000755,2025-03-01T11:58:00,S03,,store,line_pay,2340,0,,false
T000756,2025-03-01T19:58:00,S03,,store,cash,2131,69,,false
T000757,2025-03-01T16:10:00,S05,M000427,store,cash,320,0,,false
T000758,2025-03-01T16:05:00,S05,M001099,store,cash,290,0,,false
T000759,2025-03-01T14:44:00,S05,M000785,store,cash,790,0,,false
T000760,2025-03-01T11:51:00,S05,,store,credit_card,1590,0,,false
T000761,2025-03-01T16:55:00,S06,M000992,store,mobile_payment,1120,0,,false
T000762,2025-03-02T19:22:00,S01,,store,cash,2045,115,,false
T000763,2025-03-02T19:56:00,S02,M000243,store,cash,145,0,,false
T000764,2025-03-02T17:07:00,S03,M000174,store,line_pay,70,0,,false
T000765,2025-03-02T16:43:00,S03,M000452,store,mobile_payment,145,0,,false
T000766,2025-03-02T11:01:00,S03,,store,cash,1135,0,,false
T000767,2025-03-02T19:59:00,S04,M000197,store,credit_card,1475,0,,false
T000768,2025-03-02T19:08:00,S06,M000475,store,credit_card,175,0,,false
T000769,2025-03-02T20:04:00,S06,M000316,store,cash,240,0,,false
T000770,2025-03-03T11:40:00,S01,M000689,store,cash,110,0,,false
T000771,2025-03-03T17:50:00,S01,M000201,store,credit_card,385,0,,false
T000772,2025-03-03T19:22:00,S03,M000057,store,credit_card,135,0,,false
T000773,2025-03-03T18:23:00,S04,,store,credit_card,1965,0,,false
T000774,2025-03-03T20:04:00,S04,,store,cash,1055,0,,false
T000775,2025-03-03T18:25:00,S05,M000868,store,cash,170,0,,false
T000776,2025-03-03T15:17:00,S05,,store,mobile_payment,2160,0,,false
T000777,2025-03-03T20:01:00,S06,M000767,store,cash,110,0,,false
T000778,2025-03-04T11:03:00,S01,M000408,store,cash,145,0,,false
T000779,2025-03-04T19:42:00,S01,M001070,store,line_pay,325,0,,false
T000780,2025-03-04T15:00:00,S01,M000912,store,cash,380,0,,false
T000781,2025-03-04T15:07:00,S01,M000428,store,credit_card,605,0,,false
T000782,2025-03-04T12:16:00,S02,M000369,store,line_pay,190,0,,false
T000783,2025-03-04T19:35:00,S02,M000805,store,credit_card,130,0,,false
T000784,2025-03-04T21:38:00,S02,M000347,store,credit_card,110,0,,false
T000785,2025-03-04T21:43:00,S03,M000458,store,credit_card,140,0,,false
T000786,2025-03-04T17:08:00,S03,M000982,store,line_pay,70,0,,false
T000787,2025-03-04T20:32:00,S03,M000583,store,line_pay,105,0,,false
T000788,2025-03-04T15:08:00,S03,M000996,store,mobile_payment,95,0,,false
T000789,2025-03-04T17:57:00,S03,M000496,store,cash,160,0,,false
T000790,2025-03-04T12:30:00,S03,,store,line_pay,890,0,,false
T000791,2025-03-04T18:52:00,S04,M000782,store,credit_card,110,0,,false
T000792,2025-03-04T15:41:00,S04,M000531,store,cash,175,0,,false
T000793,2025-03-04T17:30:00,S04,M000070,store,cash,1690,0,,false
T000794,2025-03-04T19:33:00,S04,M001012,store,mobile_payment,940,0,,false
T000795,2025-03-04T15:04:00,S05,M001179,store,line_pay,110,0,,false
T000796,2025-03-04T21:13:00,S99,M001097,online,credit_card,2405,0,,false
T000797,2025-03-05T15:18:00,S01,M000789,store,line_pay,385,0,,false
T000798,2025-03-05T15:00:00,S01,M001113,store,mobile_payment,455,0,,false
T000799,2025-03-05T20:28:00,S01,,store,credit_card,1885,0,,false
T000800,2025-03-05T12:42:00,S02,M001125,store,line_pay,1100,0,,false
T000801,2025-03-05T18:40:00,S03,M000031,store,line_pay,105,0,,false
T000802,2025-03-05T21:42:00,S03,M000598,store,mobile_payment,35,0,,false
T000803,2025-03-05T18:37:00,S04,M000752,store,cash,860,0,,false
T000804,2025-03-05T17:50:00,S04,,store,credit_card,1311,24,,false
T000805,2025-03-05T18:47:00,S05,M000674,store,line_pay,1380,0,,false
T000806,2025-03-05T12:37:00,S05,M000385,store,line_pay,390,0,,false
T000807,2025-03-05T19:08:00,S06,M000322,store,credit_card,165,0,,false
T000808,2025-03-05T20:33:00,S99,M000261,online,credit_card,750,0,,false
T000809,2025-03-06T18:27:00,S01,M000963,store,credit_card,155,0,,false
T000810,2025-03-06T21:12:00,S01,,store,line_pay,1570,0,,false
T000811,2025-03-06T18:41:00,S01,,store,mobile_payment,1808,157,,false
T000812,2025-03-06T21:39:00,S02,M000691,store,credit_card,90,0,,false
T000813,2025-03-06T17:26:00,S02,M000375,store,credit_card,1380,0,,false
T000814,2025-03-06T12:47:00,S03,M000748,store,cash,130,0,,false
T000815,2025-03-06T12:10:00,S03,M000162,store,credit_card,130,0,,false
T000816,2025-03-06T17:51:00,S03,M000009,store,credit_card,70,0,,false
T000817,2025-03-06T20:59:00,S04,M000657,store,cash,840,0,,false
T000818,2025-03-06T12:53:00,S04,M001097,store,cash,1878,132,,false
T000819,2025-03-06T21:15:00,S05,M001121,store,line_pay,450,0,,false
T000820,2025-03-06T15:26:00,S06,M000708,store,line_pay,160,0,,false
T000821,2025-03-07T12:10:00,S01,M001073,store,line_pay,365,0,,false
T000822,2025-03-07T17:35:00,S01,M000836,store,cash,355,0,,false
T000823,2025-03-07T19:30:00,S01,,store,cash,1520,40,,false
T000824,2025-03-07T20:56:00,S02,M000392,store,cash,160,0,,false
T000825,2025-03-07T15:30:00,S02,M000573,store,mobile_payment,70,0,,false
T000826,2025-03-07T15:31:00,S02,M000417,store,credit_card,850,0,,false
T000827,2025-03-07T15:24:00,S02,,store,mobile_payment,1930,0,,false
T000828,2025-03-07T20:27:00,S03,M000196,store,line_pay,145,0,,false
T000829,2025-03-07T12:28:00,S03,M001050,store,credit_card,90,0,,false
T000830,2025-03-07T11:09:00,S03,M000203,store,cash,105,0,,false
T000831,2025-03-07T11:28:00,S03,M000463,store,cash,180,0,,false
T000832,2025-03-07T20:59:00,S05,M001102,store,credit_card,950,0,,false
T000833,2025-03-07T17:56:00,S05,,store,mobile_payment,2430,0,,false
T000834,2025-03-07T20:38:00,S06,M000750,store,cash,155,0,,false
T000835,2025-03-07T17:07:00,S06,M000992,store,line_pay,780,0,,false
T000836,2025-03-07T15:26:00,S06,,store,cash,1115,0,,false
T000837,2025-03-08T20:36:00,S01,M000798,store,line_pay,590,0,,false
T000838,2025-03-08T20:00:00,S01,,store,cash,2560,0,,false
T000839,2025-03-08T20:19:00,S02,M000467,store,mobile_payment,950,0,,false
T000840,2025-03-08T11:47:00,S03,M000183,store,cash,35,0,,false
T000841,2025/03/08 14:23,S03,M000974,store,credit_card,160,0,,false
T000842,2025-03-08T16:17:00,S03,M000274,store,credit_card,635,0,,false
T000843,2025-03-08T12:55:00,S04,M000260,store,cash,750,0,,false
T000844,2025-03-08T11:52:00,S04,M000277,store,credit_card,-260,0,,true
T000845,2025-03-08T17:45:00,S04,,store,mobile_payment,1809,61,,false
T000846,2025-03-08T14:49:00,S04,,store,mobile_payment,2945,0,,false
T000847,2025-03-08T12:03:00,S04,,store,cash,1490,0,,false
T000848,2025-03-08T16:24:00,S05,M000661,store,credit_card,340,0,,false
T000849,2025-03-08T15:17:00,S05,,store,line_pay,2085,45,,false
T000850,2025-03-08T16:16:00,S06,M000576,store,credit_card,185,0,,false
T000851,2025-03-08T11:50:00,S06,M000439,store,cash,160,0,,false
T000852,2025-03-08T17:25:00,S06,M000346,store,line_pay,105,0,,false
T000853,2025-03-08T14:03:00,S06,,store,cash,1775,0,,false
T000854,2025-03-08T15:08:00,S06,,store,line_pay,1190,0,,false
T000855,2025-03-08T14:30:00,S99,M000301,online,mobile_payment,1490,0,,false
T000856,2025-03-08T12:11:00,S99,,online,mobile_payment,1200,0,,false
T000857,2025-03-09T20:34:00,S01,M000955,store,line_pay,130,0,,false
T000858,2025-03-09T12:16:00,S01,M000917,store,credit_card,1530,0,,false
T000859,2025-03-09T20:44:00,S02,M000744,store,cash,160,0,,false
T000860,2025-03-09T12:42:00,S03,M000177,store,cash,125,0,,false
T000861,2025-03-09T20:15:00,S03,M000786,store,line_pay,95,0,,false
T000862,2025-03-09T14:06:00,S03,M000513,store,credit_card,145,0,,false
T000863,2025-03-09T20:27:00,S03,M000109,store,cash,185,0,,false
T000864,2025-03-09T15:39:00,S03,,store,mobile_payment,1360,0,,false
T000865,2025-03-09T15:50:00,S04,M001097,store,cash,1105,0,,false
T000866,2025-03-09T17:40:00,S04,,store,credit_card,3460,0,,false
T000867,2025-03-09T11:18:00,S04,,store,cash,3020,0,,false
T000868,2025-03-09T15:53:00,S05,M001146,store,line_pay,300,0,,false
T000869,2025-03-09T15:15:00,S05,,store,line_pay,1511,29,,false
T000870,2025-03-09T14:35:00,S99,M000306,online,line_pay,155,0,,false
T000871,2025-03-09T12:33:00,S99,M000049,online,cash,1055,0,,false
T000872,2025-03-10T19:27:00,S01,M000139,store,cash,590,0,,false
T000873,2025-03-10T19:19:00,S01,M001040,store,cash,900,0,,false
T000874,2025-03-10T19:51:00,S02,M000507,store,mobile_payment,1325,0,,false
T000875,2025-03-10T19:21:00,S03,M000616,store,credit_card,105,0,,false
T000876,2025-03-10T20:32:00,S03,M000977,store,cash,175,0,,false
T000877,2025-03-10T12:43:00,S03,M000436,store,cash,130,0,,false
T000878,2025-03-10T12:32:00,S03,M000610,store,credit_card,155,0,,false
T000879,2025-03-10T11:34:00,S03,M000435,store,cash,1105,0,,false
T000880,2025-03-10T21:29:00,S04,M000492,store,credit_card,110,0,,false
T000881,2025-03-10T20:12:00,S04,M000021,store,credit_card,1439,0,,false
T000882,2025-03-10T11:55:00,S04,,store,cash,1807,188,,false
T000883,2025-03-10T20:41:00,S05,M000605,store,line_pay,450,0,,false
T000884,2025-03-10T21:29:00,S05,M001161,store,credit_card,1200,0,,false
T000885,2025-03-10T21:34:00,S06,M000018,store,cash,100,0,,false
T000886,2025-03-10T20:14:00,S06,M001170,store,cash,995,0,,false
T000887,2025-03-10T21:59:00,S99,M001097,online,cash,715,0,,false
T000888,2025-03-11T21:44:00,S01,M000429,store,line_pay,400,0,,false
T000889,2025-03-11T20:19:00,S01,M000072,store,cash,475,0,,false
T000890,2025-03-11T12:53:00,S01,M001154,store,cash,385,0,,false
T000891,2025-03-11T19:40:00,S01,M000223,store,cash,455,0,,false
T000892,2025-03-11T11:49:00,S03,M000105,store,mobile_payment,35,0,,false
T000893,2025-03-11T20:06:00,S03,M000199,store,mobile_payment,170,0,,false
T000894,2025-03-11T20:53:00,S03,M000221,store,line_pay,95,0,,false
T000895,2025-03-11T20:36:00,S03,M001095,store,credit_card,105,0,,false
T000896,2025-03-11T19:27:00,S03,M000097,store,credit_card,105,0,,false
T000897,2025-03-11T21:09:00,S04,M000526,store,cash,1359,0,,false
T000898,2025-03-11T21:45:00,S05,M000313,store,credit_card,180,0,,false
T000899,2025-03-11T12:49:00,S05,,store,line_pay,-260,0,,true
T000900,2025-03-11T19:34:00,S06,M000365,store,credit_card,100,0,,false
T000901,2025-03-11T20:23:00,S06,M000096,store,cash,615,0,,false
T000902,2025-03-11T17:35:00,S06,,store,mobile_payment,1584,176,,false
T000903,2025-03-12T12:25:00,S01,M001077,store,cash,130,0,,false
T000904,2025-03-12T20:27:00,S02,M001006,store,credit_card,175,0,,false
T000905,2025-03-12T12:25:00,S03,M000465,store,cash,35,0,,false
T000906,2025-03-12T15:50:00,S03,M000090,store,cash,110,0,,false
T000907,2025-03-12T20:20:00,S03,M000057,store,credit_card,160,0,,false
T000908,2025-03-12T19:59:00,S03,M000877,store,cash,135,0,,false
T000909,2025-03-12T20:50:00,S03,,store,line_pay,1818,202,,false
T000910,2025-03-12T19:37:00,S04,M000412,store,cash,110,0,,false
T000911,2025-03-12T19:13:00,S04,M001012,store,line_pay,1210,0,,false
T000912,2025-03-12T21:20:00,S05,M000129,store,mobile_payment,155,0,,false
T000913,2025-03-12T15:50:00,S05,M001082,store,line_pay,110,0,,false
T000914,2025-03-12T21:26:00,S05,M000938,store,cash,310,0,,false
T000915,2025-03-12T15:07:00,S06,M000984,store,credit_card,1490,0,,false
T000916,2025-03-12T21:24:00,S06,,store,line_pay,643,57,,false
T000917,2025-03-13T12:49:00,S01,,store,credit_card,1022,53,,false
T000918,2025-03-13T18:17:00,S02,M000549,store,cash,175,0,,false
T000919,2025-03-13T12:23:00,S03,M000185,store,mobile_payment,160,0,,false
T000920,2025-03-13T12:26:00,S03,M001071,store,line_pay,35,0,,false
T000921,2025-03-13T20:02:00,S03,M000453,store,credit_card,105,0,,false
T000922,2025-03-13T11:05:00,S04,M000885,store,cash,1418,0,,false
T000923,2025-03-13T19:28:00,S05,M000976,store,cash,140,0,,false
T000924,2025-03-13T15:53:00,S05,M000494,store,credit_card,870,0,,false
T000925,2025-03-13T14:05:00,S99,M000867,online,cash,180,0,,false
T000926,2025-03-14T19:44:00,S01,,store,credit_card,960,0,,false
T000927,2025-03-14T20:12:00,S02,M000854,store,credit_card,160,0,,false
T000928,2025-03-14T17:58:00,S02,M000227,store,mobile_payment,350,0,,false
T000929,2025-03-14T17:29:00,S02,,store,credit_card,2080,0,,false
T000930,2025-03-14T18:36:00,S02,,store,credit_card,1370,0,,false
T000931,2025/03/14 21:28,S02,,store,cash,1704,111,,false
T000932,2025-03-14T17:59:00,S03,M000799,store,line_pay,105,0,,false
T000933,2025-03-14T15:14:00,S03,M000081,store,cash,70,0,,false
T000934,2025-03-14T20:59:00,S03,M000830,store,line_pay,35,0,,false
T000935,2025-03-14T17:38:00,S03,M000256,store,credit_card,105,0,,false
T000936,2025-03-14T19:30:00,S03,M000447,store,cash,35,0,,false
T000937,2025-03-14T20:41:00,S03,M000190,store,mobile_payment,175,0,,false
T000938,2025-03-14T19:57:00,S03,M000677,store,cash,35,0,,false
T000939,2025-03-14T15:56:00,S03,M001054,store,credit_card,165,0,,false
T000940,2025-03-14T19:22:00,S04,,store,credit_card,1246,49,,false
T000941,2025/03/14 20:22,S05,,store,cash,1853,97,,false
T000942,2025-03-14T19:15:00,S06,M000475,store,cash,110,0,,false
T000943,2025-03-14T19:02:00,S06,,store,line_pay,1475,0,,false
T000944,2025-03-14T20:41:00,S99,M000205,online,credit_card,1180,0,,false
T000945,2025-03-15T14:55:00,S01,M000835,store,line_pay,95,0,,false
T000946,2025-03-15T16:58:00,S01,M000612,store,cash,1110,0,,false
T000947,2025-03-15T19:29:00,S01,M000039,store,cash,405,0,,false
T000948,2025-03-15T15:18:00,S01,M000428,store,line_pay,290,0,,false
T000949,2025-03-15T20:42:00,S02,M000202,store,cash,160,0,,false
T000950,2025-03-15T15:06:00,S02,M000805,store,cash,90,0,,false
T000951,2025-03-15T14:33:00,S02,M000744,store,cash,160,0,,false
T000952,2025-03-15T15:39:00,S02,,store,credit_card,1935,0,,false
T000953,2025-03-15T15:55:00,S03,M000736,store,line_pay,145,0,,false
T000954,2025-03-15T19:27:00,S03,M000140,store,credit_card,145,0,,false
T000955,2025-03-15T14:56:00,S03,M000031,store,credit_card,145,0,,false
T000956,2025-03-15T19:27:00,S03,M001090,store,cash,180,0,,false
T000957,2025/03/15 15:27,S03,M000757,store,mobile_payment,35,0,,false
T000958,2025-03-15T17:02:00,S04,M000542,store,credit_card,1060,0,,false
T000959,2025-03-15T19:08:00,S04,,store,line_pay,1593,47,,false
T000960,2025-03-15T14:02:00,S04,,store,mobile_payment,2030,0,,false
T000961,2025-03-15T19:15:00,S05,,store,mobile_payment,1590,0,,false
T000962,2025-03-15T11:16:00,S06,,store,cash,2060,0,,false
T000963,2025-03-16T15:32:00,S01,M000963,store,mobile_payment,155,0,,false
T000964,2025-03-16T17:05:00,S01,M000888,store,credit_card,1435,0,,false
T000965,2025-03-16T20:58:00,S01,,store,cash,2320,0,,false
T000966,2025-03-16T14:02:00,S01,,store,mobile_payment,1676,124,,false
T000967,2025-03-16T15:40:00,S01,,store,credit_card,1420,0,,false
T000968,2025-03-16T15:42:00,S02,M000998,store,credit_card,95,0,,false
T000969,2025-03-16T12:20:00,S02,M000417,store,credit_card,270,0,,false
T000970,2025-03-16T20:49:00,S03,M001052,store,cash,90,0,,false
T000971,2025-03-16T20:57:00,S03,M000616,store,cash,90,0,,false
T000972,2025-03-16T12:28:00,S03,M000203,store,line_pay,180,0,,false
T000973,2025-03-16T14:28:00,S03,M000295,store,credit_card,145,0,,false
T000974,2025-03-16T20:27:00,S04,,store,cash,1450,0,,false
T000975,2025-03-16T12:08:00,S04,,store,credit_card,1665,0,,false
T000976,2025-03-16T17:57:00,S05,M001068,store,credit_card,360,0,,false
T000977,2025-03-16T16:23:00,S05,,store,credit_card,1390,0,,false
T000978,2025-03-16T15:18:00,S05,,store,credit_card,1760,0,,false
T000979,2025-03-16T15:13:00,S05,,store,credit_card,1590,0,,false
T000980,2025-03-16T20:28:00,S06,,store,line_pay,1420,0,,false
T000981,2025-03-16T20:04:00,S99,M000261,online,credit_card,590,0,,false
T000982,2025-03-16T14:01:00,S99,M000774,online,credit_card,525,0,,false
T000983,2025-03-17T19:37:00,S01,M000689,store,credit_card,190,0,,false
T000984,2025-03-17T19:30:00,S01,M000746,store,line_pay,415,0,,false
T000985,2025-03-17T19:22:00,S01,M000368,store,cash,385,0,,false
T000986,2025-03-17T19:23:00,S01,M000224,store,line_pay,1040,0,,false
T000987,2025-03-17T20:25:00,S02,M000950,store,line_pay,105,0,,false
T000988,2025-03-17T19:34:00,S02,M000573,store,cash,160,0,,false
T000989,2025-03-17T17:03:00,S02,M000980,store,cash,990,0,,false
T000990,2025-03-17T17:32:00,S03,M000562,store,mobile_payment,95,0,,false
T000991,2025-03-17T21:52:00,S03,M000100,store,credit_card,35,0,,false
T000992,2025-03-17T11:58:00,S04,M000249,store,line_pay,1020,0,,false
T000993,2025/03/17 12:31,S05,M000383,store,credit_card,915,0,,false
T000994,2025/03/17 17:14,S05,,store,cash,3374,96,,false
T000995,2025-03-17T12:39:00,S05,,store,credit_card,2660,0,,false
T000996,2025-03-17T17:34:00,S06,M000018,store,credit_card,110,0,,false
T000997,2025-03-17T20:53:00,S99,M000540,online,credit_card,960,0,,false
T000998,2025-03-18T20:59:00,S01,M000356,store,credit_card,155,0,,false
T000999,2025-03-18T17:06:00,S03,M000165,store,credit_card,130,0,,false
T001000,2025-03-18T20:51:00,S03,M000927,store,line_pay,70,0,,false
T001001,2025-03-18T12:00:00,S03,M000254,store,mobile_payment,180,0,,false
T001002,2025-03-18T20:28:00,S03,M000923,store,credit_card,1255,0,,false
T001003,2025/03/18 12:00,S03,,store,cash,1592,138,,false
T001004,2025-03-18T20:09:00,S04,M000564,store,mobile_payment,855,0,,false
T001005,2025-03-18T21:03:00,S04,M000277,store,cash,1359,0,,false
T001006,2025-03-18T17:33:00,S05,M000943,store,credit_card,300,0,,false
T001007,2025-03-18T20:35:00,S05,,store,mobile_payment,1595,0,,false
T001008,2025-03-18T18:04:00,S06,M000669,store,credit_card,125,0,,false
T001009,2025-03-18T17:26:00,S06,M000365,store,cash,195,0,,false
T001010,2025-03-18T14:51:00,S99,M000603,online,credit_card,90,0,,false
T001011,2025-03-18T14:50:00,S99,M000306,online,credit_card,185,0,,false
T001012,2025-03-19T18:37:00,S01,M000291,store,mobile_payment,90,0,,false
T001013,2025-03-19T17:38:00,S01,M000298,store,line_pay,190,0,,false
T001014,2025-03-19T20:03:00,S01,M000581,store,line_pay,405,0,,false
T001015,2025-03-19T21:00:00,S01,M000966,store,line_pay,1260,0,,false
T001016,2025-03-19T17:02:00,S02,M000965,store,cash,1640,0,,false
T001017,2025-03-19T12:15:00,S02,M000624,store,mobile_payment,400,0,,false
T001018,2025-03-19T11:20:00,S02,M001049,store,credit_card,425,0,,false
T001019,2025-03-19T15:54:00,S03,M000488,store,cash,105,0,,false
T001020,2025-03-19T20:37:00,S03,M000177,store,credit_card,95,0,,false
T001021,2025/03/19 17:32,S03,M000086,store,credit_card,95,0,,false
T001022,2025-03-19T12:18:00,S03,M000105,store,cash,35,0,,false
T001023,2025-03-19T18:26:00,S03,M000185,store,cash,110,0,,false
T001024,2025-03-19T18:58:00,S03,M001050,store,credit_card,105,0,,false
T001025,2025-03-19T15:25:00,S03,M001157,store,cash,160,0,,false
T001026,2025-03-19T20:57:00,S04,,store,cash,1620,0,,false
T001027,2025-03-19T15:13:00,S05,M000643,store,credit_card,205,0,,false
T001028,2025-03-19T15:12:00,S05,M000599,store,credit_card,875,0,,false
T001029,2025-03-19T15:44:00,S05,M000494,store,credit_card,350,0,,false
T001030,2025-03-20T12:15:00,S01,M000192,store,credit_card,375,0,,false
T001031,2025-03-20T18:30:00,S01,M000896,store,cash,365,0,,false
T001032,2025-03-20T20:38:00,S02,M000375,store,line_pay,290,0,,false
T001033,2025-03-20T19:53:00,S02,M000026,store,cash,920,0,,false
T001034,2025-03-20T20:05:00,S02,,store,line_pay,2185,0,,false
T001035,2025-03-20T15:45:00,S03,M000962,store,credit_card,140,0,,false
T001036,2025-03-20T21:08:00,S03,M000532,store,cash,70,0,,false
T001037,2025-03-20T12:49:00,S03,M000592,store,cash,105,0,,false
T001038,2025-03-20T21:21:00,S03,M000748,store,credit_card,95,0,,false
T001039,2025-03-20T12:51:00,S03,M000167,store,cash,105,0,,false
T001040,2025-03-20T18:05:00,S03,M000078,store,credit_card,190,0,,false
T001041,2025-03-20T11:56:00,S04,M000859,store,mobile_payment,840,0,,false
T001042,2025-03-20T17:17:00,S04,M000657,store,line_pay,820,0,,false
T001043,2025-03-20T19:52:00,S04,,store,credit_card,1785,0,,false
T001044,2025-03-20T15:29:00,S05,M000976,store,credit_card,90,0,,false
T001045,2025-03-20T19:28:00,S06,M000017,store,cash,95,0,,false
T001046,2025-03-20T12:28:00,S06,M000556,store,line_pay,1340,0,,false
T001047,2025-03-21T12:39:00,S02,M000328,store,cash,105,0,,false
T001048,2025-03-21T18:22:00,S02,,store,cash,1960,0,,false
T001049,2025-03-21T19:39:00,S03,M000995,store,credit_card,190,0,,false
T001050,2025-03-21T15:27:00,S03,M001163,store,cash,90,0,,false
T001051,2025-03-21T18:57:00,S03,M000960,store,cash,110,0,,false
T001052,2025-03-21T20:09:00,S04,,store,line_pay,1523,132,,false
T001053,2025-03-21T19:11:00,S04,,store,credit_card,2220,0,,false
T001054,2025-03-21T12:52:00,S05,M000493,store,credit_card,100,0,,false
T001055,2025-03-21T19:40:00,S05,M000385,store,credit_card,345,0,,false
T001056,2025-03-21T20:53:00,S99,M000788,online,cash,635,0,,false
T001057,2025-03-21T21:34:00,S99,,online,credit_card,1560,0,,false
T001058,2025-03-22T14:47:00,S01,M000413,store,line_pay,140,0,,false
T001059,2025-03-22T12:03:00,S01,M000525,store,mobile_payment,450,0,,false
T001060,2025-03-22T16:50:00,S01,,store,cash,2809,71,,false
T001061,2025-03-22T14:21:00,S01,,store,cash,1625,0,,false
T001062,2025-03-22T12:06:00,S02,M000968,store,mobile_payment,90,0,,false
T001063,2025-03-22T11:07:00,S02,M000336,store,credit_card,1435,0,,false
T001064,2025-03-22T12:18:00,S03,M000319,store,cash,175,0,,false
T001065,2025-03-22T14:04:00,S03,M000447,store,line_pay,95,0,,false
T001066,2025-03-22T19:05:00,S03,M000463,store,credit_card,110,0,,false
T001067,2025-03-22T19:07:00,S03,M000174,store,mobile_payment,110,0,,false
T001068,2025-03-22T15:09:00,S04,,store,cash,1895,0,,false
T001069,2025-03-22T17:05:00,S05,M000894,store,line_pay,1475,0,,false
T001070,2025-03-22T11:27:00,S05,,store,cash,2080,0,,false
T001071,2025-03-23T17:27:00,S01,M000408,store,cash,155,0,,false
T001072,2025-03-23T20:25:00,S01,M001007,store,line_pay,920,0,,false
T001073,2025-03-23T20:41:00,S01,,store,credit_card,890,0,,false
T001074,2025-03-23T17:23:00,S01,,store,cash,1915,0,,false
T001075,2025-03-23T19:25:00,S02,M000651,store,credit_card,1410,0,,false
T001076,2025-03-23T16:41:00,S02,M000361,store,line_pay,810,0,,false
T001077,2025-03-23T12:22:00,S02,,store,credit_card,1905,20,,false
T001078,2025-03-23T14:12:00,S03,M000563,store,credit_card,125,0,,false
T001079,2025-03-23T19:03:00,S03,M000321,store,line_pay,155,0,,false
T001080,2025-03-23T20:47:00,S03,M000961,store,cash,105,0,,false
T001081,2025-03-23T19:23:00,S03,M001180,store,credit_card,1565,0,,false
T001082,2025-03-23T19:29:00,S03,M000025,store,cash,1300,0,,false
T001083,2025-03-23T12:36:00,S03,,store,credit_card,1950,0,,false
T001084,2025-03-23T16:59:00,S04,M000782,store,cash,70,0,,false
T001085,2025-03-23T15:20:00,S04,M001097,store,line_pay,845,0,,false
T001086,2025-03-23T14:17:00,S05,M000776,store,line_pay,130,0,,false
T001087,2025-03-23T12:02:00,S05,M001102,store,line_pay,270,0,,false
T001088,2025-03-23T11:56:00,S06,M000708,store,cash,90,0,,false
T001089,2025/03/23 15:55,S06,,store,mobile_payment,810,0,,false
T001090,2025-03-23T09:11:00,S99,M001097,online,line_pay,1370,0,,false
T001091,2025-03-24T19:43:00,S01,M000685,store,credit_card,805,0,,false
T001092,2025-03-24T19:57:00,S01,,store,cash,1541,104,,false
T001093,2025-03-24T15:04:00,S01,,store,mobile_payment,-880,0,,true
T001094,2025-03-24T20:49:00,S02,M001144,store,cash,140,0,,false
T001095,2025-03-24T19:13:00,S02,M000104,store,line_pay,190,0,,false
T001096,2025-03-24T20:16:00,S02,M000243,store,cash,65,0,,false
T001097,2025-03-24T11:39:00,S02,M000537,store,line_pay,95,0,,false
T001098,2025-03-24T18:47:00,S02,M000994,store,line_pay,190,0,,false
T001099,2025-03-24T11:08:00,S02,M000503,store,cash,1035,0,,false
T001100,2025-03-24T19:25:00,S02,,store,credit_card,1870,0,,false
T001101,2025-03-24T17:16:00,S03,M000717,store,cash,105,0,,false
T001102,2025-03-24T17:14:00,S03,M000009,store,cash,160,0,,false
T001103,2025-03-24T17:43:00,S03,M000487,store,cash,195,0,,false
T001104,2025-03-24T17:51:00,S04,,store,cash,1370,0,,false
T001105,2025-03-24T19:58:00,S05,,store,credit_card,2070,0,,false
T001106,2025-03-24T12:59:00,S06,M000527,store,credit_card,110,0,,false
T001107,2025-03-24T18:04:00,S06,M001170,store,cash,205,0,,false
T001108,2025-03-25T17:49:00,S01,M000506,store,credit_card,175,0,,false
T001109,2025-03-25T17:39:00,S01,M000367,store,cash,100,0,,false
T001110,2025-03-25T19:33:00,S01,M000898,store,credit_card,310,0,,false
T001111,2025-03-25T17:51:00,S01,M000422,store,credit_card,745,0,,false
T001112,2025-03-25T15:58:00,S01,,store,line_pay,3475,0,,false
T001113,2025-03-25T18:34:00,S02,M000811,store,mobile_payment,130,0,,false
T001114,2025-03-25T19:56:00,S03,M000394,store,cash,110,0,,false
T001115,2025-03-25T19:48:00,S03,M001032,store,credit_card,100,0,,false
T001116,2025-03-25T17:33:00,S03,M000779,store,credit_card,110,0,,false
T001117,2025-03-25T20:58:00,S03,,store,credit_card,1906,89,,false
T001118,2025-03-25T20:51:00,S05,M001121,store,cash,290,0,,false
T001119,2025-03-25T18:01:00,S05,,store,credit_card,1235,0,,false
T001120,2025-03-25T17:36:00,S06,M000402,store,line_pay,110,0,,false
T001121,2025-03-25T18:54:00,S06,M000845,store,cash,95,0,,false
T001122,2025-03-25T11:11:00,S06,M000017,store,credit_card,175,0,,false
T001123,2025-03-25T20:05:00,S99,M000501,online,cash,380,0,,false
T001124,2025-03-26T20:13:00,S01,M000789,store,credit_card,470,0,,false
T001125,2025-03-26T17:52:00,S01,M001189,store,line_pay,460,0,,false
T001126,2025-03-26T20:01:00,S01,M001074,store,credit_card,370,0,,false
T001127,2025-03-26T17:24:00,S01,M001067,store,credit_card,550,0,,false
T001128,2025-03-26T18:53:00,S02,M000026,store,credit_card,365,0,,false
T001129,2025-03-26T18:40:00,S02,M001175,store,credit_card,730,0,,false
T001130,2025-03-26T18:40:00,S03,M000579,store,cash,35,0,,false
T001131,2025-03-26T20:46:00,S03,M000478,store,cash,100,0,,false
T001132,2025-03-26T21:41:00,S03,M000230,store,line_pay,190,0,,false
T001133,2025-03-26T20:27:00,S04,,store,cash,1731,69,,false
T001134,2025-03-26T18:14:00,S04,,store,cash,1400,0,,false
T001135,2025-03-26T18:05:00,S05,M001068,store,cash,415,0,,false
T001136,2025-03-27T12:27:00,S01,,store,mobile_payment,1645,0,,false
T001137,2025-03-27T19:30:00,S01,,store,cash,1301,49,,false
T001138,2025-03-27T18:08:00,S02,M000517,store,mobile_payment,110,0,,false
T001139,2025-03-27T18:05:00,S03,M000238,store,credit_card,110,0,,false
T001140,2025-03-27T18:38:00,S03,M000677,store,credit_card,105,0,,false
T001141,2025-03-27T19:33:00,S03,M001134,store,credit_card,255,0,,false
T001142,2025-03-27T21:10:00,S04,M000412,store,credit_card,110,0,,false
T001143,2025-03-27T21:52:00,S05,M000131,store,cash,165,0,,false
T001144,2025-03-27T17:05:00,S05,,store,credit_card,2080,0,,false
T001145,2025-03-27T15:20:00,S05,,store,cash,1285,90,,false
T001146,2025-03-27T21:18:00,S06,M000725,store,line_pay,110,0,,false
T001147,2025-03-28T20:13:00,S01,M000298,store,cash,180,0,,false
T001148,2025-03-28T20:25:00,S01,M000356,store,line_pay,180,0,,false
T001149,2025-03-28T21:06:00,S01,M001094,store,line_pay,795,0,,false
T001150,2025-03-28T18:18:00,S02,M000202,store,cash,160,0,,false
T001151,2025/03/28 20:22,S02,M000998,store,cash,110,0,,false
T001152,2025-03-28T18:37:00,S02,,store,credit_card,1520,0,,false
T001153,2025-03-28T15:09:00,S03,M000146,store,cash,105,0,,false
T001154,2025-03-28T15:32:00,S03,M000279,store,cash,105,0,,false
T001155,2025-03-28T19:55:00,S03,M000927,store,cash,70,0,,false
T001156,2025-03-28T19:14:00,S03,M000321,store,mobile_payment,160,0,,false
T001157,2025-03-28T21:06:00,S03,M000602,store,credit_card,130,0,,false
T001158,2025-03-28T21:46:00,S03,M000169,store,credit_card,130,0,,false
T001159,2025-03-28T17:57:00,S04,,store,cash,1638,182,,false
T001160,2025-03-28T20:31:00,S04,,store,credit_card,2005,105,,false
T001161,2025-03-28T12:26:00,S04,,store,line_pay,1040,0,,false
T001162,2025-03-28T11:34:00,S05,,store,credit_card,2150,0,,false
T001163,2025-03-28T20:24:00,S05,,store,mobile_payment,2335,0,,false
T001164,2025-03-28T19:11:00,S06,M000669,store,cash,110,0,,false
T001165,2025-03-29T19:53:00,S01,M000836,store,line_pay,430,0,,false
T001166,2025-03-29T12:48:00,S01,M000888,store,cash,1140,0,,false
T001167,2025-03-29T20:04:00,S02,M000080,store,cash,160,0,,false
T001168,2025-03-29T12:39:00,S02,M000014,store,credit_card,90,0,,false
T001169,2025-03-29T12:49:00,S03,M000721,store,mobile_payment,180,0,,false
T001170,2025-03-29T15:28:00,S03,M000108,store,credit_card,145,0,,false
T001171,2025-03-29T11:24:00,S03,M000162,store,cash,180,0,,false
T001172,2025-03-29T11:18:00,S03,M000106,store,credit_card,195,0,,false
T001173,2025-03-29T15:52:00,S04,M001020,store,credit_card,1485,0,,false
T001174,2025-03-29T17:10:00,S04,,store,cash,2425,0,,false
T001175,2025-03-29T17:35:00,S05,M000379,store,line_pay,1415,0,,false
T001176,2025-03-29T19:04:00,S05,M000945,store,cash,1060,0,,false
T001177,2025-03-29T17:32:00,S05,,store,mobile_payment,2020,0,,false
T001178,2025-03-29T16:00:00,S06,M001078,store,line_pay,1480,0,,false
T001179,2025-03-29T21:11:00,S99,M000372,online,line_pay,110,0,,false
T001180,2025-03-29T14:34:00,S99,M000842,online,cash,310,0,,false
T001181,2025/03/30 11:15,S01,M000329,store,cash,465,0,,false
T001182,2025-03-30T14:02:00,S01,M000912,store,cash,360,0,,false
T001183,2025-03-30T20:20:00,S02,M000467,store,credit_card,1030,0,,false
T001184,2025-03-30T17:14:00,S02,M000641,store,cash,1190,0,,false
T001185,2025-03-30T19:16:00,S03,M001153,store,credit_card,110,0,,false
T001186,2025-03-30T15:08:00,S03,M000140,store,cash,105,0,,false
T001187,2025-03-30T14:23:00,S03,M001095,store,cash,110,0,,false
T001188,2025-03-30T11:33:00,S03,M000597,store,credit_card,70,0,,false
T001189,2025-03-30T16:06:00,S03,M000996,store,credit_card,180,0,,false
T001190,2025-03-30T20:35:00,S03,M000253,store,cash,195,0,,false
T001191,2025-03-30T17:52:00,S03,M000646,store,mobile_payment,70,0,,false
T001192,2025-03-30T20:40:00,S04,M000885,store,mobile_payment,1499,0,,false
T001193,2025-03-30T20:28:00,S05,M001179,store,credit_card,90,0,,false
T001194,2025-03-30T16:02:00,S05,M000972,store,line_pay,180,0,,false
T001195,2025-03-30T15:40:00,S05,,store,cash,1810,0,,false
T001196,2025-03-30T20:01:00,S99,M000964,online,credit_card,110,0,,false
T001197,2025-03-31T17:36:00,S01,M001000,store,line_pay,470,0,,false
T001198,2025-03-31T21:53:00,S02,M000705,store,credit_card,90,0,,false
T001199,2025-03-31T11:23:00,S02,M000549,store,credit_card,155,0,,false
T001200,2025-03-31T19:19:00,S02,M000336,store,cash,270,0,,false
T001201,2025-03-31T20:23:00,S02,M001048,store,cash,1495,0,,false
T001202,2025-03-31T15:47:00,S02,,store,cash,1492,78,,false
T001203,2025-03-31T12:17:00,S03,M000344,store,cash,180,0,,false
T001204,2025-03-31T17:31:00,S03,M000011,store,credit_card,110,0,,false
T001205,2025-03-31T17:25:00,S03,M000563,store,credit_card,105,0,,false
T001206,2025-03-31T12:06:00,S03,M000786,store,line_pay,100,0,,false
T001207,2025-03-31T11:48:00,S03,M000081,store,cash,70,0,,false
T001208,2025-03-31T19:13:00,S03,M000141,store,line_pay,90,0,,false
T001209,2025-03-31T21:44:00,S04,,store,credit_card,1760,0,,false
T001210,2025-03-31T20:20:00,S05,M001082,store,line_pay,110,0,,false
T001211,2025-03-31T12:10:00,S05,M000709,store,cash,1020,0,,false
T001212,2025-03-31T20:10:00,S05,M000722,store,cash,290,0,,false
T001213,2025-03-31T12:07:00,S06,M001085,store,credit_card,95,0,,false
T001214,2025-03-31T20:21:00,S06,M000758,store,mobile_payment,180,0,,false
T001215,2025-03-31T18:02:00,S06,M000446,store,line_pay,95,0,,false
T001216,2025-03-31T19:22:00,S06,M000316,store,cash,1440,0,,false
T001217,2025-03-31T20:26:00,S06,M000662,store,cash,1280,0,,false
T001218,2025-03-31T21:40:00,S99,M000176,online,credit_card,110,0,,false
T001219,2025-03-31T22:57:00,S99,M000664,online,line_pay,980,0,,false
T001220,2025-03-31T22:04:00,S99,M000824,online,credit_card,770,0,,false
T001221,2025-04-01T15:33:00,S01,M000835,store,credit_card,190,0,,false
T001222,2025-04-01T19:28:00,S01,M000743,store,line_pay,300,0,,false
T001223,2025-04-01T20:53:00,S03,M000589,store,credit_card,160,0,,false
T001224,2025-04-01T18:16:00,S03,M000100,store,mobile_payment,35,0,,false
T001225,2025-04-01T12:17:00,S03,M001138,store,cash,110,0,,false
T001226,2025-04-01T20:27:00,S03,M000078,store,line_pay,110,0,,false
T001227,2025-04-01T19:32:00,S04,M000021,store,credit_card,1279,0,,false
T001228,2025-04-01T21:24:00,S05,M000692,store,line_pay,340,0,,false
T001229,2025-04-01T20:11:00,S06,M000750,store,line_pay,110,0,,false
T001230,2025-04-01T20:34:00,S06,M000091,store,credit_card,805,0,,false
T001231,2025-04-01T19:52:00,S06,M000509,store,cash,1165,0,,false
T001232,2025-04-01T18:07:00,S06,M001043,store,cash,630,0,,false
T001233,2025/04/01 19:03,S06,M000096,store,line_pay,700,0,,false
T001234,2025-04-01T21:42:00,S99,,online,cash,1915,0,,false
T001235,2025-04-02T21:00:00,S01,M000413,store,mobile_payment,175,0,,false
T001236,2025-04-02T17:17:00,S01,M000429,store,line_pay,335,0,,false
T001237,2025-04-02T19:30:00,S02,M001002,store,credit_card,890,0,,false
T001238,2025-04-02T17:09:00,S03,M000488,store,credit_card,95,0,,false
T001239,2025-04-02T19:34:00,S03,M000235,store,mobile_payment,65,0,,false
T001240,2025/04/02 21:21,S03,M000199,store,cash,70,0,,false
T001241,2025-04-02T20:02:00,S03,M000648,store,cash,130,0,,false
T001242,2025-04-02T19:44:00,S03,M000394,store,mobile_payment,95,0,,false
T001243,2025-04-02T18:38:00,S04,M000526,store,credit_card,1319,0,,false
T001244,2025-04-02T18:11:00,S05,M000380,store,cash,1390,0,,false
T001245,2025-04-02T12:01:00,S05,M001109,store,cash,390,0,,false
T001246,2025-04-02T21:30:00,S05,,store,credit_card,2425,0,,false
T001247,2025-04-02T19:59:00,S06,M000083,store,credit_card,845,0,,false
T001248,2025-04-02T21:54:00,S99,M001097,online,line_pay,1745,0,,false
T001249,2025/04/03 20:07,S01,M001014,store,line_pay,650,0,,false
T001250,2025-04-03T12:30:00,S01,M000873,store,line_pay,1340,0,,false
T001251,2025-04-03T20:18:00,S01,M001067,store,credit_card,1410,0,,false
T001252,2025-04-03T20:20:00,S01,M000343,store,mobile_payment,1160,0,,false
T001253,2025-04-03T11:38:00,S01,,store,credit_card,1440,0,,false
T001254,2025-04-03T21:05:00,S01,,store,line_pay,1275,0,,false
T001255,2025-04-03T19:21:00,S02,M000517,store,cash,160,0,,false
T001256,2025-04-03T12:30:00,S03,M001092,store,credit_card,35,0,,false
T001257,2025-04-03T15:44:00,S03,M000444,store,mobile_payment,95,0,,false
T001258,2025-04-03T20:38:00,S03,M000849,store,line_pay,105,0,,false
T001259,2025-04-03T18:42:00,S03,M000127,store,line_pay,165,0,,false
T001260,2025-04-03T20:37:00,S03,M000287,store,credit_card,890,0,,false
T001261,2025-04-03T18:09:00,S06,M000576,store,credit_card,175,0,,false
T001262,2025-04-03T12:24:00,S99,M001097,online,cash,710,0,,false
T001263,2025-04-04T19:23:00,S01,M000858,store,credit_card,400,0,,false
T001264,2025-04-04T12:57:00,S01,M000941,store,line_pay,1195,0,,false
T001265,2025-04-04T15:43:00,S01,M001097,store,credit_card,1389,36,,false
T001266,2025-04-04T21:22:00,S01,,store,credit_card,2155,0,,false
T001267,2025/04/04 15:45,S01,,store,credit_card,1545,0,,false
T001268,2025-04-04T12:02:00,S02,M000259,store,credit_card,185,0,,false
T001269,2025-04-04T18:36:00,S03,M000406,store,credit_card,70,0,,false
T001270,2025-04-04T17:45:00,S03,M000105,store,line_pay,175,0,,false
T001271,2025-04-04T19:41:00,S03,M001065,store,credit_card,70,0,,false
T001272,2025-04-04T18:49:00,S03,M000436,store,cash,135,0,,false
T001273,2025-04-04T17:21:00,S03,M000626,store,line_pay,130,0,,false
T001274,2025-04-04T21:25:00,S04,M000519,store,credit_card,1350,0,,false
T001275,2025-04-04T12:07:00,S04,,store,credit_card,1434,46,,false
T001276,2025-04-04T21:15:00,S05,M000036,store,cash,155,0,,false
T001277,2025-04-04T21:31:00,S05,M000286,store,line_pay,1020,0,,false
T001278,2025-04-04T17:19:00,S05,M001158,store,credit_card,320,0,,false
T001279,2025-04-04T22:11:00,S99,M000829,online,cash,130,0,,false
T001280,2025-04-04T22:31:00,S99,M001029,online,credit_card,970,0,,false
T001281,2025-04-05T17:09:00,S01,M001083,store,credit_card,165,0,,false
T001282,2025-04-05T15:00:00,S01,M000999,store,line_pay,445,0,,false
T001283,2025-04-05T20:32:00,S01,M000522,store,mobile_payment,1490,0,,false
T001284,2025-04-05T20:23:00,S01,,store,cash,2260,0,,false
T001285,2025-04-05T20:22:00,S03,M001003,store,cash,95,0,,false
T001286,2025-04-05T20:51:00,S03,M000165,store,line_pay,90,0,,false
T001287,2025-04-05T16:47:00,S03,M000052,store,mobile_payment,110,0,,false
T001288,2025-04-05T12:27:00,S03,M000221,store,line_pay,105,0,,false
T001289,2025-04-05T11:02:00,S03,M000660,store,credit_card,185,0,,false
T001290,2025-04-05T15:38:00,S03,M000253,store,cash,180,0,,false
T001291,2025-04-05T11:19:00,S03,M000520,store,credit_card,105,0,,false
T001292,2025-04-05T15:36:00,S04,,store,cash,2785,0,,false
T001293,2025-04-05T11:34:00,S05,M000840,store,cash,480,0,,false
T001294,2025-04-05T14:57:00,S06,M000725,store,line_pay,145,0,,false
T001295,2025-04-05T11:57:00,S06,M000443,store,mobile_payment,110,0,,false
T001296,2025-04-05T19:51:00,S06,M000984,store,mobile_payment,1485,0,,false
T001297,2025-04-05T12:35:00,S99,M001081,online,line_pay,925,0,,false
T001298,2025/04/06 20:38,S01,M000697,store,line_pay,895,0,,false
T001299,2025-04-06T14:45:00,S01,M000914,store,cash,1040,0,,false
T001300,2025-04-06T11:59:00,S02,M001087,store,mobile_payment,160,0,,false
T001301,2025-04-06T14:43:00,S02,M000994,store,credit_card,130,0,,false
T001302,2025-04-06T15:10:00,S02,M000634,store,line_pay,290,0,,false
T001303,2025-04-06T19:48:00,S03,M000011,store,mobile_payment,105,0,,false
T001304,2025-04-06T14:38:00,S03,M000982,store,line_pay,130,0,,false
T001305,2025-04-06T17:02:00,S03,M001071,store,credit_card,110,0,,false
T001306,2025-04-06T15:10:00,S03,M000358,store,mobile_payment,125,0,,false
T001307,2025-04-06T19:59:00,S03,M000823,store,mobile_payment,160,0,,false
T001308,2025-04-06T16:38:00,S04,,store,credit_card,1625,0,,false
T001309,2025-04-06T11:50:00,S04,,store,mobile_payment,1575,0,,false
T001310,2025-04-06T16:16:00,S06,M000594,store,cash,345,0,,false
T001311,2025-04-07T18:00:00,S01,M001073,store,line_pay,930,0,,false
T001312,2025-04-07T21:14:00,S02,M000104,store,line_pay,185,0,,false
T001313,2025-04-07T15:50:00,S02,M000854,store,mobile_payment,175,0,,false
T001314,2025-04-07T19:54:00,S03,M000235,store,credit_card,105,0,,false
T001315,2025-04-07T11:16:00,S03,M000562,store,line_pay,105,0,,false
T001316,2025-04-07T19:14:00,S03,M000308,store,mobile_payment,170,0,,false
T001317,2025-04-07T18:27:00,S03,M000916,store,line_pay,35,0,,false
T001318,2025-04-07T17:58:00,S04,M000249,store,cash,840,0,,false
T001319,2025-04-07T19:30:00,S04,M000542,store,line_pay,1090,0,,false
T001320,2025-04-07T18:07:00,S05,M000776,store,credit_card,110,0,,false
T001321,2025-04-07T17:39:00,S05,,store,credit_card,1335,0,,false
T001322,2025-04-07T09:03:00,S99,M001135,online,credit_card,185,0,,false
T001323,2025-04-08T19:41:00,S01,M000884,store,line_pay,325,0,,false
T001324,2025-04-08T20:56:00,S01,M000368,store,cash,430,0,,false
T001325,2025-04-08T12:20:00,S02,M000054,store,cash,160,0,,false
T001326,2025-04-08T21:04:00,S03,M000736,store,credit_card,125,0,,false
T001327,2025-04-08T12:12:00,S03,M000830,store,credit_card,190,0,,false
T001328,2025-04-08T21:56:00,S03,M000658,store,credit_card,100,0,,false
T001329,2025-04-08T20:41:00,S03,M001167,store,cash,35,0,,false
T001330,2025-04-08T20:28:00,S03,M000974,store,credit_card,90,0,,false
T001331,2025-04-08T20:38:00,S04,M000440,store,cash,1480,0,,false
T001332,2025-04-08T12:50:00,S04,M000277,store,cash,1439,0,,false
T001333,2025-04-08T18:54:00,S04,M000997,store,credit_card,900,0,,false
T001334,2025-04-08T12:39:00,S05,M000383,store,cash,350,0,,false
T001335,2025-04-08T18:43:00,S05,M000419,store,line_pay,270,0,,false
T001336,2025-04-08T19:12:00,S05,M000643,store,credit_card,-110,0,,true
T001337,2025-04-08T20:53:00,S06,M000188,store,cash,170,0,,false
T001338,2025-04-08T20:00:00,S06,M000617,store,line_pay,165,0,,false
T001339,2025-04-08T15:02:00,S06,M001015,store,credit_card,190,0,,false
T001340,2025-04-09T20:42:00,S01,M001182,store,cash,1425,0,,false
T001341,2025-04-09T11:55:00,S02,,store,cash,2070,0,,false
T001342,2025-04-09T19:47:00,S03,M000757,store,cash,95,0,,false
T001343,2025-04-09T15:16:00,S03,,store,mobile_payment,1592,83,,false
T001344,2025-04-09T20:02:00,S04,M001045,store,line_pay,1420,0,,false
T001345,2025-04-09T21:57:00,S04,,store,mobile_payment,1845,0,,false
T001346,2025-04-09T18:05:00,S05,M000313,store,mobile_payment,950,0,,false
T001347,2025-04-09T19:04:00,S05,M001034,store,line_pay,440,0,,false
T001348,2025-04-09T18:59:00,S05,,store,cash,1520,0,,false
T001349,2025-04-09T12:36:00,S05,,store,cash,-160,0,,true
T001350,2025-04-09T12:26:00,S06,M000130,store,mobile_payment,160,0,,false
T001351,2025-04-09T20:35:00,S99,M000603,online,credit_card,110,0,,false
T001352,2025-04-10T12:21:00,S01,M001189,store,cash,-110,0,,true
T001353,2025-04-10T12:25:00,S01,,store,cash,1790,0,,false
T001354,2025-04-10T21:07:00,S02,M000705,store,line_pay,95,0,,false
T001355,2025-04-10T11:38:00,S02,M000157,store,credit_card,110,0,,false
T001356,2025-04-10T19:07:00,S03,M000344,store,credit_card,130,0,,false
T001357,2025-04-10T20:39:00,S03,M000108,store,mobile_payment,175,0,,false
T001358,2025-04-10T19:57:00,S03,M000547,store,cash,180,0,,false
T001359,2025-04-10T19:04:00,S03,M001138,store,cash,70,0,,false
T001360,2025-04-10T20:45:00,S03,M000597,store,credit_card,185,0,,false
T001361,2025-04-10T18:59:00,S03,,store,cash,2025,0,,false
T001362,2025-04-10T19:57:00,S04,M001016,store,cash,1030,0,,false
T001363,2025-04-10T19:21:00,S05,M000972,store,credit_card,180,0,,false
T001364,2025-04-10T21:18:00,S05,M000872,store,mobile_payment,470,0,,false
T001365,2025-04-10T19:08:00,S05,,store,cash,680,0,,false
T001366,2025-04-10T18:03:00,S06,M001085,store,credit_card,175,0,,false
T001367,2025-04-10T12:31:00,S06,M001176,store,mobile_payment,100,0,,false
T001368,2025-04-10T18:53:00,S06,M000262,store,credit_card,1030,0,,false
T001369,2025-04-10T22:38:00,S99,M000664,online,credit_card,-150,0,,true
T001370,2025-04-10T14:42:00,S99,,online,cash,1098,122,,false
T001371,2025-04-11T19:43:00,S01,M000941,store,credit_card,1235,0,,false
T001372,2025-04-11T20:57:00,S01,M000455,store,cash,635,0,,false
T001373,2025-04-11T15:43:00,S02,M000950,store,line_pay,110,0,,false
T001374,2025-04-11T21:49:00,S02,M001089,store,cash,1315,0,,false
T001375,2025-04-11T19:21:00,S02,M001175,store,mobile_payment,1050,0,,false
T001376,2025-04-11T17:53:00,S02,M001097,store,credit_card,290,0,,false
T001377,2025-04-11T11:53:00,S03,M000488,store,credit_card,90,0,,false
T001378,2025-04-11T21:40:00,S03,M000579,store,line_pay,105,0,,false
T001379,2025-04-11T12:49:00,S03,M000127,store,credit_card,70,0,,false
T001380,2025-04-11T17:35:00,S03,M000620,store,credit_card,1350,0,,false
T001381,2025-04-11T17:58:00,S03,M000923,store,line_pay,950,0,,false
T001382,2025-04-11T18:56:00,S03,,store,mobile_payment,1860,0,,false
T001383,2025/04/11 17:58,S04,M000769,store,credit_card,1490,0,,false
T001384,2025-04-11T12:43:00,S04,M000055,store,credit_card,1680,0,,false
T001385,2025-04-11T19:11:00,S04,,store,cash,1455,0,,false
T001386,2025-04-11T19:47:00,S05,M000827,store,line_pay,305,0,,false
T001387,2025-04-11T18:38:00,S05,M000943,store,credit_card,255,0,,false
T001388,2025-04-11T18:57:00,S05,,store,cash,2600,0,,false
T001389,2025-04-11T12:46:00,S99,M000022,online,credit_card,180,0,,false
T001390,2025-04-12T14:35:00,S01,M000685,store,line_pay,175,0,,false
T001391,2025-04-12T12:00:00,S01,M000016,store,mobile_payment,430,0,,false
T001392,2025-04-12T20:34:00,S01,M000654,store,cash,800,0,,false
T001393,2025-04-12T20:27:00,S02,M001168,store,cash,130,0,,false
T001394,2025/04/12 20:02,S02,M000218,store,mobile_payment,95,0,,false
T001395,2025-04-12T19:46:00,S02,M000806,store,cash,175,0,,false
T001396,2025-04-12T19:26:00,S02,,store,cash,1076,34,,false
T001397,2025-04-12T16:11:00,S03,M000583,store,credit_card,190,0,,false
T001398,2025-04-12T20:53:00,S03,M000626,store,mobile_payment,95,0,,false
T001399,2025-04-12T16:57:00,S03,M000804,store,credit_card,145,0,,false
T001400,2025-04-12T19:14:00,S04,M000197,store,mobile_payment,1100,0,,false
T001401,2025-04-12T14:52:00,S04,,store,cash,1970,0,,false
T001402,2025-04-12T11:01:00,S04,,store,cash,2270,0,,false
T001403,2025-04-12T14:13:00,S04,,store,line_pay,1757,23,,false
T001404,2025-04-12T19:38:00,S04,,store,credit_card,1945,0,,false
T001405,2025-04-12T15:41:00,S05,M000131,store,line_pay,155,0,,false
T001406,2025-04-12T11:20:00,S05,,store,credit_card,1715,0,,false
T001407,2025-04-12T20:30:00,S06,,store,mobile_payment,1340,0,,false
T001408,2025-04-12T20:53:00,S06,,store,line_pay,1430,0,,false
T001409,2025-04-12T21:37:00,S99,M000415,online,credit_card,1240,0,,false
T001410,2025-04-13T12:38:00,S01,,store,line_pay,480,0,,false
T001411,2025-04-13T16:32:00,S02,M000259,store,credit_card,125,0,,false
T001412,2025-04-13T17:18:00,S02,M000328,store,cash,110,0,,false
T001413,2025-04-13T11:32:00,S02,M000246,store,mobile_payment,480,0,,false
T001414,2025-04-13T14:16:00,S02,M000634,store,credit_card,850,0,,false
T001415,2025-04-13T14:43:00,S02,,store,credit_card,700,0,,false
T001416,2025-04-13T19:07:00,S03,M000086,store,credit_card,160,0,,false
T001417,2025-04-13T14:21:00,S03,M000916,store,line_pay,110,0,,false
T001418,2025-04-13T19:44:00,S03,M001023,store,mobile_payment,35,0,,false
T001419,2025-04-13T15:30:00,S03,M000254,store,credit_card,135,0,,false
T001420,2025-04-13T15:40:00,S04,M000606,store,credit_card,610,0,,false
T001421,2025-04-13T14:44:00,S04,,store,line_pay,1741,34,,false
T001422,2025-04-13T15:43:00,S05,M000493,store,line_pay,175,0,,false
T001423,2025-04-13T19:07:00,S05,M000643,store,line_pay,865,0,,false
T001424,2025/04/13 16:50,S05,M000618,store,cash,310,0,,false
T001425,2025-04-13T14:55:00,S05,,store,line_pay,1805,0,,false
T001426,2025-04-13T19:55:00,S06,M000402,store,credit_card,110,0,,false
T001427,2025-04-13T14:09:00,S06,M000758,store,credit_card,180,0,,false
T001428,2025-04-14T18:35:00,S01,M000039,store,cash,370,0,,false
T001429,2025-04-14T15:43:00,S01,M000895,store,line_pay,420,0,,false
T001430,2025-04-14T20:46:00,S01,,store,cash,1210,0,,false
T001431,2025-04-14T20:24:00,S01,,store,cash,1459,76,,false
T001432,2025-04-14T18:26:00,S02,M000738,store,cash,105,0,,false
T001433,2025-04-14T12:16:00,S02,M000624,store,credit_card,1075,0,,false
T001434,2025-04-14T21:33:00,S02,M000832,store,cash,790,0,,false
T001435,2025-04-14T20:27:00,S03,M000378,store,credit_card,180,0,,false
T001436,2025-04-14T20:07:00,S03,M000146,store,line_pay,130,0,,false
T001437,2025-04-14T17:38:00,S03,M000532,store,mobile_payment,90,0,,false
T001438,2025-04-14T18:41:00,S04,,store,cash,1360,0,,false
T001439,2025-04-14T21:51:00,S05,,store,credit_card,2570,0,,false
T001440,2025-04-14T15:53:00,S06,M000443,store,line_pay,95,0,,false
T001441,2025-04-14T21:41:00,S99,M000176,online,cash,155,0,,false
T001442,2025-04-15T19:00:00,S03,M001163,store,credit_card,110,0,,false
T001443,2025-04-15T18:43:00,S03,M000913,store,cash,95,0,,false
T001444,2025-04-15T21:50:00,S03,M001098,store,credit_card,175,0,,false
T001445,2025-04-15T17:52:00,S03,M001145,store,credit_card,105,0,,false
T001446,2025-04-15T15:49:00,S03,M001172,store,mobile_payment,130,0,,false
T001447,2025-04-15T20:18:00,S03,M000358,store,cash,105,0,,false
T001448,2025-04-15T12:31:00,S04,,store,cash,1305,0,,false
T001449,2025-04-15T15:30:00,S05,M000627,store,cash,275,0,,false
T001450,2025-04-15T20:26:00,S05,M000148,store,line_pay,300,0,,false
T001451,2025-04-15T18:10:00,S05,M000687,store,cash,350,0,,false
T001452,2025-04-16T18:12:00,S01,M001070,store,mobile_payment,400,0,,false
T001453,2025-04-16T18:51:00,S01,M000382,store,credit_card,485,0,,false
T001454,2025-04-16T20:47:00,S02,M000318,store,cash,110,0,,false
T001455,2025-04-16T18:05:00,S02,M000811,store,credit_card,95,0,,false
T001456,2025-04-16T11:13:00,S02,M000650,store,credit_card,165,0,,false
T001457,2025-04-16T20:33:00,S02,,store,cash,1242,138,,false
T001458,2025-04-16T17:02:00,S03,M000032,store,credit_card,130,0,,false
T001459,2025-04-16T12:02:00,S03,M000779,store,credit_card,70,0,,false
T001460,2025/04/16 21:09,S03,,store,cash,3025,90,,false
T001461,2025-04-16T12:33:00,S04,M000561,store,credit_card,1099,0,,false
T001462,2025-04-16T15:37:00,S04,,store,cash,1260,0,,false
T001463,2025-04-16T21:03:00,S04,,store,credit_card,1884,76,,false
T001464,2025-04-16T11:23:00,S05,M001102,store,cash,1415,0,,false
T001465,2025-04-16T20:05:00,S05,M000674,store,cash,1045,0,,false
T001466,2025-04-16T12:46:00,S05,,store,cash,1606,139,,false
T001467,2025-04-16T15:02:00,S06,M000262,store,mobile_payment,1160,0,,false
T001468,2025-04-16T18:24:00,S06,,store,cash,1454,161,,false
T001469,2025-04-16T12:36:00,S06,,store,line_pay,2675,0,,false
T001470,2025-04-16T09:01:00,S99,M000964,online,mobile_payment,110,0,,false
T001471,2025-04-16T21:46:00,S99,M001037,online,credit_card,270,0,,false
T001472,2025-04-16T21:07:00,S99,M000700,online,cash,1410,0,,false
T001473,2025-04-16T22:31:00,S99,M001097,online,credit_card,2340,0,,false
T001474,2025-04-17T20:17:00,S01,M000367,store,cash,160,0,,false
T001475,2025-04-17T21:07:00,S01,M000856,store,line_pay,810,0,,false
T001476,2025-04-17T17:56:00,S02,M000921,store,cash,175,0,,false
T001477,2025-04-17T15:43:00,S02,M000560,store,credit_card,185,0,,false
T001478,2025-04-17T12:51:00,S02,M000624,store,cash,930,0,,false
T001479,2025-04-17T15:40:00,S02,,store,line_pay,1490,165,,false
T001480,2025-04-17T20:42:00,S03,M000728,store,credit_card,180,0,,false
T001481,2025-04-17T21:29:00,S03,M000141,store,credit_card,190,0,,false
T001482,2025-04-17T18:08:00,S06,M001021,store,line_pay,870,0,,false
T001483,2025-04-17T19:01:00,S06,M000096,store,cash,740,0,,false
T001484,2025-04-18T18:33:00,S01,M000007,store,line_pay,440,0,,false
T001485,2025-04-18T17:28:00,S01,M000339,store,line_pay,365,0,,false
T001486,2025-04-18T20:09:00,S01,,store,cash,1896,164,,false
T001487,2025-04-18T18:58:00,S01,,store,line_pay,1549,101,,false
T001488,2025-04-18T20:55:00,S02,M000651,store,line_pay,220,0,,false
T001489,2025-04-18T11:49:00,S02,,store,credit_card,1330,0,,false
T001490,2025-04-18T11:08:00,S03,M000403,store,line_pay,160,0,,false
T001491,2025-04-18T20:46:00,S03,M000602,store,cash,145,0,,false
T001492,2025-04-18T15:02:00,S03,M000804,store,credit_card,140,0,,false
T001493,2025-04-18T15:23:00,S03,,store,cash,950,0,,false
T001494,2025-04-18T20:57:00,S04,M000752,store,credit_card,1020,0,,false
T001495,2025-04-18T20:22:00,S05,M000129,store,mobile_payment,155,0,,false
T001496,2025-04-18T20:54:00,S05,M000575,store,credit_card,1570,0,,false
T001497,2025-04-19T12:27:00,S01,M000191,store,cash,240,0,,false
T001498,2025-04-19T15:41:00,S02,M000369,store,cash,180,0,,false
T001499,2025-04-19T12:27:00,S02,M000362,store,credit_card,1330,0,,false
T001500,2025-04-19T14:06:00,S02,M000641,store,credit_card,1180,0,,false
T001501,2025-04-19T12:01:00,S03,M000279,store,credit_card,145,0,,false
T001502,2025-04-19T19:41:00,S03,,store,credit_card,2219,116,,false
T001503,2025-04-19T11:16:00,S04,,store,line_pay,1183,62,,false
T001504,2025-04-19T11:44:00,S04,,store,cash,883,27,,false
T001505,2025-04-19T16:16:00,S05,M000872,store,credit_card,250,0,,false
T001506,2025-04-19T20:29:00,S05,M000427,store,cash,300,0,,false
T001507,2025-04-19T16:01:00,S05,,store,cash,3840,0,,false
T001508,2025-04-19T17:18:00,S05,,store,cash,1570,0,,false
T001509,2025/04/19 12:38,S06,M000902,store,line_pay,1005,0,,false
T001510,2025-04-19T12:38:00,S06,,store,cash,1160,0,,false
T001511,2025-04-19T21:00:00,S99,M000170,online,cash,185,0,,false
T001512,2025-04-20T17:05:00,S01,M000225,store,credit_card,375,0,,false
T001513,2025-04-20T14:29:00,S02,M001087,store,mobile_payment,90,0,,false
T001514,2025-04-20T16:34:00,S02,M001002,store,credit_card,240,0,,false
T001515,2025/04/20 19:37,S02,M001125,store,cash,1680,0,,false
T001516,2025-04-20T15:55:00,S02,,store,line_pay,1640,0,,false
T001517,2025-04-20T15:18:00,S03,M001106,store,cash,125,0,,false
T001518,2025-04-20T17:30:00,S03,M000035,store,credit_card,140,0,,false
T001519,2025-04-20T20:59:00,S03,M000089,store,cash,35,0,,false
T001520,2025-04-20T12:51:00,S04,,store,cash,2470,0,,false
T001521,2025-04-20T17:17:00,S04,,store,cash,1390,120,,false
T001522,2025-04-20T19:36:00,S05,,store,credit_card,1185,0,,false
T001523,2025-04-21T11:31:00,S01,M000002,store,line_pay,310,0,,false
T001524,2025-04-21T11:19:00,S01,M001008,store,cash,435,0,,false
T001525,2025-04-21T20:57:00,S01,M000334,store,cash,695,0,,false
T001526,2025-04-21T20:32:00,S02,,store,line_pay,1550,0,,false
T001527,2025-04-21T19:03:00,S03,M001050,store,credit_card,145,0,,false
T001528,2025-04-21T12:10:00,S04,M000564,store,credit_card,910,0,,false
T001529,2025-04-21T17:06:00,S04,M000021,store,credit_card,1499,0,,false
T001530,2025-04-21T18:41:00,S04,M001097,store,line_pay,2510,0,,false
T001531,2025-04-21T12:00:00,S05,M000359,store,credit_card,390,0,,false
T001532,2025-04-21T19:02:00,S05,,store,cash,2050,0,,false
T001533,2025-04-21T21:23:00,S05,,store,line_pay,2006,174,,false
T001534,2025-04-21T17:17:00,S06,M000462,store,line_pay,370,0,,false
T001535,2025-04-21T22:22:00,S99,M000664,online,mobile_payment,1250,0,,false
T001536,2025-04-22T19:46:00,S01,,store,credit_card,3210,0,,false
T001537,2025-04-22T15:49:00,S02,M000573,store,cash,125,0,,false
T001538,2025-04-22T15:34:00,S02,M000282,store,credit_card,1240,0,,false
T001539,2025-04-22T17:11:00,S03,M000995,store,cash,95,0,,false
T001540,2025-04-22T15:01:00,S03,M000903,store,credit_card,110,0,,false
T001541,2025-04-22T12:12:00,S03,M000906,store,line_pay,100,0,,false
T001542,2025-04-22T18:49:00,S03,,store,cash,1760,0,,false
T001543,2025-04-22T11:37:00,S04,,store,credit_card,2870,0,,false
T001544,2025-04-22T12:53:00,S04,,store,mobile_payment,1420,0,,false
T001545,2025-04-22T21:34:00,S05,M001099,store,credit_card,275,0,,false
T001546,2025-04-22T17:48:00,S05,,store,credit_card,2300,0,,false
T001547,2025-04-22T21:12:00,S05,,store,credit_card,2035,0,,false
T001548,2025-04-22T15:46:00,S06,,store,mobile_payment,575,0,,false
T001549,2025-04-22T18:42:00,S06,,store,cash,-520,0,,true
T001550,2025-04-23T20:18:00,S01,M000644,store,cash,370,0,,false
T001551,2025-04-23T20:46:00,S02,M000054,store,credit_card,95,0,,false
T001552,2025-04-23T17:03:00,S02,M000417,store,cash,1450,0,,false
T001553,2025-04-23T15:03:00,S02,,store,line_pay,1240,0,,false
T001554,2025-04-23T15:22:00,S03,M000177,store,line_pay,110,0,,false
T001555,2025-04-23T19:53:00,S03,M000646,store,mobile_payment,105,0,,false
T001556,2025-04-23T17:48:00,S04,M000885,store,cash,1359,0,,false
T001557,2025-04-23T17:50:00,S04,,store,credit_card,1650,35,,false
T001558,2025-04-23T12:38:00,S04,,store,credit_card,1668,87,,false
T001559,2025-04-23T18:53:00,S05,M000622,store,credit_card,325,0,,false
T001560,2025-04-23T19:46:00,S06,M001015,store,credit_card,180,0,,false
T001561,2025-04-23T12:53:00,S06,M000886,store,cash,325,0,,false
T001562,2025-04-23T14:37:00,S99,M001196,online,credit_card,535,0,,false
T001563,2025-04-23T20:05:00,S99,M000985,online,credit_card,450,0,,false
T001564,2025-04-24T18:44:00,S01,M000689,store,line_pay,110,0,,false
T001565,2025-04-24T20:52:00,S01,M000370,store,credit_card,195,0,,false
T001566,2025-04-24T19:48:00,S01,M000706,store,line_pay,1215,0,,false
T001567,2025-04-24T11:18:00,S01,,store,cash,1280,0,,false
T001568,2025-04-24T20:01:00,S01,,store,credit_card,750,0,,false
T001569,2025-04-24T20:17:00,S01,,store,credit_card,2310,0,,false
T001570,2025/04/24 15:27,S02,M000080,store,cash,110,0,,false
T001571,2025-04-24T18:09:00,S02,M000014,store,credit_card,95,0,,false
T001572,2025-04-24T17:58:00,S02,,store,credit_card,1560,0,,false
T001573,2025-04-24T17:46:00,S03,M000977,store,line_pay,190,0,,false
T001574,2025/04/24 17:25,S03,M000877,store,credit_card,110,0,,false
T001575,2025-04-24T20:18:00,S03,,store,credit_card,1660,0,,false
T001576,2025-04-24T12:23:00,S03,,store,credit_card,2150,0,,false
T001577,2025-04-24T20:44:00,S04,M000153,store,credit_card,585,0,,false
T001578,2025-04-24T19:09:00,S04,,store,credit_card,-540,0,,true
T001579,2025-04-24T12:14:00,S05,M000894,store,credit_card,1540,0,,false
T001580,2025-04-24T11:46:00,S05,M000938,store,credit_card,290,0,,false
T001581,2025-04-24T21:39:00,S99,M000642,online,credit_card,445,0,,false
T001582,2025-04-24T22:58:00,S99,M000028,online,line_pay,810,0,,false
T001583,2025-04-25T12:51:00,S01,M000201,store,line_pay,390,0,,false
T001584,2025/04/25 11:35,S01,M000784,store,credit_card,960,0,,false
T001585,2025-04-25T12:13:00,S01,,store,cash,1340,0,,false
T001586,2025-04-25T18:58:00,S01,,store,mobile_payment,1600,0,,false
T001587,2025-04-25T11:46:00,S02,M001125,store,cash,1250,0,,false
T001588,2025-04-25T18:56:00,S03,M001052,store,mobile_payment,190,0,,false
T001589,2025-04-25T21:57:00,S03,M000458,store,credit_card,155,0,,false
T001590,2025-04-25T18:52:00,S03,M000616,store,cash,110,0,,false
T001591,2025-04-25T19:41:00,S03,M000610,store,cash,70,0,,false
T001592,2025-04-25T17:48:00,S03,M000097,store,credit_card,145,0,,false
T001593,2025-04-25T12:54:00,S03,M000772,store,cash,1290,0,,false
T001594,2025-04-25T18:39:00,S04,M000526,store,credit_card,1439,0,,false
T001595,2025-04-25T12:39:00,S05,M000618,store,credit_card,310,0,,false
T001596,2025-04-25T21:24:00,S05,,store,mobile_payment,1370,0,,false
T001597,2025-04-25T20:57:00,S06,M000529,store,mobile_payment,555,0,,false
T001598,2025-04-26T20:04:00,S01,,store,cash,2120,0,,false
T001599,2025-04-26T15:49:00,S02,M000157,store,line_pay,130,0,,false
T001600,2025-04-26T15:04:00,S02,M000971,store,credit_card,480,0,,false
T001601,2025-04-26T17:17:00,S03,M000109,store,cash,195,0,,false
T001602,2025-04-26T17:50:00,S03,M001160,store,credit_card,70,0,,false
T001603,2025-04-26T17:15:00,S03,M000470,store,credit_card,1235,0,,false
T001604,2025-04-26T15:52:00,S03,M000435,store,line_pay,1185,0,,false
T001605,2025-04-26T16:07:00,S03,,store,cash,2640,0,,false
T001606,2025-04-26T11:05:00,S04,M000719,store,cash,1115,0,,false
T001607,2025-04-26T19:39:00,S04,M001195,store,credit_card,1195,0,,false
T001608,2025-04-26T20:52:00,S04,,store,mobile_payment,2390,0,,false
T001609,2025-04-26T20:23:00,S04,,store,cash,1783,72,,false
T001610,2025-04-26T20:47:00,S05,M000383,store,mobile_payment,870,0,,false
T001611,2025/04/26 12:47,S05,M001109,store,credit_card,330,0,,false
T001612,2025-04-26T12:57:00,S05,,store,credit_card,1185,0,,false
T001613,2025-04-26T12:13:00,S06,M000810,store,line_pay,175,0,,false
T001614,2025-04-26T19:49:00,S06,M000446,store,credit_card,160,0,,false
T001615,2025-04-26T16:12:00,S06,M000594,store,cash,345,0,,false
T001616,2025-04-26T19:28:00,S06,,store,credit_card,1410,0,,false
T001617,2025-04-27T14:46:00,S01,M001088,store,line_pay,500,0,,false
T001618,2025-04-27T20:13:00,S01,M000072,store,line_pay,365,0,,false
T001619,2025-04-27T12:04:00,S01,M000581,store,cash,295,0,,false
T001620,2025-04-27T19:01:00,S01,M001155,store,cash,1010,0,,false
T001621,2025-04-27T20:04:00,S01,M000781,store,cash,980,0,,false
T001622,2025-04-27T14:49:00,S01,,store,credit_card,1120,0,,false
T001623,2025-04-27T16:53:00,S01,,store,cash,1870,0,,false
T001624,2025-04-27T16:20:00,S02,,store,cash,1871,124,,false
T001625,2025-04-27T14:45:00,S03,M000887,store,line_pay,145,0,,false
T001626,2025-04-27T19:36:00,S03,M000496,store,mobile_payment,100,0,,false
T001627,2025-04-27T12:51:00,S05,M000250,store,credit_card,1090,0,,false
T001628,2025-04-27T16:22:00,S05,,store,cash,1855,0,,false
T001629,2025-04-27T12:13:00,S06,M000083,store,cash,970,0,,false
T001630,2025-04-27T15:48:00,S06,M001021,store,line_pay,630,0,,false
T001631,2025-04-27T12:54:00,S99,M001135,online,credit_card,105,0,,false
T001632,2025-04-27T12:23:00,S99,M000265,online,cash,545,0,,false
T001633,2025/04/28 19:18,S01,M001177,store,line_pay,90,0,,false
T001634,2025-04-28T19:18:00,S01,M000685,store,credit_card,895,0,,false
T001635,2025-04-28T12:01:00,S01,M000525,store,cash,305,0,,false
T001636,2025-04-28T12:56:00,S01,M000723,store,mobile_payment,320,0,,false
T001637,2025/04/28 15:23,S01,M000016,store,credit_card,505,0,,false
T001638,2025-04-28T21:38:00,S01,M000491,store,cash,385,0,,false
T001639,2025-04-28T19:20:00,S01,,store,cash,2180,0,,false
T001640,2025-04-28T15:04:00,S01,,store,line_pay,1360,0,,false
T001641,2025-04-28T11:35:00,S02,M000282,store,cash,1010,0,,false
T001642,2025-04-28T17:38:00,S03,M000444,store,credit_card,175,0,,false
T001643,2025-04-28T19:58:00,S03,M000660,store,line_pay,105,0,,false
T001644,2025-04-28T11:10:00,S03,M000648,store,cash,145,0,,false
T001645,2025-04-28T20:28:00,S03,M000487,store,mobile_payment,70,0,,false
T001646,2025-04-28T20:13:00,S04,M000277,store,line_pay,1738,0,,false
T001647,2025-04-28T21:12:00,S04,M000147,store,line_pay,1540,0,,false
T001648,2025/04/28 21:42,S04,M000657,store,cash,780,0,,false
T001649,2025-04-28T17:22:00,S04,M001097,store,cash,2435,0,,false
T001650,2025-04-28T21:26:00,S04,M001097,store,cash,3690,0,,false
T001651,2025-04-28T19:26:00,S05,,store,credit_card,1190,0,,false
T001652,2025-04-29T20:48:00,S01,M001113,store,credit_card,440,0,,false
T001653,2025-04-29T21:40:00,S01,M000350,store,cash,440,0,,false
T001654,2025-04-29T18:32:00,S02,M000507,store,cash,1400,0,,false
T001655,2025-04-29T18:21:00,S03,M000592,store,cash,160,0,,false
T001656,2025-04-29T19:50:00,S04,M001016,store,credit_card,770,0,,false
T001657,2025-04-29T11:40:00,S05,,store,cash,1875,135,,false
T001658,2025-04-29T12:38:00,S06,M000929,store,credit_card,195,0,,false
T001659,2025-04-29T11:59:00,S06,M000509,store,line_pay,1000,0,,false
T001660,2025-04-29T19:38:00,S06,M000474,store,credit_card,810,0,,false
T001661,2025-04-29T20:10:00,S06,,store,mobile_payment,2980,0,,false
T001662,2025-04-29T14:59:00,S99,M000829,online,cash,160,0,,false
T001663,2025-04-29T12:37:00,S99,M000985,online,mobile_payment,-110,0,,true
T001664,2025-04-30T18:47:00,S01,M000898,store,line_pay,390,0,,false
T001665,2025-04-30T17:01:00,S01,,store,credit_card,1485,0,,false
T001666,2025-04-30T20:47:00,S02,M000218,store,cash,160,0,,false
T001667,2025-04-30T11:25:00,S03,M001046,store,mobile_payment,110,0,,false
T001668,2025-04-30T17:13:00,S04,M000070,store,line_pay,1540,0,,false
T001669,2025-04-30T17:46:00,S04,M000769,store,line_pay,1130,0,,false
T001670,2025-04-30T20:27:00,S06,M000322,store,cash,110,0,,false
T001671,2025-04-30T21:27:00,S99,M000737,online,line_pay,95,0,,false
T001672,2025-05-01T20:59:00,S01,M000139,store,credit_card,440,0,,false
T001673,2025-05-01T18:12:00,S01,M000273,store,cash,410,0,,false
T001674,2025/05/01 18:05,S02,M001168,store,credit_card,110,0,,false
T001675,2025-05-01T20:31:00,S02,M000738,store,line_pay,195,0,,false
T001676,2025-05-01T17:21:00,S03,M000185,store,credit_card,125,0,,false
T001677,2025-05-01T12:49:00,S03,M000031,store,credit_card,180,0,,false
T001678,2025-05-01T20:34:00,S03,M000447,store,cash,110,0,,false
T001679,2025-05-01T17:07:00,S04,M000001,store,credit_card,160,0,,false
T001680,2025-05-01T18:48:00,S04,M000314,store,mobile_payment,950,0,,false
T001681,2025-05-01T19:10:00,S05,,store,credit_card,1170,0,,false
T001682,2025-05-01T20:00:00,S06,M000990,store,cash,1170,0,,false
T001683,2025-05-02T17:17:00,S01,,store,cash,1340,0,,false
T001684,2025-05-02T12:58:00,S03,M000057,store,credit_card,105,0,,false
T001685,2025-05-02T18:23:00,S03,M000937,store,cash,145,0,,false
T001686,2025-05-02T18:46:00,S04,M000440,store,line_pay,910,0,,false
T001687,2025-05-02T15:21:00,S05,,store,credit_card,2220,0,,false
T001688,2025-05-02T11:31:00,S06,M001043,store,line_pay,1380,0,,false
T001689,2025-05-02T22:54:00,S99,M001081,online,mobile_payment,1420,0,,false
T001690,2025-05-03T20:44:00,S02,M001006,store,cash,175,0,,false
T001691,2025-05-03T20:36:00,S03,M000589,store,cash,110,0,,false
T001692,2025-05-03T15:13:00,S03,M000658,store,mobile_payment,185,0,,false
T001693,2025-05-03T20:58:00,S03,M000463,store,cash,35,0,,false
T001694,2025-05-03T15:40:00,S03,M001056,store,cash,1210,0,,false
T001695,2025-05-03T15:21:00,S04,M000079,store,line_pay,110,0,,false
T001696,2025-05-03T20:49:00,S04,,store,cash,2036,68,,false
T001697,2025-05-03T11:35:00,S04,,store,line_pay,1244,61,,false
T001698,2025-05-03T16:08:00,S05,M001158,store,line_pay,270,0,,false
T001699,2025-05-03T16:28:00,S05,,store,credit_card,2060,0,,false
T001700,2025-05-03T17:50:00,S06,M000188,store,cash,180,0,,false
T001701,2025-05-03T14:47:00,S06,M000017,store,cash,110,0,,false
T001702,2025-05-03T15:18:00,S06,M000512,store,cash,950,0,,false
T001703,2025-05-04T15:07:00,S01,M001077,store,credit_card,110,0,,false
T001704,2025-05-04T20:39:00,S01,M000612,store,cash,900,0,,false
T001705,2025-05-04T15:54:00,S01,M000429,store,cash,290,0,,false
T001706,2025-05-04T14:00:00,S01,M000577,store,credit_card,1330,0,,false
T001707,2025-05-04T12:00:00,S01,M000683,store,credit_card,1000,0,,false
T001708,2025-05-04T19:48:00,S01,M001116,store,cash,1140,0,,false
T001709,2025-05-04T12:25:00,S01,,store,credit_card,3181,126,,false
T001710,2025-05-04T15:53:00,S01,,store,credit_card,1930,0,,false
T001711,2025-05-04T12:17:00,S02,,store,credit_card,862,0,,false
T001712,2025-05-04T14:48:00,S03,M000609,store,cash,165,0,,false
T001713,2025-05-04T12:28:00,S03,M000140,store,line_pay,35,0,,false
T001714,2025-05-04T11:50:00,S03,M000256,store,credit_card,180,0,,false
T001715,2025-05-04T16:57:00,S03,M000162,store,credit_card,195,0,,false
T001716,2025-05-04T15:57:00,S03,M000598,store,cash,110,0,,false
T001717,2025-05-04T20:04:00,S04,,store,cash,2722,0,,false
T001718,2025-05-04T17:41:00,S05,M001146,store,credit_card,390,0,,false
T001719,2025-05-04T20:35:00,S05,M001055,store,mobile_payment,1020,0,,false
T001720,2025-05-04T20:49:00,S05,,store,cash,1910,0,,false
T001721,2025-05-04T21:56:00,S99,M000265,online,line_pay,545,0,,false
T001722,2025-05-05T21:36:00,S01,M001014,store,cash,445,0,,false
T001723,2025-05-05T21:48:00,S01,,store,cash,2340,0,,false
T001724,2025-05-05T11:30:00,S02,M000363,store,line_pay,750,0,,false
T001725,2025-05-05T20:11:00,S03,M000597,store,line_pay,70,0,,false
T001726,2025-05-05T11:12:00,S03,,store,credit_card,2787,0,,false
T001727,2025-05-05T11:44:00,S04,M000997,store,cash,1360,0,,false
T001728,2025-05-05T12:37:00,S04,M000820,store,credit_card,1130,0,,false
T001729,2025-05-05T19:25:00,S04,,store,mobile_payment,2025,40,,false
T001730,2025-05-05T12:35:00,S05,M000136,store,credit_card,90,0,,false
T001731,2025-05-05T15:34:00,S06,M000346,store,line_pay,110,0,,false
T001732,2025-05-05T12:49:00,S06,M000116,store,credit_card,585,0,,false
T001733,2025-05-05T20:17:00,S99,M001047,online,line_pay,145,0,,false
T001734,2025-05-06T15:07:00,S01,M000354,store,cash,310,0,,false
T001735,2025-05-06T17:57:00,S01,M000332,store,cash,990,0,,false
T001736,2025-05-06T19:44:00,S02,M000998,store,line_pay,70,0,,false
T001737,2025-05-06T20:30:00,S02,M000375,store,credit_card,955,0,,false
T001738,2025-05-06T15:22:00,S02,M000649,store,line_pay,590,0,,false
T001739,2025-05-06T17:02:00,S02,M000511,store,mobile_payment,500,0,,false
T001740,2025-05-06T17:46:00,S02,,store,cash,2170,0,,false
T001741,2025-05-06T11:40:00,S03,M000081,store,credit_card,100,0,,false
T001742,2025-05-06T12:27:00,S03,M000513,store,cash,100,0,,false
T001743,2025-05-06T15:39:00,S04,M000377,store,credit_card,1080,0,,false
T001744,2025-05-06T19:26:00,S04,M001016,store,mobile_payment,2441,0,,false
T001745,2025-05-06T17:47:00,S05,M000595,store,line_pay,250,0,,false
T001746,2025-05-06T17:24:00,S05,,store,line_pay,1620,0,,false
T001747,2025-05-06T17:41:00,S06,M000439,store,cash,165,0,,false
T001748,2025-05-06T21:37:00,S99,M000521,online,cash,160,0,,false
T001749,2025-05-07T17:23:00,S01,,store,cash,1480,128,,false
T001750,2025-05-07T21:44:00,S02,M000980,store,credit_card,1000,0,,false
T001751,2025-05-07T20:44:00,S03,M000465,store,line_pay,70,0,,false
T001752,2025-05-07T17:16:00,S03,M000195,store,credit_card,195,0,,false
T001753,2025-05-07T17:52:00,S03,M001065,store,credit_card,35,0,,false
T001754,2025-05-07T21:35:00,S03,M001095,store,cash,70,0,,false
T001755,2025-05-07T20:47:00,S03,M000452,store,line_pay,110,0,,false
T001756,2025-05-07T19:34:00,S03,M000163,store,mobile_payment,980,0,,false
T001757,2025/05/07 15:27,S03,M000287,store,mobile_payment,455,0,,false
T001758,2025-05-07T18:59:00,S04,M001036,store,cash,130,0,,false
T001759,2025-05-07T20:55:00,S04,M001066,store,mobile_payment,1370,0,,false
T001760,2025-05-07T12:44:00,S04,M000197,store,line_pay,1370,0,,false
T001761,2025-05-07T15:37:00,S05,M000605,store,line_pay,150,0,,false
T001762,2025-05-07T21:38:00,S05,M001034,store,cash,420,0,,false
T001763,2025-05-07T17:24:00,S06,M000876,store,credit_card,1490,0,,false
T001764,2025/05/07 18:15,S06,M000556,store,credit_card,545,0,,false
T001765,2025-05-07T21:18:00,S99,M001034,online,cash,3868,0,,false
T001766,2025-05-07T09:52:00,S99,,online,mobile_payment,913,0,,false
T001767,2025-05-08T19:54:00,S02,M000651,store,cash,895,0,,false
T001768,2025-05-08T19:17:00,S02,M001048,store,cash,990,0,,false
T001769,2025-05-08T19:13:00,S02,M000467,store,credit_card,1455,0,,false
T001770,2025-05-08T20:13:00,S03,M000518,store,mobile_payment,70,0,,false
T001771,2025-05-08T20:49:00,S03,M000203,store,cash,70,0,,false
T001772,2025-05-08T15:45:00,S03,M000453,store,credit_card,35,0,,false
T001773,2025-05-08T21:20:00,S03,M001004,store,cash,860,0,,false
T001774,2025-05-08T12:32:00,S04,M000954,store,line_pay,1420,0,,false
T001775,2025-05-08T18:02:00,S04,M001066,store,mobile_payment,1465,0,,false
T001776,2025-05-08T19:20:00,S05,,store,cash,1825,0,,false
T001777,2025-05-08T19:24:00,S05,,store,credit_card,2410,0,,false
T001778,2025-05-08T21:08:00,S06,M000058,store,mobile_payment,300,0,,false
T001779,2025-05-08T22:29:00,S99,M000415,online,line_pay,1105,0,,false
T001780,2025-05-09T18:48:00,S03,M001032,store,cash,130,0,,false
T001781,2025-05-09T21:54:00,S03,M000295,store,cash,105,0,,false
T001782,2025-05-09T19:57:00,S03,M000254,store,cash,145,0,,false
T001783,2025-05-09T21:42:00,S03,M000570,store,line_pay,1320,0,,false
T001784,2025-05-09T19:08:00,S04,M000969,store,cash,580,0,,false
T001785,2025-05-09T18:04:00,S04,M000101,store,cash,730,0,,false
T001786,2025-05-09T20:56:00,S05,M000137,store,line_pay,160,0,,false
T001787,2025-05-09T21:30:00,S06,M000857,store,line_pay,1420,0,,false
T001788,2025-05-09T21:07:00,S99,M000267,online,credit_card,655,0,,false
T001789,2025-05-10T16:02:00,S01,M000814,store,credit_card,1050,0,,false
T001790,2025-05-10T14:37:00,S01,M000040,store,line_pay,990,0,,false
T001791,2025-05-10T17:29:00,S01,,store,credit_card,2330,0,,false
T001792,2025-05-10T20:58:00,S02,M000152,store,credit_card,1390,0,,false
T001793,2025-05-10T15:28:00,S03,M000962,store,credit_card,105,0,,false
T001794,2025-05-10T15:08:00,S03,M000562,store,credit_card,175,0,,false
T001795,2025-05-10T19:37:00,S03,M000906,store,cash,180,0,,false
T001796,2025-05-10T20:24:00,S03,M000174,store,cash,130,0,,false
T001797,2025-05-10T17:35:00,S03,M000635,store,credit_card,1110,0,,false
T001798,2025-05-10T15:08:00,S03,M000287,store,line_pay,350,0,,false
T001799,2025-05-10T14:48:00,S03,,store,line_pay,2172,108,,false
T001800,2025-05-10T19:42:00,S04,,store,cash,2380,0,,false
T001801,2025-05-10T14:59:00,S05,M000661,store,credit_card,320,0,,false
T001802,2025-05-10T14:47:00,S05,,store,line_pay,2390,0,,false
T001803,2025-05-10T14:23:00,S06,,store,cash,2912,153,,false
T001804,2025-05-10T22:48:00,S99,M001196,online,line_pay,1000,0,,false
T001805,2025-05-10T14:34:00,S99,M000283,online,cash,1010,0,,false
T001806,2025-05-11T15:57:00,S01,M001007,store,cash,1390,0,,false
T001807,2025-05-11T12:33:00,S01,M000225,store,credit_card,440,0,,false
T001808,2025-05-11T11:36:00,S01,M001074,store,cash,470,0,,false
T001809,2025-05-11T11:11:00,S01,M000917,store,cash,1380,0,,false
T001810,2025-05-11T11:25:00,S01,,store,line_pay,1665,0,,false
T001811,2025-05-11T20:39:00,S02,M000220,store,cash,550,0,,false
T001812,2025-05-11T11:50:00,S03,M000308,store,credit_card,70,0,,false
T001813,2025-05-11T19:52:00,S03,M000321,store,credit_card,110,0,,false
T001814,2025/05/11 14:04,S03,M000520,store,credit_card,145,0,,false
T001815,2025-05-11T20:21:00,S03,M000009,store,credit_card,145,0,,false
T001816,2025-05-11T15:17:00,S03,M000587,store,cash,1160,0,,false
T001817,2025-05-11T17:11:00,S04,M000519,store,cash,1375,0,,false
T001818,2025-05-11T19:18:00,S04,M000021,store,cash,1339,0,,false
T001819,2025-05-11T17:10:00,S04,,store,credit_card,2334,146,,false
T001820,2025-05-11T16:29:00,S05,M000385,store,credit_card,390,0,,false
T001821,2025-05-11T11:12:00,S05,M001076,store,line_pay,1210,0,,false
T001822,2025-05-11T17:20:00,S05,M000575,store,mobile_payment,1490,0,,false
T001823,2025-05-11T11:59:00,S05,,store,cash,1870,0,,false
T001824,2025-05-11T21:28:00,S99,M000664,online,credit_card,910,0,,false
T001825,2025-05-11T21:56:00,S99,M001037,online,cash,385,0,,false
T001826,2025-05-12T20:32:00,S01,M001155,store,credit_card,1150,0,,false
T001827,2025-05-12T17:29:00,S02,M001010,store,credit_card,930,0,,false
T001828,2025-05-12T18:14:00,S02,,store,cash,2820,0,,false
T001829,2025-05-12T18:39:00,S04,M000657,store,cash,879,0,,false
T001830,2025-05-12T19:23:00,S04,,store,line_pay,2060,0,,false
T001831,2025-05-12T21:03:00,S05,M000837,store,cash,950,0,,false
T001832,2025-05-12T20:48:00,S06,,store,credit_card,1258,0,,false
T001833,2025-05-12T15:51:00,S06,,store,line_pay,1381,0,,false
T001834,2025-05-13T15:27:00,S01,M001070,store,credit_card,575,0,,false
T001835,2025-05-13T21:30:00,S01,M000459,store,line_pay,1350,0,,false
T001836,2025-05-13T17:55:00,S01,M000953,store,line_pay,720,0,,false
T001837,2025-05-13T19:04:00,S01,,store,cash,1340,0,,false
T001838,2025-05-13T21:07:00,S02,M000336,store,credit_card,860,0,,false
T001839,2025-05-13T15:35:00,S02,M001002,store,credit_card,910,0,,false
T001840,2025-05-13T18:45:00,S02,M000980,store,cash,-260,0,,true
T001841,2025-05-13T11:24:00,S03,M000927,store,credit_card,35,0,,false
T001842,2025-05-13T20:47:00,S03,M001138,store,line_pay,195,0,,false
T001843,2025-05-13T18:07:00,S03,M000772,store,cash,980,0,,false
T001844,2025-05-13T17:21:00,S03,,store,mobile_payment,1620,0,,false
T001845,2025-05-13T17:56:00,S04,M000249,store,cash,940,0,,false
T001846,2025-05-13T20:28:00,S04,M000910,store,credit_card,1260,0,,false
T001847,2025-05-13T18:26:00,S05,M000671,store,cash,390,0,,false
T001848,2025-05-13T11:20:00,S05,,store,credit_card,1280,0,,false
T001849,2025-05-13T19:34:00,S06,M000948,store,cash,1340,0,,false
T001850,2025-05-13T21:50:00,S06,M000956,store,mobile_payment,860,0,,false
T001851,2025-05-14T19:24:00,S01,M000896,store,line_pay,365,0,,false
T001852,2025-05-14T20:02:00,S01,M000755,store,cash,1060,0,,false
T001853,2025-05-14T12:39:00,S01,M000350,store,line_pay,350,0,,false
T001854,2025-05-14T20:32:00,S02,M001039,store,credit_card,125,0,,false
T001855,2025-05-14T21:40:00,S02,,store,cash,3014,0,,false
T001856,2025-05-14T11:42:00,S03,M000196,store,line_pay,70,0,,false
T001857,2025-05-14T15:28:00,S03,M000199,store,line_pay,130,0,,false
T001858,2025-05-14T17:03:00,S03,M000757,store,cash,90,0,,false
T001859,2025-05-14T17:23:00,S04,M000885,store,credit_card,1479,0,,false
T001860,2025-05-14T17:31:00,S04,,store,cash,1214,0,,false
T001861,2025-05-14T21:01:00,S04,,store,credit_card,1215,0,,false
T001862,2025-05-14T18:58:00,S05,M000380,store,mobile_payment,935,0,,false
T001863,2025-05-14T12:52:00,S06,M001170,store,credit_card,1495,0,,false
T001864,2025-05-14T14:12:00,S99,M000964,online,line_pay,190,0,,false
T001865,2025-05-14T22:34:00,S99,M000158,online,cash,1280,0,,false
T001866,2025-05-14T09:41:00,S99,M001196,online,credit_card,650,0,,false
T001867,2025-05-14T14:57:00,S99,M000918,online,cash,1530,0,,false
T001868,2025-05-15T19:19:00,S01,M000781,store,credit_card,420,0,,false
T001869,2025-05-15T20:26:00,S01,M000754,store,cash,425,0,,false
T001870,2025-05-15T17:46:00,S01,,store,mobile_payment,2392,0,,false
T001871,2025-05-15T20:46:00,S03,M001157,store,credit_card,180,0,,false
T001872,2025-05-15T19:22:00,S04,,store,cash,2485,0,,false
T001873,2025-05-15T15:05:00,S05,M000599,store,cash,835,0,,false
T001874,2025-05-15T15:48:00,S05,M000622,store,cash,270,0,,false
T001875,2025-05-15T19:27:00,S05,M000145,store,credit_card,1310,0,,false
T001876,2025-05-15T18:57:00,S05,,store,line_pay,3020,0,,false
T001877,2025-05-15T11:03:00,S06,M000316,store,credit_card,1400,0,,false
T001878,2025-05-15T15:04:00,S06,,store,cash,1120,0,,false
T001879,2025-05-16T20:47:00,S01,M001028,store,line_pay,1190,0,,false
T001880,2025-05-16T15:44:00,S01,,store,credit_card,1501,59,,false
T001881,2025-05-16T19:55:00,S02,M000347,store,cash,110,0,,false
T001882,2025-05-16T17:56:00,S02,M000965,store,cash,1520,0,,false
T001883,2025-05-16T12:24:00,S03,M000995,store,cash,155,0,,false
T001884,2025-05-16T19:30:00,S03,M000991,store,mobile_payment,145,0,,false
T001885,2025-05-16T20:54:00,S04,,store,cash,2609,0,,false
T001886,2025-05-16T12:00:00,S04,,store,credit_card,2360,0,,false
T001887,2025-05-16T19:51:00,S05,M001103,store,credit_card,1120,0,,false
T001888,2025-05-16T19:07:00,S05,M000421,store,cash,1300,0,,false
T001889,2025-05-16T21:57:00,S05,,store,cash,1886,41,,false
T001890,2025-05-16T20:33:00,S05,,store,mobile_payment,2170,0,,false
T001891,2025-05-17T12:31:00,S01,M001073,store,mobile_payment,1020,0,,false
T001892,2025-05-17T11:39:00,S01,M000798,store,cash,455,0,,false
T001893,2025-05-17T19:30:00,S01,M000789,store,credit_card,385,0,,false
T001894,2025-05-17T19:37:00,S01,M000428,store,cash,380,0,,false
T001895,2025-05-17T11:32:00,S01,M000917,store,cash,1500,0,,false
T001896,2025-05-17T20:57:00,S01,,store,line_pay,1479,164,,false
T001897,2025-05-17T15:02:00,S01,,store,cash,1016,88,,false
T001898,2025-05-17T15:13:00,S02,M000530,store,cash,1040,0,,false
T001899,2025-05-17T17:17:00,S03,M000406,store,line_pay,35,0,,false
T001900,2025-05-17T12:14:00,S03,M000052,store,cash,145,0,,false
T001901,2025-05-17T11:09:00,S03,M000238,store,line_pay,160,0,,false
T001902,2025-05-17T16:17:00,S03,M000253,store,credit_card,165,0,,false
T001903,2025-05-17T12:23:00,S04,M000526,store,cash,1619,0,,false
T001904,2025-05-17T14:10:00,S04,M000060,store,cash,1040,0,,false
T001905,2025-05-17T11:11:00,S04,,store,cash,3250,0,,false
T001906,2025-05-18T15:28:00,S01,M000746,store,line_pay,385,0,,false
T001907,2025-05-18T11:52:00,S02,M000537,store,cash,160,0,,false
T001908,2025-05-18T14:11:00,S03,M000765,store,credit_card,750,0,,false
T001909,2025-05-18T11:31:00,S03,,store,mobile_payment,3019,0,,false
T001910,2025-05-18T11:39:00,S04,M000277,store,mobile_payment,1359,0,,false
T001911,2025-05-18T12:52:00,S04,,store,credit_card,1545,0,,false
T001912,2025-05-18T19:16:00,S05,M000709,store,cash,960,0,,false
T001913,2025-05-18T19:25:00,S05,M000286,store,line_pay,1400,0,,false
T001914,2025-05-18T11:02:00,S05,M000595,store,credit_card,215,0,,false
T001915,2025-05-18T12:07:00,S05,,store,line_pay,1595,0,,false
T001916,2025-05-18T14:12:00,S06,M000091,store,credit_card,785,0,,false
T001917,2025-05-18T21:13:00,S99,M001034,online,line_pay,1983,0,,false
T001918,2025-05-19T18:24:00,S01,M000889,store,line_pay,110,0,,false
T001919,2025-05-19T20:51:00,S01,M000963,store,cash,135,0,,false
T001920,2025-05-19T18:50:00,S01,M000795,store,credit_card,360,0,,false
T001921,2025-05-19T20:01:00,S01,M000102,store,cash,320,0,,false
T001922,2025-05-19T18:29:00,S02,M000670,store,credit_card,960,0,,false
T001923,2025-05-19T17:04:00,S03,M000221,store,line_pay,190,0,,false
T001924,2025-05-19T12:39:00,S03,M000190,store,mobile_payment,130,0,,false
T001925,2025-05-19T18:22:00,S04,,store,cash,1650,0,,false
T001926,2025-05-19T18:08:00,S05,M000722,store,line_pay,325,0,,false
T001927,2025-05-19T17:38:00,S05,,store,cash,1882,0,,false
T001928,2025-05-20T12:39:00,S01,M000278,store,credit_card,1020,0,,false
T001929,2025-05-20T19:17:00,S01,M000204,store,cash,740,0,,false
T001930,2025-05-20T15:20:00,S02,M001048,store,credit_card,-480,0,,true
T001931,2025-05-20T17:24:00,S03,M000717,store,credit_card,160,0,,false
T001932,2025-05-20T17:32:00,S03,,store,line_pay,1534,0,,false
T001933,2025-05-20T17:07:00,S04,,store,cash,1392,0,,false
T001934,2025-05-20T22:27:00,S99,M000270,online,cash,1320,0,,false
T001935,2025-05-20T12:02:00,S99,M000931,online,credit_card,1230,0,,false
T001936,2025-05-21T11:17:00,S01,M000858,store,cash,460,0,,false
T001937,2025-05-21T19:06:00,S02,M000968,store,credit_card,180,0,,false
T001938,2025-05-21T21:09:00,S02,M000243,store,cash,160,0,,false
T001939,2025-05-21T17:36:00,S03,M001134,store,cash,420,0,,false
T001940,2025-05-21T18:20:00,S04,M001041,store,line_pay,1200,0,,false
T001941,2025-05-21T17:32:00,S04,M000500,store,cash,1180,0,,false
T001942,2025-05-21T17:32:00,S05,M000938,store,cash,240,0,,false
T001943,2025-05-21T11:17:00,S05,M001121,store,line_pay,390,0,,false
T001944,2025-05-21T19:00:00,S05,M000379,store,line_pay,955,0,,false
T001945,2025-05-21T17:37:00,S05,,store,mobile_payment,1958,0,,false
T001946,2025-05-21T09:01:00,S99,M000880,online,line_pay,875,0,,false
T001947,2025-05-21T14:19:00,S99,M000625,online,mobile_payment,995,0,,false
T001948,2025-05-22T17:17:00,S01,M001189,store,cash,395,0,,false
T001949,2025-05-22T20:27:00,S02,,store,credit_card,1976,0,,false
T001950,2025-05-22T12:41:00,S03,M000830,store,cash,160,0,,false
T001951,2025-05-22T18:11:00,S04,M000239,store,mobile_payment,1000,0,,false
T001952,2025-05-22T17:44:00,S04,M000373,store,credit_card,1560,0,,false
T001953,2025-05-22T18:34:00,S04,,store,credit_card,1640,100,,false
T001954,2025-05-22T22:14:00,S99,M000556,online,line_pay,1313,0,,false
T001955,2025-05-23T19:52:00,S01,M000291,store,line_pay,160,0,,false
T001956,2025-05-23T12:09:00,S01,M000884,store,line_pay,375,0,,false
T001957,2025-05-23T19:11:00,S01,M000802,store,cash,830,0,,false
T001958,2025-05-23T19:26:00,S01,,store,credit_card,3004,181,,false
T001959,2025-05-23T17:02:00,S02,M000363,store,credit_card,285,0,,false
T001960,2025/05/23 19:33,S03,M000960,store,credit_card,170,0,,false
T001961,2025/05/23 21:52,S03,M001180,store,credit_card,1560,0,,false
T001962,2025-05-23T18:32:00,S04,M001190,store,credit_card,1340,0,,false
T001963,2025-05-23T18:47:00,S04,M001016,store,line_pay,1695,0,,false
T001964,2025-05-23T21:01:00,S04,,store,mobile_payment,1775,0,,false
T001965,2025-05-23T19:42:00,S05,,store,cash,2217,40,,false
T001966,2025-05-23T17:24:00,S05,,store,line_pay,1263,0,,false
T001967,2025-05-23T12:31:00,S99,M000020,online,cash,900,0,,false
T001968,2025-05-24T14:21:00,S01,M001008,store,line_pay,385,0,,false
T001969,2025-05-24T20:34:00,S01,M000574,store,credit_card,610,0,,false
T001970,2025-05-24T15:42:00,S01,,store,cash,2660,0,,false
T001971,2025-05-24T14:38:00,S01,,store,cash,1475,77,,false
T001972,2025-05-24T17:28:00,S01,,store,mobile_payment,1297,63,,false
T001973,2025-05-24T12:43:00,S03,M000344,store,cash,105,0,,false
T001974,2025-05-24T11:31:00,S03,M000913,store,credit_card,105,0,,false
T001975,2025-05-24T15:41:00,S03,M001054,store,mobile_payment,95,0,,false
T001976,2025-05-24T20:51:00,S03,,store,cash,1442,0,,false
T001977,2025-05-24T15:57:00,S03,,store,line_pay,1376,0,,false
T001978,2025-05-24T16:29:00,S04,M000412,store,mobile_payment,110,0,,false
T001979,2025-05-24T14:13:00,S04,,store,line_pay,1419,0,,false
T001980,2025-05-24T12:08:00,S05,M000313,store,mobile_payment,1465,0,,false
T001981,2025-05-24T17:55:00,S05,,store,credit_card,2360,0,,false
T001982,2025-05-24T12:00:00,S06,M001078,store,cash,915,0,,false
T001983,2025-05-24T22:02:00,S99,M000437,online,credit_card,630,0,,false
T001984,2025-05-25T20:32:00,S01,M000413,store,credit_card,100,0,,false
T001985,2025-05-25T11:52:00,S01,,store,line_pay,1956,104,,false
T001986,2025-05-25T19:21:00,S03,M000458,store,credit_card,105,0,,false
T001987,2025-05-25T16:05:00,S03,M000916,store,credit_card,90,0,,false
T001988,2025-05-25T16:09:00,S03,M000162,store,mobile_payment,145,0,,false
T001989,2025-05-25T14:24:00,S04,M000553,store,cash,1490,0,,false
T001990,2025-05-25T11:52:00,S04,,store,line_pay,1098,0,,false
T001991,2025-05-25T11:31:00,S05,M000870,store,credit_card,150,0,,false
T001992,2025-05-25T16:06:00,S05,M001068,store,credit_card,275,0,,false
T001993,2025-05-25T17:06:00,S05,,store,line_pay,-380,0,,true
T001994,2025-05-25T16:02:00,S06,,store,cash,2240,194,,false
T001995,2025-05-25T21:49:00,S99,M000261,online,cash,380,0,,false
T001996,2025-05-25T20:09:00,S99,M000724,online,credit_card,960,0,,false
T001997,2025-05-26T12:11:00,S01,M000743,store,credit_card,325,0,,false
T001998,2025-05-26T19:49:00,S01,M000103,store,credit_card,960,0,,false
T001999,2025-05-26T12:19:00,S02,M000485,store,credit_card,1040,0,,false
T002000,2025-05-26T21:49:00,S02,M000210,store,cash,1000,0,,false
T002001,2025-05-26T20:46:00,S02,,store,line_pay,1538,0,,false
T002002,2025-05-26T17:37:00,S03,M001106,store,cash,70,0,,false
T002003,2025-05-26T18:59:00,S03,M000183,store,credit_card,105,0,,false
T002004,2025-05-26T19:16:00,S04,M000657,store,line_pay,1460,0,,false
T002005,2025-05-26T18:03:00,S04,M000349,store,credit_card,1110,0,,false
T002006,2025-05-26T20:59:00,S04,M000055,store,line_pay,1180,0,,false
T002007,2025-05-26T19:59:00,S04,,store,credit_card,2044,0,,false
T002008,2025-05-26T19:59:00,S04,,store,cash,2540,0,,false
T002009,2025-05-26T15:54:00,S05,M000219,store,line_pay,335,0,,false
T002010,2025-05-26T19:26:00,S05,M000073,store,line_pay,540,0,,false
T002011,2025-05-26T18:41:00,S06,M000708,store,line_pay,110,0,,false
T002012,2025-05-27T19:57:00,S02,M000507,store,credit_card,1155,0,,false
T002013,2025-05-27T18:32:00,S03,M000378,store,cash,110,0,,false
T002014,2025-05-27T17:18:00,S03,M000165,store,credit_card,130,0,,false
T002015,2025-05-27T21:56:00,S03,M000358,store,credit_card,185,0,,false
T002016,2025-05-27T15:26:00,S04,M000771,store,mobile_payment,110,0,,false
T002017,2025-05-27T19:13:00,S06,M001043,store,mobile_payment,720,0,,false
T002018,2025-05-27T18:05:00,S06,,store,line_pay,1466,0,,false
T002019,2025-05-28T21:26:00,S01,M000955,store,mobile_payment,95,0,,false
T002020,2025-05-28T11:02:00,S01,M000408,store,mobile_payment,110,0,,false
T002021,2025-05-28T18:29:00,S01,M000225,store,cash,415,0,,false
T002022,2025-05-28T18:33:00,S01,M000201,store,cash,370,0,,false
T002023,2025-05-28T18:41:00,S01,M000999,store,cash,500,0,,false
T002024,2025-05-28T18:25:00,S01,M000754,store,cash,885,0,,false
T002025,2025-05-28T12:35:00,S01,,store,cash,1495,0,,false
T002026,2025-05-28T17:17:00,S01,,store,cash,1990,0,,false
T002027,2025-05-28T19:47:00,S02,,store,credit_card,2318,0,,false
T002028,2025-05-28T20:40:00,S03,M000488,store,cash,190,0,,false
T002029,2025-05-28T18:23:00,S03,M000308,store,credit_card,35,0,,false
T002030,2025-05-28T19:16:00,S05,M001102,store,cash,750,0,,false
T002031,2025-05-28T12:42:00,S06,M000668,store,line_pay,195,0,,false
T002032,2025-05-28T18:48:00,S06,M000255,store,credit_card,170,0,,false
T002033,2025-05-28T09:19:00,S99,M000829,online,mobile_payment,185,0,,false
T002034,2025-05-28T12:02:00,S99,M000049,online,cash,1585,0,,false
T002035,2025-05-28T14:56:00,S99,,online,mobile_payment,960,0,,false
T002036,2025-05-29T20:07:00,S01,M000002,store,credit_card,450,0,,false
T002037,2025-05-29T21:17:00,S01,M000723,store,cash,480,0,,false
T002038,2025-05-29T18:18:00,S01,M000988,store,cash,1050,0,,false
T002039,2025-05-29T20:06:00,S02,M001087,store,mobile_payment,100,0,,false
T002040,2025-05-29T12:09:00,S02,M001144,store,line_pay,110,0,,false
T002041,2025-05-29T17:14:00,S02,M000395,store,cash,1140,0,,false
T002042,2025-05-29T21:42:00,S02,M000726,store,credit_card,1390,0,,false
T002043,2025-05-29T12:06:00,S02,M000904,store,credit_card,1150,0,,false
T002044,2025-05-29T18:37:00,S03,M001092,store,cash,35,0,,false
T002045,2025-05-29T19:21:00,S03,M000090,store,credit_card,165,0,,false
T002046,2025-05-29T20:55:00,S03,M001167,store,line_pay,130,0,,false
T002047,2025-05-29T19:37:00,S03,M000677,store,credit_card,90,0,,false
T002048,2025-05-29T18:02:00,S04,M000410,store,credit_card,1340,0,,false
T002049,2025-05-29T19:13:00,S04,,store,credit_card,2851,0,,false
T002050,2025-05-29T20:18:00,S04,,store,credit_card,2147,0,,false
T002051,2025-05-29T21:33:00,S05,M001179,store,cash,160,0,,false
T002052,2025-05-29T19:18:00,S05,M000069,store,credit_card,1350,0,,false
T002053,2025-05-29T19:07:00,S05,,store,mobile_payment,2343,0,,false
T002054,2025-05-29T12:36:00,S05,,store,credit_card,1219,105,,false
T002055,2025-05-29T14:52:00,S99,M000484,online,cash,365,0,,false
T002056,2025-05-30T21:39:00,S01,M000229,store,cash,95,0,,false
T002057,2025-05-30T19:50:00,S01,,store,mobile_payment,1643,86,,false
T002058,2025-05-30T20:36:00,S01,,store,credit_card,2133,112,,false
T002059,2025-05-30T12:24:00,S01,,store,cash,1925,75,,false
T002060,2025-05-30T11:39:00,S03,M000086,store,line_pay,190,0,,false
T002061,2025-05-30T20:15:00,S03,M000167,store,credit_card,105,0,,false
T002062,2025-05-30T20:59:00,S04,M000564,store,credit_card,1025,0,,false
T002063,2025-05-30T18:19:00,S04,M000021,store,cash,1399,0,,false
T002064,2025-05-30T21:55:00,S04,M001086,store,cash,1459,0,,false
T002065,2025-05-30T20:53:00,S04,M000197,store,credit_card,1210,0,,false
T002066,2025-05-30T12:48:00,S05,M001044,store,credit_card,1020,0,,false
T002067,2025-05-30T12:18:00,S06,M000365,store,credit_card,95,0,,false
T002068,2025-05-31T11:03:00,S01,M000919,store,line_pay,780,0,,false
T002069,2025-05-31T20:32:00,S01,M001016,store,cash,2130,50,,false
T002070,2025-05-31T19:09:00,S02,M000806,store,credit_card,170,0,,false
T002071,2025-05-31T14:55:00,S02,M000362,store,cash,1325,0,,false
T002072,2025-05-31T20:30:00,S02,,store,cash,2283,0,,false
T002073,2025/05/31 16:10,S02,,store,line_pay,784,0,,false
T002074,2025-05-31T17:04:00,S02,,store,cash,1510,0,,false
T002075,2025-05-31T14:14:00,S03,M001050,store,credit_card,155,0,,false
T002076,2025-05-31T17:30:00,S03,M000765,store,credit_card,1240,0,,false
T002077,2025-05-31T17:53:00,S03,,store,cash,1340,0,,false
T002078,2025-05-31T16:56:00,S04,M000901,store,mobile_payment,1599,0,,false
T002079,2025-05-31T19:02:00,S04,M000269,store,cash,1259,0,,false
T002080,2025-05-31T12:21:00,S04,M000489,store,mobile_payment,1100,0,,false
T002081,2025-05-31T15:04:00,S04,,store,mobile_payment,2026,84,,false
T002082,2025-05-31T19:28:00,S05,M000940,store,line_pay,270,0,,false
T002083,2025-05-31T14:47:00,S05,M000419,store,credit_card,310,0,,false
T002084,2025-05-31T12:21:00,S05,,store,credit_card,2210,0,,false
T002085,2025-05-31T14:20:00,S06,M000845,store,cash,130,0,,false
T002086,2025-05-31T20:38:00,S99,M000640,online,cash,360,0,,false
T002087,2025-06-01T15:13:00,S01,M000898,store,line_pay,430,0,,false
T002088,2025-06-01T20:37:00,S01,M000819,store,cash,1035,0,,false
T002089,2025-06-01T15:08:00,S01,,store,line_pay,2384,0,,false
T002090,2025-06-01T12:58:00,S02,M000469,store,credit_card,155,0,,false
T002091,2025-06-01T14:36:00,S02,M000210,store,credit_card,575,0,,false
T002092,2025-06-01T17:23:00,S03,M001153,store,cash,175,0,,false
T002093,2025-06-01T12:03:00,S03,M000563,store,credit_card,70,0,,false
T002094,2025-06-01T17:53:00,S03,M001098,store,credit_card,185,0,,false
T002095,2025-06-01T15:07:00,S04,M000553,store,credit_card,1085,0,,false
T002096,2025-06-01T14:50:00,S04,,store,cash,1456,0,,false
T002097,2025-06-01T20:44:00,S05,M000671,store,mobile_payment,225,0,,false
T002098,2025-06-01T15:31:00,S05,,store,credit_card,1370,0,,false
T002099,2025-06-01T17:46:00,S05,,store,credit_card,2120,0,,false
T002100,2025-06-01T16:10:00,S06,M000725,store,cash,145,0,,false
T002101,2025-06-01T14:18:00,S06,M000262,store,line_pay,1000,0,,false
T002102,2025-06-01T15:01:00,S06,M000509,store,cash,1270,0,,false
T002103,2025-06-02T17:41:00,S01,M001038,store,mobile_payment,415,0,,false
T002104,2025-06-02T19:48:00,S01,,store,cash,900,0,,false
T002105,2025-06-02T12:21:00,S02,M000392,store,credit_card,180,0,,false
T002106,2025-06-02T18:56:00,S03,M000279,store,credit_card,105,0,,false
T002107,2025-06-02T19:52:00,S03,M001071,store,credit_card,190,0,,false
T002108,2025-06-02T17:43:00,S05,M000036,store,cash,95,0,,false
T002109,2025-06-02T19:01:00,S06,M000390,store,line_pay,110,0,,false
T002110,2025-06-02T14:59:00,S99,M000306,online,line_pay,195,0,,false
T002111,2025-06-02T22:24:00,S99,M000198,online,cash,1075,0,,false
T002112,2025-06-02T21:51:00,S99,M000172,online,line_pay,480,0,,false
T002113,2025-06-02T09:02:00,S99,,online,line_pay,1246,0,,false
T002114,2025-06-03T12:04:00,S01,M000835,store,line_pay,90,0,,false
T002115,2025-06-03T20:07:00,S01,M000192,store,cash,430,0,,false
T002116,2025-06-03T18:45:00,S01,M000072,store,cash,415,0,,false
T002117,2025/06/03 20:26,S01,M000581,store,cash,460,0,,false
T002118,2025-06-03T20:00:00,S01,M000433,store,line_pay,350,0,,false
T002119,2025-06-03T19:37:00,S03,M000799,store,mobile_payment,175,0,,false
T002120,2025-06-03T11:36:00,S03,M000195,store,cash,195,0,,false
T002121,2025-06-03T21:17:00,S03,M000185,store,cash,35,0,,false
T002122,2025-06-03T20:00:00,S03,M000444,store,cash,105,0,,false
T002123,2025-06-03T19:37:00,S03,M000100,store,cash,180,0,,false
T002124,2025-06-03T15:50:00,S03,M000108,store,credit_card,165,0,,false
T002125,2025-06-03T20:23:00,S03,M000319,store,credit_card,175,0,,false
T002126,2025-06-03T20:10:00,S03,M000295,store,credit_card,170,0,,false
T002127,2025-06-03T15:26:00,S03,M000974,store,cash,175,0,,false
T002128,2025/06/03 20:31,S04,M000975,store,line_pay,1658,0,,false
T002129,2025-06-03T18:11:00,S05,M000674,store,credit_card,835,0,,false
T002130,2025-06-03T18:51:00,S05,M000827,store,credit_card,300,0,,false
T002131,2025-06-03T17:27:00,S05,,store,cash,-130,0,,true
T002132,2025-06-03T21:16:00,S99,M000783,online,line_pay,785,0,,false
T002133,2025-06-04T21:45:00,S01,M001034,store,credit_card,1484,0,,false
T002134,2025-06-04T11:37:00,S02,M000026,store,mobile_payment,310,0,,false
T002135,2025-06-04T20:55:00,S03,M000105,store,cash,90,0,,false
T002136,2025-06-04T18:48:00,S03,M000127,store,cash,110,0,,false
T002137,2025-06-04T15:02:00,S04,M000885,store,cash,1239,0,,false
T002138,2025-06-04T21:22:00,S04,M000969,store,cash,865,0,,false
T002139,2025-06-04T20:38:00,S05,M000050,store,mobile_payment,320,0,,false
T002140,2025-06-04T15:55:00,S05,,store,mobile_payment,2580,0,,false
T002141,2025-06-04T09:16:00,S99,M001063,online,credit_card,1065,0,,false
T002142,2025-06-04T21:21:00,S99,M000556,online,cash,263,0,,false
T002143,2025-06-05T12:49:00,S01,M000895,store,credit_card,375,0,,false
T002144,2025-06-05T19:41:00,S01,M001008,store,mobile_payment,355,0,,false
T002145,2025-06-05T20:18:00,S01,,store,line_pay,1340,0,,false
T002146,2025-06-05T21:51:00,S01,,store,credit_card,1280,0,,false
T002147,2025-06-05T18:30:00,S01,,store,cash,1899,91,,false
T002148,2025-06-05T17:23:00,S02,M001125,store,credit_card,1510,0,,false
T002149,2025-06-05T15:27:00,S02,M000832,store,line_pay,355,0,,false
T002150,2025-06-05T17:51:00,S02,,store,cash,2806,58,,false
T002151,2025-06-05T20:18:00,S03,M000532,store,line_pay,105,0,,false
T002152,2025-06-05T19:08:00,S03,M000982,store,credit_card,90,0,,false
T002153,2025-06-05T12:38:00,S03,M000031,store,credit_card,110,0,,false
T002154,2025-06-05T21:32:00,S03,M000626,store,credit_card,105,0,,false
T002155,2025-06-05T18:46:00,S03,M000646,store,cash,140,0,,false
T002156,2025-06-05T15:19:00,S03,M000487,store,credit_card,180,0,,false
T002157,2025-06-05T12:26:00,S04,M001151,store,credit_card,885,0,,false
T002158,2025-06-05T20:45:00,S04,,store,cash,1666,0,,false
T002159,2025-06-05T21:20:00,S05,M000692,store,cash,390,0,,false
T002160,2025-06-05T19:30:00,S05,M000692,store,cash,120,0,,false
T002161,2025-06-05T19:37:00,S05,M000943,store,cash,250,0,,false
T002162,2025-06-05T19:29:00,S05,M000421,store,cash,1335,0,,false
T002163,2025/06/06 17:42,S01,,store,line_pay,2493,0,,false
T002164,2025/06/06 21:30,S02,M000080,store,line_pay,160,0,,false
T002165,2025-06-06T15:49:00,S02,M001089,store,credit_card,1480,0,,false
T002166,2025-06-06T18:58:00,S02,M000578,store,line_pay,620,0,,false
T002167,2025-06-06T17:08:00,S03,M000996,store,line_pay,90,0,,false
T002168,2025-06-06T17:40:00,S03,,store,credit_card,2502,0,,false
T002169,2025-06-06T19:37:00,S04,M000430,store,cash,860,0,,false
T002170,2025-06-06T15:48:00,S04,,store,credit_card,1610,0,,false
T002171,2025-06-06T18:13:00,S05,M000627,store,credit_card,300,0,,false
T002172,2025/06/06 21:21,S05,M000702,store,line_pay,290,0,,false
T002173,2025-06-06T19:11:00,S05,M001193,store,line_pay,340,0,,false
T002174,2025-06-06T11:10:00,S06,M000443,store,cash,110,0,,false
T002175,2025-06-06T21:59:00,S99,M000809,online,credit_card,95,0,,false
T002176,2025-06-07T16:06:00,S01,M001083,store,credit_card,95,0,,false
T002177,2025-06-07T19:11:00,S01,M000743,store,credit_card,400,0,,false
T002178,2025-06-07T12:14:00,S01,M001088,store,credit_card,510,0,,false
T002179,2025-06-07T12:58:00,S01,M000953,store,credit_card,460,0,,false
T002180,2025-06-07T20:00:00,S01,,store,line_pay,2205,0,,false
T002181,2025-06-07T11:14:00,S02,M000417,store,line_pay,1480,0,,false
T002182,2025-06-07T11:47:00,S03,M000463,store,credit_card,175,0,,false
T002183,2025-06-07T11:29:00,S04,M000526,store,credit_card,1279,0,,false
T002184,2025-06-07T16:46:00,S04,M000778,store,credit_card,1360,0,,false
T002185,2025-06-07T12:09:00,S04,M000542,store,cash,1190,0,,false
T002186,2025-06-07T19:53:00,S05,M000687,store,credit_card,455,0,,false
T002187,2025-06-07T17:55:00,S05,,store,cash,1960,0,,false
T002188,2025-06-07T16:30:00,S05,,store,cash,2369,0,,false
T002189,2025-06-07T16:09:00,S05,,store,mobile_payment,2221,0,,false
T002190,2025-06-07T19:02:00,S05,,store,cash,1896,164,,false
T002191,2025-06-07T19:41:00,S06,M000083,store,cash,980,0,,false
T002192,2025-06-07T09:04:00,S99,M000176,online,cash,130,0,,false
T002193,2025-06-07T12:22:00,S99,M000556,online,credit_card,1326,0,,false
T002194,2025-06-07T21:33:00,S99,,online,credit_card,1214,0,,false
T002195,2025-06-08T20:36:00,S01,M000329,store,line_pay,355,0,,false
T002196,2025-06-08T15:22:00,S01,M000433,store,line_pay,640,0,,false
T002197,2025-06-08T19:37:00,S02,M000530,store,mobile_payment,1485,0,,false
T002198,2025-06-08T11:19:00,S02,M000445,store,credit_card,755,0,,false
T002199,2025-06-08T19:21:00,S02,,store,credit_card,1250,0,,false
T002200,2025-06-08T15:49:00,S03,M001003,store,cash,105,0,,false
T002201,2025-06-08T15:25:00,S03,M001017,store,credit_card,620,0,,false
T002202,2025-06-08T19:52:00,S03,,store,line_pay,2579,0,,false
T002203,2025-06-08T15:02:00,S04,,store,credit_card,2216,0,,false
T002204,2025-06-08T11:12:00,S04,,store,cash,2125,0,,false
T002205,2025-06-08T14:35:00,S04,,store,cash,2003,191,,false
T002206,2025-06-08T16:34:00,S05,M001099,store,credit_card,360,0,,false
T002207,2025-06-08T12:11:00,S05,,store,line_pay,1570,30,,false
T002208,2025-06-08T20:10:00,S99,M000864,online,mobile_payment,515,0,,false
T002209,2025-06-09T21:43:00,S01,M000506,store,cash,90,0,,false
T002210,2025-06-09T20:02:00,S01,M001113,store,credit_card,445,0,,false
T002211,2025-06-09T19:37:00,S01,M000819,store,mobile_payment,980,0,,false
T002212,2025-06-09T11:33:00,S01,M000873,store,line_pay,1100,0,,false
T002213,2025-06-09T19:32:00,S01,M001139,store,cash,1095,0,,false
T002214,2025-06-09T17:08:00,S02,,store,line_pay,1803,0,,false
T002215,2025-06-09T15:57:00,S03,M000995,store,cash,185,0,,false
T002216,2025-06-09T15:15:00,S03,M000736,store,cash,195,0,,false
T002217,2025-06-09T17:37:00,S03,M000748,store,credit_card,100,0,,false
T002218,2025-06-09T11:53:00,S03,M000547,store,credit_card,70,0,,false
T002219,2025-06-09T19:28:00,S03,M000078,store,cash,35,0,,false
T002220,2025-06-09T12:50:00,S03,M000598,store,line_pay,145,0,,false
T002221,2025-06-09T20:28:00,S03,M000961,store,cash,105,0,,false
T002222,2025-06-09T12:53:00,S03,M000610,store,credit_card,35,0,,false
T002223,2025-06-09T12:56:00,S03,M000602,store,line_pay,175,0,,false
T002224,2025-06-09T17:48:00,S04,M000585,store,mobile_payment,1310,0,,false
T002225,2025-06-09T15:17:00,S04,M000074,store,line_pay,520,0,,false
T002226,2025-06-09T19:32:00,S05,M000976,store,credit_card,110,0,,false
T002227,2025-06-09T20:53:00,S05,M000427,store,cash,235,0,,false
T002228,2025-06-09T20:13:00,S05,,store,credit_card,2240,0,,false
T002229,2025-06-09T17:06:00,S06,M000667,store,cash,590,0,,false
T002230,2025-06-09T20:16:00,S99,M000812,online,cash,130,0,,false
T002231,2025-06-10T15:47:00,S01,M000039,store,line_pay,385,0,,false
T002232,2025-06-10T17:38:00,S01,,store,cash,480,0,,false
T002233,2025-06-10T15:18:00,S01,,store,credit_card,480,0,,false
T002234,2025-06-10T17:30:00,S01,,store,cash,2443,0,,false
T002235,2025-06-10T11:53:00,S03,M000721,store,credit_card,105,0,,false
T002236,2025-06-10T15:24:00,S03,M000589,store,cash,110,0,,false
T002237,2025-06-10T18:02:00,S05,M000359,store,line_pay,270,0,,false
T002238,2025-06-10T20:56:00,S05,M001034,store,credit_card,650,0,,false
T002239,2025-06-10T12:05:00,S05,,store,credit_card,1294,0,,false
T002240,2025-06-10T20:46:00,S99,M001186,online,credit_card,110,0,,false
T002241,2025-06-11T11:12:00,S01,M000685,store,cash,1005,0,,false
T002242,2025-06-11T21:30:00,S01,M001074,store,credit_card,460,0,,false
T002243,2025-06-11T17:25:00,S02,M000202,store,mobile_payment,110,0,,false
T002244,2025-06-11T17:13:00,S03,M000146,store,line_pay,100,0,,false
T002245,2025-06-11T19:46:00,S03,M001160,store,cash,130,0,,false
T002246,2025-06-11T21:01:00,S04,M000782,store,credit_card,155,0,,false
T002247,2025-06-11T19:56:00,S04,M000492,store,line_pay,155,0,,false
T002248,2025-06-11T21:25:00,S04,M000277,store,cash,1399,0,,false
T002249,2025-06-11T17:50:00,S04,,store,credit_card,780,0,,false
T002250,2025-06-11T11:19:00,S05,M000643,store,mobile_payment,900,0,,false
T002251,2025-06-11T11:28:00,S05,M000894,store,credit_card,910,0,,false
T002252,2025-06-11T17:23:00,S05,M000872,store,credit_card,390,0,,false
T002253,2025-06-11T12:24:00,S06,,store,credit_card,1220,0,,false
T002254,2025-06-12T21:30:00,S01,,store,line_pay,960,0,,false
T002255,2025-06-12T12:46:00,S01,,store,cash,960,0,,false
T002256,2025-06-12T21:52:00,S01,,store,line_pay,1250,108,,false
T002257,2025-06-12T21:28:00,S01,,store,credit_card,2020,0,,false
T002258,2025-06-12T20:13:00,S03,M000786,store,cash,35,0,,false
T002259,2025-06-12T12:13:00,S03,M000757,store,cash,125,0,,false
T002260,2025-06-12T15:36:00,S03,M001134,store,cash,350,0,,false
T002261,2025-06-12T17:21:00,S03,,store,cash,1932,168,,false
T002262,2025-06-12T12:14:00,S04,M000055,store,credit_card,1060,0,,false
T002263,2025-06-12T20:04:00,S04,,store,credit_card,2316,174,,false
T002264,2025-06-12T19:55:00,S06,M000594,store,cash,370,0,,false
T002265,2025-06-13T18:25:00,S01,M001008,store,line_pay,-65,0,,true
T002266,2025-06-13T19:33:00,S01,,store,line_pay,800,0,,false
T002267,2025-06-13T12:10:00,S01,,store,mobile_payment,900,0,,false
T002268,2025-06-13T19:25:00,S02,M000560,store,cash,110,0,,false
T002269,2025-06-13T15:15:00,S02,M000994,store,credit_card,110,0,,false
T002270,2025-06-13T19:02:00,S02,M000026,store,mobile_payment,940,0,,false
T002271,2025-06-13T11:53:00,S02,M000483,store,mobile_payment,1160,0,,false
T002272,2025-06-13T20:36:00,S04,M000752,store,credit_card,1380,0,,false
T002273,2025-06-13T18:27:00,S04,,store,credit_card,3899,119,,false
T002274,2025-06-13T19:22:00,S05,M000940,store,cash,320,0,,false
T002275,2025-06-13T19:46:00,S05,M000337,store,credit_card,305,0,,false
T002276,2025-06-13T21:30:00,S05,,store,line_pay,1780,0,,false
T002277,2025-06-13T20:19:00,S99,,online,credit_card,589,0,,false
T002278,2025-06-14T12:56:00,S01,M001014,store,credit_card,375,0,,false
T002279,2025-06-14T19:20:00,S01,M000912,store,line_pay,425,0,,false
T002280,2025-06-14T15:19:00,S01,M000042,store,credit_card,615,0,,false
T002281,2025-06-14T14:17:00,S01,,store,credit_card,3281,140,,false
T002282,2025-06-14T16:37:00,S01,,store,mobile_payment,1580,0,,false
T002283,2025-06-14T16:58:00,S02,M000573,store,credit_card,190,0,,false
T002284,2025-06-14T12:26:00,S02,M000650,store,cash,180,0,,false
T002285,2025-06-14T11:17:00,S02,M000485,store,cash,450,0,,false
T002286,2025-06-14T15:54:00,S03,M000436,store,line_pay,90,0,,false
T002287,2025-06-14T14:42:00,S03,M001090,store,cash,110,0,,false
T002288,2025-06-14T20:21:00,S03,M000620,store,credit_card,1270,0,,false
T002289,2025-06-14T19:41:00,S04,M001016,store,credit_card,1353,0,,false
T002290,2025-06-14T19:17:00,S04,M001016,store,cash,1902,165,,false
T002291,2025-06-14T17:56:00,S04,,store,line_pay,1146,60,,false
T002292,2025-06-14T15:57:00,S05,M000383,store,mobile_payment,850,0,,false
T002293,2025-06-14T20:09:00,S05,M000516,store,mobile_payment,385,0,,false
T002294,2025-06-14T19:29:00,S06,,store,cash,1809,0,,false
T002295,2025-06-14T14:47:00,S99,M000833,online,line_pay,1545,0,,false
T002296,2025-06-15T19:11:00,S01,M000612,store,credit_card,1410,0,,false
T002297,2025-06-15T14:36:00,S02,M001001,store,cash,730,0,,false
T002298,2025-06-15T15:35:00,S03,M000583,store,cash,70,0,,false
T002299,2025-06-15T15:50:00,S03,M000106,store,cash,90,0,,false
T002300,2025-06-15T17:31:00,S03,,store,line_pay,1024,0,,false
T002301,2025-06-15T17:43:00,S03,,store,mobile_payment,1195,0,,false
T002302,2025-06-15T15:02:00,S04,M000430,store,credit_card,980,0,,false
T002303,2025-06-15T19:23:00,S04,M000585,store,credit_card,630,0,,false
T002304,2025-06-15T16:10:00,S04,,store,line_pay,1385,0,,false
T002305,2025-06-15T20:14:00,S05,,store,cash,4438,0,,false
T002306,2025-06-16T19:20:00,S01,M001124,store,line_pay,185,0,,false
T002307,2025-06-16T18:16:00,S02,M000104,store,cash,135,0,,false
T002308,2025-06-16T12:05:00,S03,M000616,store,line_pay,90,0,,false
T002309,2025-06-16T21:16:00,S03,M000660,store,credit_card,110,0,,false
T002310,2025-06-16T21:28:00,S04,M000859,store,line_pay,1440,0,,false
T002311,2025-06-16T17:54:00,S04,M000561,store,credit_card,1418,0,,false
T002312,2025-06-16T19:15:00,S04,M000373,store,line_pay,1050,0,,false
T002313,2025-06-16T19:37:00,S05,M000656,store,mobile_payment,150,0,,false
T002314,2025-06-16T12:54:00,S99,M000603,online,cash,100,0,,false
T002315,2025-06-16T14:49:00,S99,M000252,online,line_pay,580,0,,false
T002316,2025-06-17T17:47:00,S01,M000368,store,cash,415,0,,false
T002317,2025-06-17T17:34:00,S01,,store,credit_card,480,0,,false
T002318,2025-06-17T20:34:00,S01,,store,mobile_payment,900,0,,false
T002319,2025-06-17T17:40:00,S01,,store,credit_card,1414,0,,false
T002320,2025-06-17T11:01:00,S02,M000998,store,mobile_payment,125,0,,false
T002321,2025-06-17T19:42:00,S02,M000375,store,credit_card,1475,0,,false
T002322,2025-06-17T17:11:00,S03,M000199,store,credit_card,145,0,,false
T002323,2025-06-17T21:13:00,S03,M000230,store,line_pay,145,0,,false
T002324,2025-06-17T20:16:00,S04,M000531,store,line_pay,185,0,,false
T002325,2025-06-17T17:48:00,S04,M000997,store,mobile_payment,880,0,,false
T002326,2025-06-17T21:34:00,S05,M000618,store,mobile_payment,300,0,,false
T002327,2025-06-17T12:38:00,S05,M001109,store,credit_card,290,0,,false
T002328,2025-06-17T17:48:00,S05,M000219,store,credit_card,690,0,,false
T002329,2025-06-17T18:56:00,S05,,store,cash,1603,132,,false
T002330,2025-06-18T19:12:00,S01,M000016,store,credit_card,325,0,,false
T002331,2025-06-18T12:14:00,S01,M000339,store,line_pay,505,0,,false
T002332,2025-06-18T12:38:00,S02,,store,cash,722,0,,false
T002333,2025-06-18T15:48:00,S03,M000196,store,credit_card,110,0,,false
T002334,2025/06/18 21:21,S03,M000478,store,cash,130,0,,false
T002335,2025-06-18T17:16:00,S03,M000823,store,credit_card,100,0,,false
T002336,2025-06-18T18:27:00,S04,M001016,store,line_pay,1415,0,,false
T002337,2025-06-18T18:39:00,S05,M000870,store,mobile_payment,315,0,,false
T002338,2025-06-18T21:55:00,S05,M000979,store,line_pay,765,0,,false
T002339,2025-06-18T21:31:00,S05,,store,cash,2388,0,,false
T002340,2025-06-18T20:05:00,S06,M000617,store,mobile_payment,110,0,,false
T002341,2025/06/18 15:00,S06,,store,credit_card,830,0,,false
T002342,2025-06-19T21:07:00,S01,M001070,store,credit_card,500,0,,false
T002343,2025-06-19T12:51:00,S01,M000746,store,credit_card,355,0,,false
T002344,2025-06-19T17:14:00,S02,,store,cash,2865,127,,false
T002345,2025-06-19T20:34:00,S03,M000579,store,cash,35,0,,false
T002346,2025-06-19T18:08:00,S03,M000977,store,cash,125,0,,false
T002347,2025-06-19T11:41:00,S03,M000057,store,mobile_payment,35,0,,false
T002348,2025-06-19T12:42:00,S04,M000021,store,cash,1279,0,,false
T002349,2025-06-19T19:56:00,S04,M000113,store,line_pay,1100,0,,false
T002350,2025-06-19T11:33:00,S04,,store,credit_card,3200,0,,false
T002351,2025-06-19T20:49:00,S04,,store,credit_card,2080,0,,false
T002352,2025-06-19T17:09:00,S05,M000599,store,cash,1430,0,,false
T002353,2025-06-19T18:14:00,S05,M000050,store,credit_card,390,0,,false
T002354,2025-06-19T11:06:00,S05,M000148,store,cash,220,0,,false
T002355,2025/06/19 12:29,S05,M001193,store,cash,-65,0,,true
T002356,2025-06-19T17:45:00,S06,,store,credit_card,2504,0,,false
T002357,2025-06-20T20:48:00,S01,M000370,store,line_pay,95,0,,false
T002358,2025-06-20T19:01:00,S01,M000941,store,cash,1245,0,,false
T002359,2025-06-20T12:27:00,S01,,store,cash,1326,0,,false
T002360,2025-06-20T19:31:00,S03,M000609,store,cash,165,0,,false
T002361,2025-06-20T18:07:00,S03,M000141,store,credit_card,160,0,,false
T002362,2025-06-20T15:30:00,S03,M001032,store,line_pay,105,0,,false
T002363,2025-06-20T17:18:00,S03,M000009,store,cash,110,0,,false
T002364,2025-06-20T20:05:00,S03,,store,cash,2657,102,,false
T002365,2025-06-20T20:08:00,S04,M000440,store,mobile_payment,845,0,,false
T002366,2025-06-20T12:37:00,S04,M001086,store,cash,1579,0,,false
T002367,2025-06-20T15:56:00,S04,M000901,store,mobile_payment,1459,0,,false
T002368,2025-06-20T12:42:00,S04,M000432,store,cash,790,0,,false
T002369,2025-06-20T18:03:00,S04,,store,cash,1642,0,,false
T002370,2025-06-20T20:03:00,S04,,store,mobile_payment,1508,0,,false
T002371,2025-06-20T15:47:00,S06,M000750,store,cash,160,0,,false
T002372,2025-06-20T21:28:00,S99,M000664,online,credit_card,1150,0,,false
T002373,2025-06-20T22:19:00,S99,M000437,online,cash,1110,0,,false
T002374,2025-06-21T16:35:00,S01,,store,credit_card,800,0,,false
T002375,2025-06-21T16:03:00,S01,,store,line_pay,2907,0,,false
T002376,2025-06-21T17:11:00,S02,M000533,store,line_pay,95,0,,false
T002377,2025/06/21 16:14,S02,M000805,store,mobile_payment,95,0,,false
T002378,2025-06-21T14:11:00,S02,M001048,store,credit_card,1045,0,,false
T002379,2025-06-21T12:37:00,S02,M000445,store,cash,1020,0,,false
T002380,2025-06-21T19:23:00,S02,,store,credit_card,2091,110,,false
T002381,2025-06-21T20:52:00,S03,M001172,store,mobile_payment,145,0,,false
T002382,2025-06-21T12:02:00,S04,,store,cash,2350,0,,false
T002383,2025-06-21T16:41:00,S05,,store,credit_card,2167,43,,false
T002384,2025-06-21T22:56:00,S99,M000640,online,credit_card,1140,0,,false
T002385,2025-06-21T14:18:00,S99,M000556,online,cash,1624,0,,false
T002386,2025-06-22T17:29:00,S01,M000836,store,credit_card,560,0,,false
T002387,2025-06-22T11:52:00,S01,,store,mobile_payment,2280,0,,false
T002388,2025-06-22T16:17:00,S03,M000140,store,mobile_payment,165,0,,false
T002389,2025-06-22T12:18:00,S03,M000011,store,cash,180,0,,false
T002390,2025-06-22T14:06:00,S04,,store,credit_card,2870,0,,false
T002391,2025-06-22T12:42:00,S04,,store,cash,2270,0,,false
T002392,2025-06-22T15:32:00,S05,M001193,store,cash,1160,0,,false
T002393,2025-06-22T12:33:00,S05,,store,credit_card,2151,0,,false
T002394,2025-06-23T12:00:00,S01,M000644,store,credit_card,425,0,,false
T002395,2025-06-23T19:22:00,S01,M000784,store,line_pay,920,0,,false
T002396,2025-06-23T21:50:00,S01,M000720,store,credit_card,1010,0,,false
T002397,2025-06-23T18:19:00,S01,,store,credit_card,860,0,,false
T002398,2025-06-23T20:14:00,S02,M000157,store,credit_card,110,0,,false
T002399,2025-06-23T18:57:00,S02,M000347,store,line_pay,110,0,,false
T002400,2025-06-23T17:42:00,S03,M001065,store,credit_card,35,0,,false
T002401,2025-06-23T19:42:00,S03,M000927,store,credit_card,145,0,,false
T002402,2025-06-23T17:36:00,S03,M000254,store,credit_card,180,0,,false
T002403,2025-06-23T11:00:00,S03,M001017,store,cash,570,0,,false
T002404,2025-06-23T12:17:00,S03,,store,credit_card,2485,75,,false
T002405,2025-06-23T20:20:00,S04,,store,credit_card,3057,339,,false
T002406,2025-06-23T19:59:00,S05,M001146,store,credit_card,350,0,,false
T002407,2025-06-23T12:16:00,S99,M000198,online,credit_card,975,0,,false
T002408,2025-06-24T18:10:00,S01,M001077,store,credit_card,155,0,,false
T002409,2025-06-24T11:42:00,S01,,store,cash,1465,0,,false
T002410,2025-06-24T20:59:00,S01,,store,credit_card,1928,101,,false
T002411,2025-06-24T15:02:00,S02,M000507,store,line_pay,1295,0,,false
T002412,2025-06-24T15:18:00,S02,M000649,store,mobile_payment,575,0,,false
T002413,2025-06-24T18:18:00,S03,M000081,store,cash,170,0,,false
T002414,2025-06-24T20:10:00,S03,M000728,store,cash,35,0,,false
T002415,2025-06-24T18:05:00,S03,M000887,store,credit_card,145,0,,false
T002416,2025-06-24T11:34:00,S04,M000901,store,cash,680,0,,false
T002417,2025-06-24T18:02:00,S04,M001016,store,credit_card,2374,91,,false
T002418,2025-06-24T20:42:00,S04,,store,mobile_payment,2756,0,,false
T002419,2025-06-24T12:03:00,S05,M000837,store,line_pay,1435,0,,false
T002420,2025-06-24T12:21:00,S05,M000618,store,cash,-95,0,,true
T002421,2025-06-24T20:26:00,S05,,store,credit_card,2888,112,,false
T002422,2025-06-24T12:19:00,S06,M000594,store,mobile_payment,290,0,,false
T002423,2025-06-24T21:38:00,S06,M000886,store,line_pay,270,0,,false
T002424,2025-06-24T19:25:00,S06,M000984,store,cash,1035,0,,false
T002425,2025-06-24T14:39:00,S99,M000867,online,line_pay,175,0,,false
T002426,2025-06-25T17:23:00,S01,,store,cash,1380,0,,false
T002427,2025-06-25T15:18:00,S01,,store,credit_card,1120,0,,false
T002428,2025-06-25T20:54:00,S02,M000259,store,cash,110,0,,false
T002429,2025-06-25T20:08:00,S02,M000651,store,cash,845,0,,false
T002430,2025-06-25T19:12:00,S02,M000980,store,credit_card,1415,0,,false
T002431,2025-06-25T11:44:00,S02,,store,mobile_payment,2054,0,,false
T002432,2025-06-25T17:42:00,S03,M000052,store,cash,35,0,,false
T002433,2025-06-25T21:33:00,S03,M000779,store,line_pay,105,0,,false
T002434,2025-06-25T17:44:00,S03,M000587,store,mobile_payment,555,0,,false
T002435,2025-06-25T18:53:00,S04,M000975,store,cash,1379,0,,false
T002436,2025-06-25T21:29:00,S04,M000113,store,credit_card,1080,0,,false
T002437,2025-06-25T11:57:00,S04,M000584,store,cash,450,0,,false
T002438,2025-06-25T11:01:00,S04,,store,credit_card,1583,57,,false
T002439,2025-06-25T15:20:00,S05,M000709,store,credit_card,955,0,,false
T002440,2025-06-25T21:40:00,S05,M000504,store,credit_card,390,0,,false
T002441,2025-06-25T20:15:00,S06,M000669,store,cash,100,0,,false
T002442,2025-06-25T20:52:00,S06,M000767,store,credit_card,175,0,,false
T002443,2025-06-25T22:13:00,S99,M000490,online,cash,635,0,,false
T002444,2025-06-26T12:13:00,S01,M000525,store,cash,400,0,,false
T002445,2025-06-26T18:34:00,S02,M001125,store,cash,1520,0,,false
T002446,2025-06-26T19:19:00,S03,M001157,store,credit_card,110,0,,false
T002447,2025-06-26T19:06:00,S04,M000885,store,credit_card,1439,0,,false
T002448,2025-06-26T19:41:00,S06,M000018,store,cash,180,0,,false
T002449,2025-06-26T19:53:00,S06,M000766,store,line_pay,305,0,,false
T002450,2025-06-26T21:55:00,S99,M000022,online,cash,130,0,,false
T002451,2025-06-27T19:37:00,S01,M000291,store,line_pay,130,0,,false
T002452,2025-06-27T19:03:00,S01,M001000,store,cash,335,0,,false
T002453,2025-06-27T20:38:00,S01,,store,credit_card,480,0,,false
T002454,2025-06-27T21:59:00,S01,,store,line_pay,860,0,,false
T002455,2025-06-27T20:57:00,S01,,store,mobile_payment,3192,0,,false
T002456,2025-06-27T18:34:00,S01,,store,line_pay,1956,0,,false
T002457,2025-06-27T18:50:00,S02,M000811,store,cash,155,0,,false
T002458,2025-06-27T17:34:00,S02,M001002,store,credit_card,1370,0,,false
T002459,2025-06-27T17:58:00,S02,M001199,store,cash,710,0,,false
T002460,2025-06-27T20:52:00,S03,M000183,store,cash,110,0,,false
T002461,2025-06-27T20:35:00,S03,M001163,store,credit_card,145,0,,false
T002462,2025-06-27T18:33:00,S03,M000463,store,line_pay,110,0,,false
T002463,2025-06-27T20:37:00,S04,,store,cash,1475,0,,false
T002464,2025-06-27T17:50:00,S04,,store,line_pay,2082,88,,false
T002465,2025-06-27T19:32:00,S05,M000337,store,credit_card,290,0,,false
T002466,2025-06-27T15:44:00,S06,M000285,store,line_pay,460,0,,false
T002467,2025-06-27T11:33:00,S06,M000883,store,credit_card,335,0,,false
T002468,2025-06-28T17:58:00,S01,M000273,store,cash,530,0,,false
T002469,2025-06-28T19:46:00,S01,M001105,store,credit_card,795,0,,false
T002470,2025-06-28T19:14:00,S01,M000988,store,cash,755,0,,false
T002471,2025-06-28T16:18:00,S01,,store,credit_card,2508,0,,false
T002472,2025-06-28T16:32:00,S02,M000336,store,cash,1380,0,,false
T002473,2025-06-28T17:08:00,S02,M000467,store,cash,1770,0,,false
T002474,2025-06-28T12:01:00,S03,M000849,store,line_pay,105,0,,false
T002475,2025-06-28T20:20:00,S03,M000786,store,cash,90,0,,false
T002476,2025-06-28T17:28:00,S04,M000526,store,cash,840,0,,false
T002477,2025-06-28T19:51:00,S04,M000269,store,cash,1500,0,,false
T002478,2025-06-28T20:42:00,S04,M000360,store,cash,1325,0,,false
T002479,2025-06-28T17:19:00,S04,,store,mobile_payment,2120,235,,false
T002480,2025-06-28T20:41:00,S05,M001158,store,credit_card,390,0,,false
T002481,2025-06-28T16:54:00,S05,M000702,store,credit_card,380,0,,false
T002482,2025-06-28T20:42:00,S05,,store,credit_card,2410,0,,false
T002483,2025-06-29T20:20:00,S01,M000798,store,line_pay,395,0,,false
T002484,2025-06-29T15:07:00,S01,M000999,store,cash,480,0,,false
T002485,2025-06-29T19:42:00,S02,,store,cash,750,0,,false
T002486,2025-06-29T20:20:00,S03,M000465,store,cash,180,0,,false
T002487,2025-06-29T15:48:00,S03,M000344,store,credit_card,175,0,,false
T002488,2025-06-29T19:51:00,S03,M001023,store,cash,175,0,,false
T002489,2025-06-29T11:13:00,S03,M000597,store,credit_card,105,0,,false
T002490,2025-06-29T16:09:00,S03,,store,cash,1573,0,,false
T002491,2025-06-29T19:19:00,S04,M000277,store,credit_card,1459,0,,false
T002492,2025-06-29T14:22:00,S04,M000719,store,cash,1540,0,,false
T002493,2025-06-29T15:39:00,S06,,store,cash,1328,69,,false
T002494,2025-06-29T12:03:00,S06,,store,credit_card,1134,126,,false
T002495,2025-06-29T21:00:00,S99,M000341,online,mobile_payment,1240,0,,false
T002496,2025-06-30T19:14:00,S01,,store,cash,800,0,,false
T002497,2025-06-30T11:36:00,S01,,store,line_pay,2611,71,,false
T002498,2025-06-30T18:51:00,S02,M000641,store,credit_card,720,0,,false
T002499,2025-06-30T20:43:00,S02,M001001,store,cash,545,0,,false
T002500,2025-06-30T19:16:00,S03,M000185,store,credit_card,90,0,,false
T002501,2025-06-30T17:42:00,S03,M000256,store,credit_card,160,0,,false
T002502,2025-06-30T17:47:00,S03,M001138,store,line_pay,105,0,,false
T002503,2025-06-30T21:33:00,S03,M000394,store,credit_card,160,0,,false
T002504,2025-06-30T19:48:00,S03,M000717,store,credit_card,110,0,,false
T002505,2025/06/30 12:11,S03,M000169,store,mobile_payment,100,0,,false
T002506,2025-06-30T17:31:00,S04,M001016,store,cash,555,0,,false
T002507,2025-06-30T18:51:00,S04,,store,line_pay,1904,0,,false
T002508,2025-06-30T17:27:00,S05,M000380,store,credit_card,910,0,,false
T002509,2025-06-30T19:42:00,S05,M000148,store,cash,345,0,,false
T002510,2025-06-30T11:41:00,S05,M000281,store,cash,290,0,,false
T002511,2025-06-30T17:02:00,S05,M000250,store,credit_card,1165,0,,false
T002512,2025-06-30T21:24:00,S05,,store,mobile_payment,3352,0,,false
T002513,2025-06-30T15:40:00,S06,M001170,store,mobile_payment,940,0,,false
T002514,2025-06-30T18:21:00,S06,M001200,store,credit_card,1590,0,,false
T002515,2025-06-30T12:52:00,S06,,store,line_pay,2845,0,,false
T002516,2025-07-01T19:05:00,S01,M000429,store,credit_card,485,0,,false
T002517,2025-07-01T19:50:00,S01,M000888,store,cash,1540,0,,false
T002518,2025-07-01T19:57:00,S01,,store,credit_card,480,0,,false
T002519,2025-07-01T17:47:00,S02,M000369,store,cash,110,0,,false
T002520,2025-07-01T18:51:00,S02,M001168,store,mobile_payment,145,0,,false
T002521,2025-07-01T18:43:00,S02,M000393,store,cash,970,0,,false
T002522,2025-07-01T20:34:00,S03,M000308,store,line_pay,105,0,,false
T002523,2025-07-01T18:56:00,S04,M000519,store,line_pay,870,0,,false
T002524,2025-07-01T19:30:00,S04,M000657,store,cash,1380,0,,false
T002525,2025-07-01T17:03:00,S05,M001082,store,mobile_payment,110,0,,false
T002526,2025-07-01T20:55:00,S05,,store,mobile_payment,1860,0,,false
T002527,2025-07-01T19:18:00,S06,M001015,store,cash,180,0,,false
T002528,2025-07-01T20:47:00,S06,M000667,store,credit_card,860,0,,false
T002529,2025-07-01T09:40:00,S99,M001033,online,credit_card,1265,0,,false
T002530,2025-07-02T11:35:00,S01,M000356,store,cash,145,0,,false
T002531,2025-07-02T17:10:00,S01,M000746,store,cash,-65,0,,true
T002532,2025/07/02 20:44,S02,M000691,store,cash,185,0,,false
T002533,2025-07-02T12:38:00,S02,,store,credit_card,2087,208,,false
T002534,2025-07-02T12:48:00,S03,,store,mobile_payment,1681,0,,false
T002535,2025-07-02T20:09:00,S04,M000526,store,cash,1518,0,,false
T002536,2025-07-02T12:40:00,S04,M001020,store,cash,1540,0,,false
T002537,2025-07-02T17:27:00,S05,M000605,store,credit_card,290,0,,false
T002538,2025-07-02T18:15:00,S05,M000312,store,mobile_payment,1000,0,,false
T002539,2025-07-02T21:08:00,S05,M000117,store,credit_card,510,0,,false
T002540,2025-07-02T11:29:00,S06,M001078,store,cash,920,0,,false
T002541,2025-07-02T21:57:00,S99,M000663,online,cash,1200,0,,false
T002542,2025-07-02T14:03:00,S99,,online,credit_card,268,0,,false
T002543,2025-07-03T12:23:00,S01,M001007,store,line_pay,1515,0,,false
T002544,2025-07-03T11:19:00,S01,M000225,store,line_pay,290,0,,false
T002545,2025-07-03T19:27:00,S01,M000139,store,credit_card,425,0,,false
T002546,2025-07-03T21:35:00,S01,,store,credit_card,1970,0,,false
T002547,2025-07-03T21:01:00,S02,M001089,store,credit_card,1710,0,,false
T002548,2025-07-03T18:29:00,S04,M000777,store,cash,940,0,,false
T002549,2025-07-03T19:00:00,S04,,store,credit_card,2971,0,,false
T002550,2025-07-03T21:30:00,S05,M000129,store,cash,135,0,,false
T002551,2025-07-03T18:18:00,S05,M000516,store,cash,600,0,,false
T002552,2025-07-03T20:01:00,S06,M000475,store,cash,155,0,,false
T002553,2025-07-03T20:05:00,S99,M000809,online,credit_card,90,0,,false
T002554,2025-07-03T22:58:00,S99,M001029,online,credit_card,990,0,,false
T002555,2025-07-04T17:58:00,S01,M000917,store,credit_card,1130,0,,false
T002556,2025-07-04T20:14:00,S01,M001105,store,cash,790,0,,false
T002557,2025-07-04T11:26:00,S01,,store,mobile_payment,1440,0,,false
T002558,2025-07-04T15:23:00,S02,,store,credit_card,2590,0,,false
T002559,2025-07-04T20:47:00,S03,M000378,store,cash,105,0,,false
T002560,2025-07-04T19:57:00,S03,,store,credit_card,1386,153,,false
T002561,2025/07/04 15:00,S05,M000286,store,line_pay,1475,0,,false
T002562,2025-07-04T18:46:00,S05,M000087,store,line_pay,310,0,,false
T002563,2025-07-04T12:25:00,S05,M000126,store,cash,380,0,,false
T002564,2025-07-04T20:10:00,S06,M000322,store,mobile_payment,110,0,,false
T002565,2025-07-04T18:36:00,S06,M001085,store,line_pay,90,0,,false
T002566,2025-07-04T19:43:00,S06,M000527,store,line_pay,90,0,,false
T002567,2025-07-04T17:26:00,S06,M000316,store,credit_card,925,0,,false
T002568,2025-07-04T11:54:00,S06,M000883,store,line_pay,-120,0,,true
T002569,2025-07-04T20:39:00,S99,M000372,online,cash,110,0,,false
T002570,2025-07-04T21:26:00,S99,M001016,online,cash,1254,0,,false
T002571,2025-07-05T11:45:00,S01,M001073,store,mobile_payment,1110,0,,false
T002572,2025-07-05T17:10:00,S01,M000124,store,cash,1100,0,,false
T002573,2025-07-05T20:30:00,S01,M001105,store,credit_card,1751,92,,false
T002574,2025-07-05T16:26:00,S01,,store,cash,720,37,,false
T002575,2025-07-05T15:27:00,S01,,store,cash,1801,0,,false
T002576,2025-07-05T20:46:00,S02,M000054,store,credit_card,155,0,,false
T002577,2025-07-05T19:59:00,S02,M000289,store,cash,860,0,,false
T002578,2025-07-05T19:38:00,S03,M000321,store,credit_card,100,0,,false
T002579,2025-07-05T11:12:00,S03,M000470,store,line_pay,1405,0,,false
T002580,2025/07/05 20:10,S04,,store,credit_card,2738,0,,false
T002581,2025/07/05 11:55,S04,,store,credit_card,2121,0,,false
T002582,2025-07-05T17:52:00,S05,M000493,store,mobile_payment,65,0,,false
T002583,2025-07-05T16:10:00,S05,M000674,store,credit_card,1400,0,,false
T002584,2025-07-05T11:24:00,S05,M000656,store,cash,150,0,,false
T002585,2025-07-05T21:21:00,S99,M000341,online,cash,1380,0,,false
T002586,2025-07-06T15:07:00,S01,M000428,store,line_pay,355,0,,false
T002587,2025-07-06T17:08:00,S01,,store,line_pay,2520,0,,false
T002588,2025-07-06T17:50:00,S02,,store,line_pay,1540,110,,false
T002589,2025-07-06T17:09:00,S03,M000804,store,credit_card,140,0,,false
T002590,2025-07-06T19:02:00,S04,M000495,store,line_pay,325,0,,false
T002591,2025-07-06T15:45:00,S04,,store,cash,1678,0,,false
T002592,2025-07-06T16:16:00,S05,M000504,store,credit_card,390,0,,false
T002593,2025-07-06T20:42:00,S05,M000661,store,cash,310,0,,false
T002594,2025-07-06T19:22:00,S05,,store,cash,948,0,,false
T002595,2025-07-06T11:42:00,S05,,store,line_pay,2467,153,,false
T002596,2025-07-06T14:49:00,S06,,store,line_pay,2945,0,,false
T002597,2025-07-07T19:17:00,S01,M001189,store,credit_card,355,0,,false
T002598,2025-07-07T12:40:00,S01,,store,cash,960,0,,false
T002599,2025-07-07T15:09:00,S01,,store,line_pay,1926,89,,false
T002600,2025-07-07T18:10:00,S02,M000014,store,line_pay,160,0,,false
T002601,2025-07-07T18:03:00,S03,M000109,store,cash,125,0,,false
T002602,2025-07-07T20:42:00,S04,M000249,store,mobile_payment,1140,0,,false
T002603,2025-07-07T11:47:00,S04,M000070,store,credit_card,1610,0,,false
T002604,2025-07-07T19:44:00,S05,M001121,store,line_pay,330,0,,false
T002605,2025-07-08T19:43:00,S01,M000525,store,credit_card,385,0,,false
T002606,2025-07-08T21:22:00,S01,M000354,store,cash,450,0,,false
T002607,2025-07-08T21:37:00,S01,,store,credit_card,1350,0,,false
T002608,2025-07-08T20:26:00,S03,M000406,store,credit_card,35,0,,false
T002609,2025-07-08T15:56:00,S03,M000025,store,cash,1360,0,,false
T002610,2025-07-08T19:33:00,S04,M000147,store,line_pay,720,0,,false
T002611,2025-07-08T21:57:00,S05,M000400,store,line_pay,1330,0,,false
T002612,2025-07-08T15:16:00,S05,,store,credit_card,1765,0,,false
T002613,2025-07-08T14:20:00,S99,M001081,online,credit_card,1625,0,,false
T002614,2025-07-09T15:06:00,S01,M000884,store,credit_card,340,0,,false
T002615,2025-07-09T12:25:00,S01,,store,credit_card,1781,197,,false
T002616,2025-07-09T17:21:00,S01,,store,credit_card,3649,91,,false
T002617,2025-07-09T20:33:00,S02,M000738,store,credit_card,95,0,,false
T002618,2025-07-09T17:56:00,S02,M000393,store,credit_card,820,0,,false
T002619,2025-07-09T12:32:00,S03,M001052,store,credit_card,90,0,,false
T002620,2025-07-09T15:41:00,S03,M000295,store,credit_card,175,0,,false
T002621,2025-07-09T19:02:00,S03,M000877,store,credit_card,165,0,,false
T002622,2025-07-09T21:13:00,S04,M000975,store,cash,840,0,,false
T002623,2025-07-09T20:36:00,S04,M000901,store,cash,1579,0,,false
T002624,2025-07-09T21:14:00,S05,M000385,store,line_pay,390,0,,false
T002625,2025-07-09T12:40:00,S06,M000083,store,credit_card,1420,0,,false
T002626,2025-07-09T19:09:00,S06,M000262,store,line_pay,1140,0,,false
T002627,2025-07-09T17:07:00,S06,M000038,store,credit_card,1170,0,,false
T002628,2025-07-09T22:11:00,S99,M001135,online,cash,135,0,,false
T002629,2025-07-09T20:09:00,S99,M000043,online,line_pay,850,0,,false
T002630,2025-07-10T21:57:00,S01,M000795,store,cash,360,0,,false
T002631,2025-07-10T21:32:00,S01,M000522,store,credit_card,1280,0,,false
T002632,2025-07-10T15:17:00,S01,,store,mobile_payment,1280,0,,false
T002633,2025-07-10T12:01:00,S01,,store,credit_card,1936,0,,false
T002634,2025-07-10T17:32:00,S02,M000744,store,cash,110,0,,false
T002635,2025-07-10T12:51:00,S02,,store,cash,1394,76,,false
T002636,2025/07/10 21:57,S05,M000622,store,cash,390,0,,false
T002637,2025-07-10T19:10:00,S05,M000309,store,mobile_payment,415,0,,false
T002638,2025-07-10T17:18:00,S05,,store,line_pay,1591,0,,false
T002639,2025-07-10T21:36:00,S06,,store,line_pay,1220,0,,false
T002640,2025-07-10T21:58:00,S99,M000964,online,credit_card,195,0,,false
T002641,2025-07-11T18:36:00,S01,M000072,store,cash,305,0,,false
T002642,2025-07-11T21:59:00,S01,,store,cash,480,0,,false
T002643,2025-07-11T18:40:00,S01,,store,cash,1485,65,,false
T002644,2025-07-11T19:23:00,S02,M001087,store,cash,110,0,,false
T002645,2025-07-11T12:25:00,S03,M000441,store,credit_card,1060,0,,false
T002646,2025-07-11T19:33:00,S04,M000021,store,credit_card,1319,0,,false
T002647,2025-07-11T19:21:00,S04,M001086,store,line_pay,1698,0,,false
T002648,2025-07-11T19:59:00,S04,M000769,store,mobile_payment,1240,0,,false
T002649,2025-07-11T15:27:00,S04,M000303,store,credit_card,940,0,,false
T002650,2025-07-11T12:18:00,S04,,store,credit_card,2645,0,,false
T002651,2025-07-11T18:12:00,S04,,store,credit_card,1645,0,,false
T002652,2025-07-11T18:46:00,S05,M000776,store,cash,130,0,,false
T002653,2025-07-11T19:46:00,S05,M000136,store,mobile_payment,130,0,,false
T002654,2025-07-11T20:12:00,S05,M000722,store,mobile_payment,240,0,,false
T002655,2025-07-11T12:16:00,S99,M000166,online,cash,520,0,,false
T002656,2025-07-12T12:56:00,S01,M000367,store,cash,110,0,,false
T002657,2025-07-12T12:24:00,S01,,store,line_pay,1280,0,,false
T002658,2025-07-12T16:28:00,S03,,store,cash,149,16,,false
T002659,2025-07-12T17:21:00,S04,M000079,store,cash,110,0,,false
T002660,2025-07-12T19:55:00,S04,,store,cash,2119,0,,false
T002661,2025-07-12T14:33:00,S04,,store,credit_card,2740,66,,false
T002662,2025-07-12T15:51:00,S04,,store,credit_card,2399,91,,false
T002663,2025-07-12T20:41:00,S05,M001102,store,credit_card,1455,0,,false
T002664,2025/07/12 20:32,S05,M000595,store,cash,395,0,,false
T002665,2025-07-12T14:13:00,S05,,store,cash,1771,153,,false
T002666,2025-07-12T15:43:00,S06,M000091,store,credit_card,1020,0,,false
T002667,2025-07-12T20:58:00,S06,,store,cash,1312,0,,false
T002668,2025-07-12T20:28:00,S06,,store,cash,2653,0,,false
T002669,2025-07-12T14:15:00,S99,M000863,online,cash,700,0,,false
T002670,2025-07-13T11:29:00,S01,M000898,store,cash,355,0,,false
T002671,2025-07-13T12:48:00,S01,M000781,store,cash,535,0,,false
T002672,2025-07-13T15:30:00,S01,,store,cash,2040,0,,false
T002673,2025-07-13T19:21:00,S02,M000549,store,line_pay,175,0,,false
T002674,2025-07-13T16:31:00,S02,,store,cash,1473,0,,false
T002675,2025-07-13T15:50:00,S04,,store,line_pay,1250,0,,false
T002676,2025-07-13T11:16:00,S04,,store,cash,964,50,,false
T002677,2025-07-13T20:12:00,S04,,store,credit_card,1760,0,,false
T002678,2025-07-13T19:09:00,S05,M000972,store,credit_card,105,0,,false
T002679,2025-07-13T11:57:00,S05,,store,cash,2169,0,,false
T002680,2025-07-13T20:05:00,S05,,store,line_pay,754,0,,false
T002681,2025-07-13T14:42:00,S06,M001200,store,cash,1080,0,,false
T002682,2025-07-13T16:00:00,S06,,store,credit_card,1610,0,,false
T002683,2025-07-14T18:31:00,S01,M000723,store,mobile_payment,385,0,,false
T002684,2025-07-14T20:53:00,S02,M000282,store,mobile_payment,1405,0,,false
T002685,2025-07-14T20:19:00,S02,M000731,store,credit_card,820,0,,false
T002686,2025-07-14T20:36:00,S03,,store,credit_card,836,0,,false
T002687,2025-07-14T19:05:00,S04,M000360,store,credit_card,1580,0,,false
T002688,2025/07/14 21:52,S04,M001045,store,cash,1065,0,,false
T002689,2025-07-14T12:53:00,S04,,store,credit_card,2782,68,,false
T002690,2025-07-14T15:06:00,S05,M000938,store,cash,275,0,,false
T002691,2025-07-14T19:14:00,S05,M000281,store,cash,150,0,,false
T002692,2025-07-14T11:27:00,S05,M000122,store,cash,1135,0,,false
T002693,2025-07-14T12:25:00,S05,M000879,store,mobile_payment,1590,0,,false
T002694,2025-07-14T19:09:00,S06,M000255,store,credit_card,185,0,,false
T002695,2025/07/14 17:20,S06,M000984,store,cash,-380,0,,true
T002696,2025-07-15T20:00:00,S01,M000007,store,credit_card,355,0,,false
T002697,2025-07-15T15:19:00,S01,,store,line_pay,3058,0,,false
T002698,2025-07-15T18:47:00,S01,,store,cash,1410,156,,false
T002699,2025-07-15T20:51:00,S02,M000921,store,mobile_payment,190,0,,false
T002700,2025-07-15T17:49:00,S04,M000564,store,credit_card,930,0,,false
T002701,2025-07-15T19:42:00,S04,M000277,store,credit_card,1339,0,,false
T002702,2025-07-15T11:09:00,S04,M000778,store,cash,1250,0,,false
T002703,2025-07-15T21:12:00,S04,,store,cash,1354,41,,false
T002704,2025-07-15T18:12:00,S05,,store,credit_card,1910,190,,false
T002705,2025-07-16T15:53:00,S02,M000998,store,cash,135,0,,false
T002706,2025-07-16T17:06:00,S02,M000289,store,credit_card,-380,0,,true
T002707,2025-07-16T19:59:00,S03,M000688,store,cash,750,0,,false
T002708,2025-07-16T20:43:00,S04,M000975,store,cash,1199,0,,false
T002709,2025-07-16T11:25:00,S05,M001068,store,cash,240,0,,false
T002710,2025-07-16T19:30:00,S05,M000099,store,line_pay,1160,0,,false
T002711,2025-07-16T17:28:00,S06,M000402,store,cash,140,0,,false
T002712,2025-07-16T14:06:00,S99,M000261,online,mobile_payment,1035,0,,false
T002713,2025-07-17T18:31:00,S01,M000955,store,cash,110,0,,false
T002714,2025-07-17T20:55:00,S01,M001000,store,credit_card,405,0,,false
T002715,2025-07-17T20:34:00,S01,M000941,store,line_pay,1010,0,,false
T002716,2025-07-17T20:28:00,S02,M001130,store,mobile_payment,860,0,,false
T002717,2025-07-17T17:21:00,S02,,store,credit_card,3280,0,,false
T002718,2025-07-17T19:15:00,S04,M000885,store,cash,1679,0,,false
T002719,2025/07/17 20:31,S04,M000055,store,mobile_payment,1105,0,,false
T002720,2025-07-17T12:26:00,S04,,store,cash,3743,0,,false
T002721,2025/07/17 17:21,S05,M000145,store,credit_card,1035,0,,false
T002722,2025-07-17T12:14:00,S05,,store,cash,1875,0,,false
T002723,2025-07-18T15:57:00,S01,,store,mobile_payment,2162,108,,false
T002724,2025-07-18T19:34:00,S02,M000641,store,cash,850,0,,false
T002725,2025-07-18T19:19:00,S02,,store,line_pay,1531,0,,false
T002726,2025-07-18T11:44:00,S03,M000962,store,cash,35,0,,false
T002727,2025-07-18T15:53:00,S03,M000995,store,line_pay,105,0,,false
T002728,2025-07-18T15:14:00,S05,,store,cash,2304,0,,false
T002729,2025-07-18T17:47:00,S06,M000886,store,cash,350,0,,false
T002730,2025-07-18T20:32:00,S06,M001053,store,credit_card,980,0,,false
T002731,2025-07-18T19:34:00,S06,M000978,store,cash,1100,0,,false
T002732,2025-07-18T20:21:00,S06,,store,mobile_payment,928,0,,false
T002733,2025-07-18T14:22:00,S99,M000170,online,credit_card,180,0,,false
T002734,2025-07-19T11:47:00,S01,M000201,store,credit_card,495,0,,false
T002735,2025-07-19T12:26:00,S01,,store,line_pay,960,0,,false
T002736,2025-07-19T14:29:00,S02,M001010,store,cash,950,0,,false
T002737,2025-07-19T17:10:00,S02,,store,mobile_payment,1255,0,,false
T002738,2025-07-19T12:39:00,S02,,store,line_pay,1853,47,,false
T002739,2025-07-19T19:16:00,S03,M000470,store,credit_card,1035,0,,false
T002740,2025-07-19T14:20:00,S04,M000466,store,credit_card,1479,0,,false
T002741,2025-07-19T15:57:00,S04,,store,mobile_payment,2598,0,,false
T002742,2025-07-19T15:06:00,S05,M000340,store,credit_card,230,0,,false
T002743,2025-07-19T11:08:00,S05,M001193,store,credit_card,700,0,,false
T002744,2025-07-19T09:10:00,S99,M000833,online,line_pay,1050,0,,false
T002745,2025-07-20T20:45:00,S01,M000539,store,credit_card,680,0,,false
T002746,2025-07-20T20:09:00,S01,,store,credit_card,480,0,,false
T002747,2025-07-20T19:15:00,S01,,store,credit_card,480,0,,false
T002748,2025-07-20T15:22:00,S01,,store,line_pay,3346,0,,false
T002749,2025-07-20T14:24:00,S01,,store,line_pay,1019,0,,false
T002750,2025-07-20T14:03:00,S02,M000469,store,credit_card,110,0,,false
T002751,2025/07/20 19:38,S02,M000218,store,line_pay,145,0,,false
T002752,2025-07-20T19:34:00,S02,,store,credit_card,1930,167,,false
T002753,2025-07-20T12:19:00,S03,,store,credit_card,1963,170,,false
T002754,2025-07-20T16:47:00,S04,M000526,store,credit_card,-599,0,,true
T002755,2025-07-20T19:25:00,S04,,store,cash,3542,0,,false
T002756,2025/07/20 15:11,S05,M000313,store,credit_card,1440,0,,false
T002757,2025-07-20T14:58:00,S05,M000087,store,credit_card,275,0,,false
T002758,2025-07-20T15:32:00,S05,,store,cash,1718,149,,false
T002759,2025-07-20T12:26:00,S05,,store,cash,1354,0,,false
T002760,2025-07-20T12:25:00,S99,,online,cash,126,0,,false
T002761,2025-07-21T12:00:00,S01,M000525,store,cash,395,0,,false
T002762,2025-07-21T12:25:00,S01,M000329,store,credit_card,395,0,,false
T002763,2025-07-21T12:13:00,S02,M000328,store,cash,175,0,,false
T002764,2025-07-21T15:30:00,S02,M000705,store,cash,110,0,,false
T002765,2025-07-21T12:32:00,S02,M000289,store,cash,495,0,,false
T002766,2025-07-21T15:37:00,S03,M001106,store,mobile_payment,35,0,,false
T002767,2025/07/21 11:13,S03,M000403,store,mobile_payment,35,0,,false
T002768,2025-07-21T19:40:00,S03,M000190,store,credit_card,165,0,,false
T002769,2025-07-21T15:26:00,S04,M000249,store,line_pay,1240,0,,false
T002770,2025-07-21T18:31:00,S05,M000643,store,credit_card,1380,0,,false
T002771,2025-07-21T15:48:00,S05,M000627,store,cash,240,0,,false
T002772,2025-07-21T15:40:00,S05,M000126,store,mobile_payment,290,0,,false
T002773,2025-07-21T18:05:00,S05,,store,credit_card,1680,0,,false
T002774,2025-07-21T17:51:00,S06,M000810,store,cash,110,0,,false
T002775,2025-07-22T20:00:00,S01,M000836,store,cash,355,0,,false
T002776,2025-07-22T21:40:00,S01,M000002,store,credit_card,455,0,,false
T002777,2025-07-22T15:33:00,S01,M001070,store,mobile_payment,445,0,,false
T002778,2025-07-22T15:33:00,S01,,store,mobile_payment,2233,0,,false
T002779,2025-07-22T19:44:00,S02,,store,cash,895,0,,false
T002780,2025-07-22T11:21:00,S04,M000777,store,mobile_payment,1290,0,,false
T002781,2025-07-22T18:41:00,S04,M000107,store,credit_card,270,0,,false
T002782,2025-07-22T20:19:00,S99,M000712,online,credit_card,330,0,,false
T002783,2025-07-23T12:26:00,S01,M000685,store,credit_card,1520,0,,false
T002784,2025-07-23T18:57:00,S01,,store,cash,480,0,,false
T002785,2025-07-23T18:51:00,S01,,store,line_pay,960,0,,false
T002786,2025-07-23T18:53:00,S01,,store,cash,2304,71,,false
T002787,2025-07-23T15:06:00,S02,M000517,store,credit_card,185,0,,false
T002788,2025-07-23T15:42:00,S03,M000435,store,line_pay,1265,0,,false
T002789,2025-07-23T12:40:00,S04,M000197,store,line_pay,1190,0,,false
T002790,2025/07/23 19:13,S05,M000852,store,line_pay,290,0,,false
T002791,2025-07-23T12:24:00,S05,M000932,store,cash,1075,0,,false
T002792,2025-07-23T18:11:00,S05,,store,line_pay,1680,0,,false
T002793,2025-07-23T18:40:00,S06,M000285,store,mobile_payment,465,0,,false
T002794,2025-07-23T14:31:00,S99,M000764,online,cash,1050,0,,false
T002795,2025-07-24T21:59:00,S01,M000912,store,credit_card,515,0,,false
T002796,2025-07-24T18:22:00,S01,,store,credit_card,960,0,,false
T002797,2025-07-24T18:11:00,S01,,store,cash,960,0,,false
T002798,2025-07-24T18:29:00,S02,M000243,store,cash,110,0,,false
T002799,2025-07-24T12:51:00,S02,M000650,store,cash,95,0,,false
T002800,2025-07-24T12:18:00,S03,M000808,store,cash,1410,0,,false
T002801,2025-07-24T21:50:00,S03,M001017,store,cash,430,0,,false
T002802,2025-07-24T17:05:00,S04,M000060,store,cash,1219,0,,false
T002803,2025-07-24T20:44:00,S05,M000827,store,cash,390,0,,false
T002804,2025-07-24T11:42:00,S05,M001120,store,cash,1350,0,,false
T002805,2025-07-24T17:47:00,S06,M000130,store,credit_card,180,0,,false
T002806,2025-07-24T17:42:00,S06,M000594,store,credit_card,365,0,,false
T002807,2025-07-24T20:31:00,S06,,store,cash,2160,0,,false
T002808,2025-07-24T12:06:00,S99,M001047,online,line_pay,195,0,,false
T002809,2025-07-24T14:41:00,S99,M000415,online,credit_card,1260,0,,false
T002810,2025-07-24T22:47:00,S99,M000388,online,line_pay,1240,0,,false
T002811,2025-07-25T21:06:00,S01,M001088,store,line_pay,345,0,,false
T002812,2025-07-25T17:07:00,S01,,store,credit_card,2280,0,,false
T002813,2025-07-25T18:49:00,S03,M000923,store,credit_card,1110,0,,false
T002814,2025-07-25T19:57:00,S04,,store,credit_card,2982,0,,false
T002815,2025/07/25 19:28,S05,M000036,store,mobile_payment,130,0,,false
T002816,2025-07-25T21:34:00,S05,M000687,store,cash,255,0,,false
T002817,2025-07-25T19:52:00,S05,M000970,store,credit_card,1135,0,,false
T002818,2025-07-25T19:57:00,S05,M000575,store,credit_card,1180,0,,false
T002819,2025-07-25T18:05:00,S05,,store,credit_card,-220,0,,true
T002820,2025-07-25T18:56:00,S06,M001176,store,credit_card,125,0,,false
T002821,2025-07-26T12:23:00,S01,M000413,store,credit_card,145,0,,false
T002822,2025-07-26T20:37:00,S01,,store,line_pay,1280,0,,false
T002823,2025-07-26T17:00:00,S01,,store,credit_card,2358,0,,false
T002824,2025-07-26T16:58:00,S02,M000507,store,cash,1030,0,,false
T002825,2025-07-26T16:59:00,S04,M000001,store,cash,180,0,,false
T002826,2025-07-26T14:22:00,S04,M000526,store,cash,1299,0,,false
T002827,2025-07-26T14:03:00,S04,M000545,store,credit_card,515,0,,false
T002828,2025-07-26T19:53:00,S05,M000569,store,cash,1315,0,,false
T002829,2025-07-26T14:52:00,S05,,store,cash,960,0,,false
T002830,2025-07-26T19:12:00,S06,M000017,store,cash,130,0,,false
T002831,2025-07-27T19:44:00,S01,M000858,store,line_pay,410,0,,false
T002832,2025-07-27T11:26:00,S01,,store,cash,800,0,,false
T002833,2025-07-27T20:20:00,S01,,store,credit_card,480,0,,false
T002834,2025-07-27T14:23:00,S01,,store,cash,1136,0,,false
T002835,2025-07-27T20:51:00,S01,,store,cash,1066,24,,false
T002836,2025-07-27T11:50:00,S01,,store,credit_card,-180,0,,true
T002837,2025-07-27T14:35:00,S02,M001168,store,credit_card,160,0,,false
T002838,2025-07-27T11:42:00,S02,M000537,store,credit_card,125,0,,false
T002839,2025-07-27T12:52:00,S02,,store,credit_card,960,0,,false
T002840,2025-07-27T16:23:00,S02,,store,credit_card,2333,122,,false
T002841,2025-07-27T20:26:00,S03,,store,mobile_payment,1550,0,,false
T002842,2025-07-27T15:45:00,S04,M000021,store,cash,680,0,,false
T002843,2025-07-27T14:34:00,S04,M000657,store,cash,1540,0,,false
T002844,2025-07-27T14:55:00,S04,,store,credit_card,970,0,,false
T002845,2025-07-27T12:59:00,S05,M000692,store,cash,360,0,,false
T002846,2025-07-27T11:21:00,S05,M001099,store,mobile_payment,530,0,,false
T002847,2025-07-27T15:01:00,S05,M000419,store,line_pay,290,0,,false
T002848,2025-07-27T11:10:00,S05,M000604,store,cash,480,0,,false
T002849,2025-07-28T12:21:00,S01,M000491,store,line_pay,415,0,,false
T002850,2025-07-28T21:58:00,S01,,store,cash,1280,0,,false
T002851,2025-07-28T19:52:00,S01,,store,line_pay,3043,0,,false
T002852,2025-07-28T21:44:00,S02,M001039,store,cash,145,0,,false
T002853,2025-07-28T12:19:00,S03,M000105,store,credit_card,105,0,,false
T002854,2025-07-28T18:59:00,S03,M000325,store,cash,820,0,,false
T002855,2025-07-28T21:34:00,S03,,store,cash,991,110,,false
T002856,2025-07-28T12:40:00,S04,M001086,store,cash,1539,0,,false
T002857,2025/07/28 18:17,S04,,store,cash,1263,0,,false
T002858,2025-07-28T12:56:00,S05,M000943,store,line_pay,390,0,,false
T002859,2025-07-28T12:49:00,S05,M000671,store,credit_card,390,0,,false
T002860,2025-07-28T21:51:00,S99,M000614,online,cash,485,0,,false
T002861,2025-07-28T14:22:00,S99,,online,credit_card,1812,0,,false
T002862,2025-07-28T21:17:00,S99,,online,cash,2203,191,,false
T002863,2025-07-29T19:35:00,S01,M000689,store,credit_card,135,0,,false
T002864,2025-07-29T20:28:00,S01,M000612,store,cash,915,0,,false
T002865,2025-07-29T20:24:00,S01,,store,credit_card,480,0,,false
T002866,2025-07-29T20:51:00,S02,M000854,store,mobile_payment,135,0,,false
T002867,2025-07-29T12:23:00,S03,M000081,store,credit_card,125,0,,false
T002868,2025-07-29T11:06:00,S03,M000598,store,mobile_payment,185,0,,false
T002869,2025-07-29T17:37:00,S04,M000438,store,credit_card,1420,0,,false
T002870,2025-07-29T19:05:00,S04,M000989,store,credit_card,1075,0,,false
T002871,2025-07-29T19:21:00,S05,M000131,store,cash,110,0,,false
T002872,2025-07-29T18:20:00,S05,M000427,store,cash,180,0,,false
T002873,2025-07-29T12:35:00,S05,M000117,store,credit_card,1180,0,,false
T002874,2025-07-29T20:38:00,S05,,store,line_pay,2520,0,,false
T002875,2025-07-30T12:25:00,S01,,store,line_pay,1201,0,,false
T002876,2025-07-30T11:07:00,S02,M000965,store,credit_card,1675,0,,false
T002877,2025-07-30T12:51:00,S02,,store,credit_card,2302,0,,false
T002878,2025-07-30T17:49:00,S03,M001071,store,credit_card,110,0,,false
T002879,2025-07-30T11:43:00,S04,M000901,store,mobile_payment,1099,0,,false
T002880,2025-07-30T19:38:00,S04,M000997,store,line_pay,860,0,,false
T002881,2025-07-30T20:13:00,S05,M000340,store,cash,255,0,,false
T002882,2025-07-30T20:45:00,S05,,store,cash,1008,0,,false
T002883,2025-07-30T15:53:00,S06,,store,cash,1855,0,,false
T002884,2025-07-30T20:59:00,S99,M000737,online,cash,95,0,,false
T002885,2025-07-30T21:20:00,S99,M000502,online,cash,625,0,,false
T002886,2025-07-31T17:28:00,S01,,store,credit_card,480,0,,false
T002887,2025-07-31T21:35:00,S01,,store,credit_card,1740,0,,false
T002888,2025-07-31T18:41:00,S02,M000202,store,credit_card,105,0,,false
T002889,2025-07-31T20:36:00,S02,M000012,store,mobile_payment,590,0,,false
T002890,2025-07-31T12:53:00,S02,,store,cash,2501,0,,false
T002891,2025-07-31T20:49:00,S02,,store,mobile_payment,1284,0,,false
T002892,2025-07-31T18:57:00,S03,M000610,store,credit_card,110,0,,false
T002893,2025-07-31T17:40:00,S03,M001180,store,mobile_payment,1410,0,,false
T002894,2025-07-31T15:27:00,S04,M000021,store,credit_card,1399,0,,false
T002895,2025-07-31T15:51:00,S04,M000777,store,mobile_payment,1875,0,,false
T002896,2025-07-31T11:16:00,S05,M000872,store,credit_card,530,0,,false
T002897,2025-07-31T18:11:00,S05,M000312,store,credit_card,920,0,,false
T002898,2025-08-01T19:36:00,S01,,store,cash,800,0,,false
T002899,2025-08-01T20:42:00,S02,M000952,store,cash,900,0,,false
T002900,2025-08-01T19:43:00,S03,M000196,store,credit_card,35,0,,false
T002901,2025-08-01T19:23:00,S04,M000561,store,cash,1360,0,,false
T002902,2025-08-01T19:42:00,S04,M000303,store,credit_card,335,0,,false
T002903,2025/08/01 17:10,S05,M000970,store,line_pay,1055,0,,false
T002904,2025-08-01T19:38:00,S05,,store,credit_card,3413,156,,false
T002905,2025-08-01T09:49:00,S99,M000198,online,mobile_payment,1380,0,,false
T002906,2025-08-02T17:53:00,S01,M000798,store,line_pay,475,0,,false
T002907,2025-08-02T14:02:00,S01,,store,cash,992,86,,false
T002908,2025-08-02T15:32:00,S01,,store,cash,1805,0,,false
T002909,2025-08-02T14:55:00,S02,M000731,store,credit_card,610,0,,false
T002910,2025-08-02T19:32:00,S03,M000869,store,cash,810,0,,false
T002911,2025-08-02T15:43:00,S03,M000233,store,cash,1330,0,,false
T002912,2025/08/02 19:34,S03,,store,cash,1980,0,,false
T002913,2025-08-02T19:56:00,S05,M000870,store,cash,250,0,,false
T002914,2025-08-02T11:08:00,S05,M001109,store,credit_card,120,0,,false
T002915,2025-08-02T19:44:00,S05,M000309,store,cash,940,0,,false
T002916,2025-08-02T19:14:00,S05,,store,cash,3336,0,,false
T002917,2025-08-02T14:16:00,S06,M000758,store,credit_card,110,0,,false
T002918,2025-08-02T19:21:00,S06,M000534,store,credit_card,905,0,,false
T002919,2025-08-02T21:43:00,S99,M000829,online,cash,155,0,,false
T002920,2025-08-03T20:27:00,S01,M000789,store,credit_card,305,0,,false
T002921,2025-08-03T14:23:00,S01,M001113,store,cash,335,0,,false
T002922,2025-08-03T17:07:00,S01,M001155,store,cash,1160,0,,false
T002923,2025-08-03T19:31:00,S02,M000375,store,credit_card,955,0,,false
T002924,2025-08-03T15:57:00,S02,,store,credit_card,1102,0,,false
T002925,2025-08-03T17:21:00,S03,M000721,store,credit_card,180,0,,false
T002926,2025-08-03T12:24:00,S03,M001134,store,cash,385,0,,false
T002927,2025-08-03T14:22:00,S05,M000122,store,credit_card,1240,0,,false
T002928,2025-08-03T19:07:00,S05,M000879,store,line_pay,1005,0,,false
T002929,2025-08-03T12:14:00,S06,M000446,store,credit_card,110,0,,false
T002930,2025-08-04T15:37:00,S02,M000651,store,credit_card,855,0,,false
T002931,2025-08-04T12:07:00,S04,M000440,store,cash,930,0,,false
T002932,2025-08-04T12:26:00,S04,M000777,store,cash,-350,0,,true
T002933,2025-08-04T21:42:00,S04,,store,cash,1605,0,,false
T002934,2025-08-04T12:29:00,S05,M000327,store,mobile_payment,290,0,,false
T002935,2025-08-04T21:19:00,S06,M000892,store,cash,385,0,,false
T002936,2025-08-04T15:15:00,S06,M000761,store,line_pay,1350,0,,false
T002937,2025-08-05T12:34:00,S01,,store,credit_card,480,0,,false
T002938,2025-08-05T15:24:00,S01,,store,cash,2640,0,,false
T002939,2025-08-05T17:14:00,S02,,store,cash,1168,0,,false
T002940,2025-08-05T18:04:00,S03,M000344,store,credit_card,105,0,,false
T002941,2025-08-05T11:26:00,S03,M000162,store,credit_card,70,0,,false
T002942,2025-08-05T11:00:00,S03,M001032,store,line_pay,165,0,,false
T002943,2025-08-05T15:51:00,S03,M000620,store,credit_card,1300,0,,false
T002944,2025-08-05T17:38:00,S03,M000056,store,credit_card,1050,0,,false
T002945,2025-08-05T19:11:00,S04,M001066,store,mobile_payment,940,0,,false
T002946,2025-08-05T19:28:00,S04,M000893,store,cash,1200,0,,false
T002947,2025-08-05T19:33:00,S04,,store,credit_card,1557,135,,false
T002948,2025-08-05T11:38:00,S04,,store,credit_card,1950,0,,false
T002949,2025-08-05T19:10:00,S04,,store,cash,1610,0,,false
T002950,2025-08-05T19:48:00,S04,,store,line_pay,4337,0,,false
T002951,2025-08-05T21:46:00,S05,M000309,store,credit_card,760,0,,false
T002952,2025-08-05T20:45:00,S06,M000845,store,line_pay,175,0,,false
T002953,2025-08-06T20:42:00,S01,M001177,store,credit_card,105,0,,false
T002954,2025-08-06T20:40:00,S01,M001088,store,cash,415,0,,false
T002955,2025-08-06T15:42:00,S01,M000581,store,credit_card,630,0,,false
T002956,2025-08-06T21:10:00,S03,M000052,store,credit_card,35,0,,false
T002957,2025-08-06T19:03:00,S03,M000447,store,line_pay,35,0,,false
T002958,2025-08-06T21:32:00,S03,,store,mobile_payment,1780,0,,false
T002959,2025-08-06T21:39:00,S04,,store,credit_card,2134,0,,false
T002960,2025/08/06 15:19,S05,M000604,store,line_pay,355,0,,false
T002961,2025-08-06T21:34:00,S99,M000306,online,credit_card,125,0,,false
T002962,2025-08-06T09:27:00,S99,M000049,online,cash,1240,0,,false
T002963,2025-08-07T21:24:00,S01,M000039,store,cash,445,0,,false
T002964,2025-08-07T20:45:00,S01,M000192,store,line_pay,415,0,,false
T002965,2025-08-07T11:49:00,S02,M000417,store,credit_card,785,0,,false
T002966,2025-08-07T17:11:00,S02,M001130,store,cash,350,0,,false
T002967,2025-08-07T15:03:00,S02,M001035,store,line_pay,1110,0,,false
T002968,2025-08-07T20:09:00,S02,,store,cash,1653,87,,false
T002969,2025-08-07T20:11:00,S03,M000830,store,credit_card,90,0,,false
T002970,2025-08-07T19:29:00,S04,M000983,store,cash,1479,0,,false
T002971,2025-08-07T18:05:00,S04,M000975,store,line_pay,1679,0,,false
T002972,2025-08-07T15:06:00,S04,M000299,store,cash,1339,0,,false
T002973,2025-08-07T19:48:00,S04,M000277,store,credit_card,1659,0,,false
T002974,2025-08-07T19:41:00,S05,M000894,store,credit_card,1075,0,,false
T002975,2025-08-07T18:43:00,S05,M001146,store,line_pay,310,0,,false
T002976,2025-08-07T15:39:00,S05,M000479,store,cash,270,0,,false
T002977,2025-08-07T20:13:00,S05,M000934,store,credit_card,390,0,,false
T002978,2025-08-07T17:11:00,S05,M000555,store,mobile_payment,1080,0,,false
T002979,2025-08-07T21:15:00,S06,M000929,store,line_pay,90,0,,false
T002980,2025-08-07T12:34:00,S99,M001186,online,credit_card,100,0,,false
T002981,2025-08-07T22:05:00,S99,M000272,online,cash,1070,0,,false
T002982,2025-08-08T15:10:00,S01,M001007,store,credit_card,1550,0,,false
T002983,2025-08-08T20:45:00,S01,,store,line_pay,-79,0,,true
T002984,2025-08-08T11:54:00,S04,M000466,store,line_pay,1579,0,,false
T002985,2025-08-08T18:17:00,S04,,store,cash,1847,0,,false
T002986,2025-08-08T19:13:00,S05,M000868,store,credit_card,110,0,,false
T002987,2025-08-08T20:21:00,S05,M000709,store,credit_card,900,0,,false
T002988,2025-08-08T19:39:00,S05,M000333,store,credit_card,390,0,,false
T002989,2025-08-08T17:26:00,S05,M000359,store,cash,220,0,,false
T002990,2025-08-08T18:01:00,S05,,store,cash,2593,0,,false
T002991,2025-08-08T15:24:00,S06,M000439,store,cash,185,0,,false
T002992,2025-08-09T11:09:00,S01,,store,line_pay,2367,137,,false
T002993,2025-08-09T19:38:00,S03,M001065,store,credit_card,165,0,,false
T002994,2025-08-09T19:58:00,S03,,store,line_pay,1288,0,,false
T002995,2025-08-09T15:11:00,S05,M000380,store,line_pay,1490,0,,false
T002996,2025-08-09T16:13:00,S05,M000939,store,cash,530,0,,false
T002997,2025-08-09T20:46:00,S05,M000852,store,line_pay,285,0,,false
T002998,2025-08-09T14:47:00,S05,,store,credit_card,1545,0,,false
T002999,2025-08-09T20:10:00,S06,M001170,store,credit_card,1540,0,,false
T003000,2025-08-09T20:40:00,S06,M000984,store,credit_card,1540,0,,false
T003001,2025-08-09T17:17:00,S06,M000038,store,credit_card,900,0,,false
T003002,2025-08-09T20:01:00,S99,,online,credit_card,900,0,,false
T003003,2025-08-10T20:52:00,S01,M001074,store,credit_card,460,0,,false
T003004,2025-08-10T20:31:00,S02,M000318,store,cash,180,0,,false
T003005,2025-08-10T20:50:00,S02,M000080,store,credit_card,110,0,,false
T003006,2025-08-10T20:09:00,S02,M000467,store,line_pay,1020,0,,false
T003007,2025-08-10T19:11:00,S03,M000167,store,credit_card,105,0,,false
T003008,2025-08-10T14:04:00,S05,M000618,store,cash,300,0,,false
T003009,2025-08-10T19:16:00,S05,,store,mobile_payment,1375,0,,false
T003010,2025-08-10T16:42:00,S05,,store,mobile_payment,2026,44,,false
T003011,2025-08-10T12:08:00,S99,M000210,online,cash,2172,0,,false
T003012,2025-08-11T21:26:00,S01,M000370,store,cash,190,0,,false
T003013,2025-08-11T17:02:00,S02,M000336,store,cash,1055,0,,false
T003014,2025-08-11T18:51:00,S03,M000319,store,credit_card,110,0,,false
T003015,2025-08-11T20:44:00,S03,M000626,store,credit_card,35,0,,false
T003016,2025-08-11T21:15:00,S04,M000021,store,credit_card,-240,0,,true
T003017,2025-08-11T19:44:00,S04,,store,cash,2050,0,,false
T003018,2025-08-11T18:17:00,S05,M000973,store,credit_card,270,0,,false
T003019,2025-08-11T11:36:00,S05,,store,mobile_payment,2290,0,,false
T003020,2025-08-11T21:09:00,S05,,store,cash,1261,64,,false
T003021,2025-08-11T19:26:00,S06,M000509,store,credit_card,1340,0,,false
T003022,2025-08-11T14:02:00,S99,M000261,online,cash,890,0,,false
T003023,2025-08-12T20:43:00,S01,M001073,store,cash,1355,0,,false
T003024,2025-08-12T18:11:00,S01,M000016,store,credit_card,400,0,,false
T003025,2025-08-12T19:25:00,S01,M000896,store,cash,420,0,,false
T003026,2025-08-12T18:23:00,S01,M000498,store,line_pay,715,0,,false
T003027,2025-08-12T18:39:00,S01,M000310,store,credit_card,880,0,,false
T003028,2025-08-12T12:05:00,S01,,store,credit_card,1686,0,,false
T003029,2025-08-12T20:22:00,S02,M001010,store,cash,1410,0,,false
T003030,2025-08-12T15:19:00,S03,M001153,store,credit_card,145,0,,false
T003031,2025-08-12T19:09:00,S03,M000195,store,cash,190,0,,false
T003032,2025-08-12T17:12:00,S03,M000688,store,cash,505,0,,false
T003033,2025-08-12T21:55:00,S04,M000021,store,line_pay,-260,0,,true
T003034,2025-08-12T11:49:00,S05,M000940,store,credit_card,420,0,,false
T003035,2025-08-12T20:14:00,S05,,store,cash,1297,0,,false
T003036,2025-08-12T11:56:00,S05,,store,credit_card,2409,0,,false
T003037,2025-08-12T21:01:00,S06,M000725,store,credit_card,110,0,,false
T003038,2025-08-13T20:39:00,S01,M000002,store,line_pay,370,0,,false
T003039,2025-08-13T19:10:00,S01,,store,mobile_payment,1895,0,,false
T003040,2025-08-13T12:58:00,S02,M000950,store,credit_card,190,0,,false
T003041,2025-08-13T11:26:00,S02,,store,cash,2120,150,,false
T003042,2025-08-13T19:51:00,S03,M000913,store,cash,160,0,,false
T003043,2025-08-13T21:29:00,S03,M000648,store,cash,95,0,,false
T003044,2025-08-13T20:43:00,S03,M000808,store,cash,950,0,,false
T003045,2025-08-13T19:21:00,S03,,store,credit_card,1840,0,,false
T003046,2025-08-13T18:13:00,S05,M000599,store,line_pay,945,0,,false
T003047,2025-08-13T19:49:00,S05,M000383,store,credit_card,1515,0,,false
T003048,2025-08-14T11:11:00,S01,M001070,store,line_pay,385,0,,false
T003049,2025-08-14T21:08:00,S01,M000368,store,line_pay,500,0,,false
T003050,2025-08-14T18:41:00,S02,M000573,store,cash,185,0,,false
T003051,2025-08-14T12:10:00,S02,M001048,store,mobile_payment,895,0,,false
T003052,2025-08-14T12:21:00,S03,M000009,store,credit_card,195,0,,false
T003053,2025-08-14T19:09:00,S04,M001086,store,line_pay,1000,0,,false
T003054,2025-08-14T12:46:00,S04,,store,credit_card,2827,0,,false
T003055,2025-08-14T20:19:00,S04,,store,line_pay,2430,30,,false
T003056,2025-08-14T17:43:00,S06,M000576,store,credit_card,110,0,,false
T003057,2025-08-14T17:26:00,S06,M000443,store,credit_card,90,0,,false
T003058,2025-08-14T15:18:00,S06,M001009,store,cash,455,0,,false
T003059,2025-08-14T14:16:00,S99,M000731,online,cash,2806,0,,false
T003060,2025-08-14T21:54:00,S99,,online,cash,1320,0,,false
T003061,2025-08-15T19:34:00,S01,M000408,store,line_pay,95,0,,false
T003062,2025-08-15T12:54:00,S02,M000157,store,cash,90,0,,false
T003063,2025-08-15T18:00:00,S02,,store,line_pay,1668,0,,false
T003064,2025-08-15T11:49:00,S04,,store,cash,1709,0,,false
T003065,2025-08-15T17:44:00,S05,M000050,store,credit_card,390,0,,false
T003066,2025-08-15T15:06:00,S05,M000337,store,credit_card,290,0,,false
T003067,2025-08-15T17:28:00,S05,M000420,store,credit_card,1410,0,,false
T003068,2025-08-15T20:17:00,S06,M000556,store,line_pay,425,0,,false
T003069,2025-08-15T17:42:00,S06,,store,cash,1018,0,,false
T003070,2025-08-15T18:12:00,S06,,store,line_pay,1266,0,,false
T003071,2025-08-16T15:45:00,S01,M000963,store,cash,185,0,,false
T003072,2025-08-16T20:37:00,S01,M001008,store,credit_card,430,0,,false
T003073,2025-08-16T11:14:00,S03,M001157,store,credit_card,90,0,,false
T003074,2025-08-16T16:48:00,S03,M000772,store,mobile_payment,1080,0,,false
T003075,2025-08-16T16:29:00,S04,,store,credit_card,2760,0,,false
T003076,2025-08-16T14:47:00,S99,M001135,online,credit_card,175,0,,false
T003077,2025-08-16T12:38:00,S99,M000418,online,line_pay,580,0,,false
T003078,2025-08-17T14:17:00,S01,M000231,store,credit_card,560,0,,false
T003079,2025-08-17T17:51:00,S01,M000240,store,cash,420,0,,false
T003080,2025-08-17T15:19:00,S01,M000135,store,credit_card,260,0,,false
T003081,2025-08-17T16:05:00,S02,M000347,store,cash,140,0,,false
T003082,2025-08-17T14:25:00,S02,M000445,store,line_pay,860,0,,false
T003083,2025-08-17T19:57:00,S04,M000901,store,credit_card,1319,0,,false
T003084,2025-08-17T12:14:00,S04,M000526,store,cash,1439,0,,false
T003085,2025-08-17T19:29:00,S04,M000949,store,mobile_payment,970,0,,false
T003086,2025-08-17T17:03:00,S04,,store,line_pay,2030,0,,false
T003087,2025-08-17T11:25:00,S05,M000504,store,cash,300,0,,false
T003088,2025-08-17T15:59:00,S05,M000421,store,credit_card,1370,0,,false
T003089,2025-08-17T16:22:00,S06,M000171,store,cash,1400,0,,false
T003090,2025-08-17T19:11:00,S06,,store,credit_card,1638,86,,false
T003091,2025-08-17T20:05:00,S06,,store,credit_card,-130,0,,true
T003092,2025-08-18T19:15:00,S01,M000895,store,credit_card,360,0,,false
T003093,2025-08-18T18:27:00,S01,,store,credit_card,2147,0,,false
T003094,2025-08-18T20:35:00,S02,M001006,store,cash,145,0,,false
T003095,2025-08-18T11:17:00,S02,M001002,store,cash,1435,0,,false
T003096,2025-08-18T17:59:00,S03,M000717,store,cash,160,0,,false
T003097,2025-08-18T19:46:00,S03,M001180,store,credit_card,-190,0,,true
T003098,2025-08-18T19:15:00,S04,M000710,store,line_pay,1539,0,,false
T003099,2025-08-18T17:19:00,S05,M000505,store,cash,320,0,,false
T003100,2025/08/18 17:20,S05,M000148,store,mobile_payment,260,0,,false
T003101,2025-08-19T12:29:00,S01,M000039,store,line_pay,360,0,,false
T003102,2025-08-19T20:15:00,S01,M001022,store,credit_card,420,0,,false
T003103,2025-08-19T20:25:00,S02,M000855,store,credit_card,660,0,,false
T003104,2025-08-19T12:50:00,S03,M000463,store,mobile_payment,160,0,,false
T003105,2025-08-19T12:41:00,S03,M000025,store,cash,1160,0,,false
T003106,2025-08-19T15:00:00,S04,M000519,store,mobile_payment,1020,0,,false
T003107,2025-08-19T15:22:00,S04,M000542,store,mobile_payment,1220,0,,false
T003108,2025-08-19T20:22:00,S04,,store,mobile_payment,2128,0,,false
T003109,2025-08-19T20:59:00,S04,,store,line_pay,1631,0,,false
T003110,2025-08-19T20:47:00,S05,M001179,store,credit_card,155,0,,false
T003111,2025-08-19T12:07:00,S06,M001078,store,line_pay,1085,0,,false
T003112,2025-08-19T12:59:00,S06,,store,line_pay,1506,0,,false
T003113,2025-08-20T19:12:00,S01,M000723,store,line_pay,460,0,,false
T003114,2025-08-20T17:43:00,S01,M001105,store,mobile_payment,1850,0,,false
T003115,2025-08-20T15:22:00,S02,M000968,store,credit_card,110,0,,false
T003116,2025-08-20T15:33:00,S02,M001089,store,credit_card,1310,0,,false
T003117,2025-08-20T11:15:00,S02,,store,credit_card,2036,46,,false
T003118,2025-08-20T20:07:00,S03,M000736,store,cash,130,0,,false
T003119,2025-08-20T20:46:00,S03,M000106,store,line_pay,180,0,,false
T003120,2025-08-20T18:14:00,S05,M000569,store,cash,1145,0,,false
T003121,2025-08-20T18:40:00,S06,M000316,store,cash,1075,0,,false
T003122,2025-08-21T18:06:00,S01,M001105,store,credit_card,1929,66,,false
T003123,2025-08-21T20:02:00,S02,M000952,store,line_pay,1220,0,,false
T003124,2025-08-21T20:51:00,S03,M000203,store,line_pay,165,0,,false
T003125,2025-08-21T17:06:00,S03,M000233,store,credit_card,910,0,,false
T003126,2025-08-21T18:51:00,S04,M001086,store,credit_card,1419,0,,false
T003127,2025-08-21T11:27:00,S04,,store,mobile_payment,1925,0,,false
T003128,2025-08-21T21:19:00,S05,,store,cash,1728,0,,false
T003129,2025-08-21T20:04:00,S05,,store,credit_card,1435,0,,false
T003130,2025-08-21T11:51:00,S06,M000761,store,line_pay,-390,0,,true
T003131,2025-08-21T15:13:00,S06,,store,mobile_payment,2048,0,,false
T003132,2025-08-22T21:48:00,S01,M000229,store,line_pay,160,0,,false
T003133,2025-08-22T15:26:00,S01,M000339,store,credit_card,470,0,,false
T003134,2025-08-22T19:53:00,S01,M000888,store,cash,995,0,,false
T003135,2025-08-22T12:55:00,S01,,store,credit_card,2120,235,,false
T003136,2025-08-22T15:36:00,S02,M000811,store,cash,105,0,,false
T003137,2025-08-22T20:15:00,S02,M000362,store,mobile_payment,1125,0,,false
T003138,2025-08-22T17:35:00,S04,M000021,store,credit_card,1459,0,,false
T003139,2025-08-22T15:53:00,S05,M000479,store,line_pay,380,0,,false
T003140,2025-08-22T11:02:00,S05,M001158,store,mobile_payment,390,0,,false
T003141,2025-08-22T18:41:00,S05,M000327,store,mobile_payment,390,0,,false
T003142,2025-08-22T12:51:00,S05,M000385,store,credit_card,320,0,,false
T003143,2025-08-22T14:39:00,S99,M001029,online,credit_card,1525,0,,false
T003144,2025-08-23T12:39:00,S01,M000225,store,cash,295,0,,false
T003145,2025-08-23T20:34:00,S01,M000743,store,credit_card,420,0,,false
T003146,2025-08-23T20:44:00,S01,M001171,store,cash,1160,0,,false
T003147,2025-08-23T11:45:00,S01,,store,mobile_payment,1547,0,,false
T003148,2025-08-23T12:12:00,S02,,store,credit_card,3055,0,,false
T003149,2025-08-23T15:29:00,S02,,store,credit_card,1753,0,,false
T003150,2025-08-23T19:34:00,S04,M000653,store,cash,1165,0,,false
T003151,2025-08-23T16:51:00,S04,,store,credit_card,1912,132,,false
T003152,2025-08-23T11:27:00,S04,,store,cash,2340,0,,false
T003153,2025-08-23T11:08:00,S05,M001121,store,cash,180,0,,false
T003154,2025-08-23T12:15:00,S05,,store,credit_card,1383,57,,false
T003155,2025-08-23T14:33:00,S06,M000750,store,cash,125,0,,false
T003156,2025-08-23T14:55:00,S06,,store,credit_card,1761,195,,false
T003157,2025-08-23T20:09:00,S99,M001081,online,credit_card,1180,0,,false
T003158,2025-08-24T16:02:00,S01,M000525,store,mobile_payment,385,0,,false
T003159,2025-08-24T11:07:00,S01,,store,cash,1321,0,,false
T003160,2025-08-24T15:11:00,S01,,store,credit_card,765,0,,false
T003161,2025-08-24T20:13:00,S01,,store,credit_card,1777,53,,false
T003162,2025-08-24T17:39:00,S03,M000169,store,cash,110,0,,false
T003163,2025-08-24T11:03:00,S04,M000248,store,line_pay,925,0,,false
T003164,2025-08-24T17:24:00,S05,M000934,store,line_pay,255,0,,false
T003165,2025-08-24T12:13:00,S06,M000708,store,line_pay,110,0,,false
T003166,2025-08-24T21:18:00,S99,M000266,online,credit_card,1245,0,,false
T003167,2025-08-24T20:37:00,S99,M000732,online,credit_card,1402,0,,false
T003168,2025-08-25T15:23:00,S01,M000429,store,cash,425,0,,false
T003169,2025-08-25T15:39:00,S01,M000010,store,credit_card,1100,0,,false
T003170,2025-08-25T11:04:00,S02,M000560,store,mobile_payment,95,0,,false
T003171,2025-08-25T12:27:00,S02,,store,cash,1720,0,,false
T003172,2025-08-25T18:35:00,S03,M000090,store,cash,110,0,,false
T003173,2025-08-25T18:32:00,S04,M000771,store,cash,110,0,,false
T003174,2025-08-25T21:31:00,S04,M000277,store,cash,1399,0,,false
T003175,2025-08-25T15:48:00,S04,M000893,store,credit_card,1545,0,,false
T003176,2025-08-25T15:41:00,S04,M000438,store,credit_card,1060,0,,false
T003177,2025-08-25T19:51:00,S05,M000275,store,mobile_payment,470,0,,false
T003178,2025-08-25T17:14:00,S05,M000702,store,credit_card,390,0,,false
T003179,2025-08-25T17:56:00,S05,M000333,store,credit_card,295,0,,false
T003180,2025-08-25T17:38:00,S05,M000656,store,cash,150,0,,false
T003181,2025-08-25T21:14:00,S06,M000346,store,credit_card,175,0,,false
T003182,2025-08-25T18:00:00,S06,,store,cash,2454,0,,false
T003183,2025-08-25T20:04:00,S99,M000863,online,line_pay,610,0,,false
T003184,2025-08-26T20:25:00,S01,M000836,store,credit_card,405,0,,false
T003185,2025-08-26T20:23:00,S01,,store,credit_card,1445,0,,false
T003186,2025-08-26T12:37:00,S02,M000980,store,credit_card,1280,0,,false
T003187,2025-08-26T18:27:00,S02,,store,cash,-280,0,,true
T003188,2025/08/26 11:53,S03,M001138,store,line_pay,105,0,,false
T003189,2025-08-26T12:49:00,S04,M000492,store,credit_card,180,0,,false
T003190,2025-08-26T17:30:00,S04,M000983,store,cash,1499,0,,false
T003191,2025-08-26T12:13:00,S04,M000834,store,cash,1040,0,,false
T003192,2025-08-26T15:44:00,S04,,store,cash,1929,136,,false
T003193,2025-08-26T15:16:00,S04,,store,credit_card,2140,0,,false
T003194,2025-08-26T20:25:00,S05,,store,credit_card,800,0,,false
T003195,2025-08-26T21:27:00,S05,,store,cash,2514,171,,false
T003196,2025-08-26T12:40:00,S06,M000091,store,line_pay,990,0,,false
T003197,2025-08-26T11:34:00,S06,M000083,store,mobile_payment,1015,0,,false
T003198,2025-08-26T12:48:00,S06,M000171,store,credit_card,1595,0,,false
T003199,2025-08-26T11:54:00,S06,M000038,store,mobile_payment,1230,0,,false
T003200,2025-08-26T12:26:00,S99,,online,cash,1437,48,,false
T003201,2025-08-27T19:19:00,S01,M001113,store,cash,340,0,,false
T003202,2025-08-27T20:59:00,S01,M001014,store,cash,425,0,,false
T003203,2025-08-27T19:27:00,S01,M000273,store,mobile_payment,530,0,,false
T003204,2025-08-27T19:44:00,S01,M000874,store,credit_card,1315,0,,false
T003205,2025-08-27T18:19:00,S01,,store,cash,1000,0,,false
T003206,2025-08-27T11:55:00,S01,,store,cash,2552,0,,false
T003207,2025-08-27T19:06:00,S02,M000259,store,line_pay,155,0,,false
T003208,2025-08-27T21:15:00,S02,M000826,store,line_pay,610,0,,false
T003209,2025-08-27T18:07:00,S03,M001023,store,mobile_payment,35,0,,false
T003210,2025-08-27T18:43:00,S03,,store,cash,795,0,,false
T003211,2025-08-27T15:06:00,S04,M000949,store,credit_card,895,0,,false
T003212,2025-08-27T19:27:00,S05,M000628,store,line_pay,390,0,,false
T003213,2025-08-27T20:57:00,S05,,store,line_pay,2598,0,,false
T003214,2025-08-28T18:27:00,S01,M000685,store,mobile_payment,875,0,,false
T003215,2025-08-28T19:43:00,S01,M000139,store,line_pay,400,0,,false
T003216,2025-08-28T18:55:00,S01,M000593,store,credit_card,800,0,,false
T003217,2025-08-28T21:34:00,S03,,store,line_pay,1607,63,,false
T003218,2025-08-28T19:54:00,S04,M001036,store,cash,90,0,,false
T003219,2025-08-28T18:01:00,S04,M000769,store,credit_card,1140,0,,false
T003220,2025-08-28T11:17:00,S05,M001102,store,line_pay,975,0,,false
T003221,2025-08-28T12:55:00,S05,M000938,store,line_pay,340,0,,false
T003222,2025-08-28T11:35:00,S05,,store,credit_card,1654,0,,false
T003223,2025-08-28T12:11:00,S05,,store,credit_card,3497,0,,false
T003224,2025-08-28T21:10:00,S05,,store,credit_card,1544,0,,false
T003225,2025-08-28T14:22:00,S99,M000807,online,cash,705,0,,false
T003226,2025-08-28T12:51:00,S99,M001097,online,credit_card,2035,0,,false
T003227,2025-08-29T18:31:00,S01,M000413,store,mobile_payment,160,0,,false
T003228,2025-08-29T18:19:00,S01,M000912,store,mobile_payment,310,0,,false
T003229,2025-08-29T21:17:00,S01,M000433,store,cash,325,0,,false
T003230,2025-08-29T20:25:00,S01,,store,cash,1903,0,,false
T003231,2025-08-29T18:17:00,S02,M001091,store,credit_card,880,0,,false
T003232,2025-08-29T20:25:00,S03,M000452,store,credit_card,90,0,,false
T003233,2025-08-29T19:43:00,S03,,store,line_pay,1451,0,,false
T003234,2025-08-29T20:35:00,S03,,store,credit_card,2022,0,,false
T003235,2025-08-29T21:46:00,S04,M000070,store,credit_card,1555,0,,false
T003236,2025-08-29T15:53:00,S04,,store,mobile_payment,1657,0,,false
T003237,2025-08-29T19:53:00,S04,,store,line_pay,1793,82,,false
T003238,2025-08-29T20:32:00,S05,M000674,store,line_pay,1420,0,,false
T003239,2025-08-29T18:15:00,S06,M000376,store,credit_card,1020,0,,false
T003240,2025-08-29T12:55:00,S99,M000676,online,cash,1030,0,,false
T003241,2025-08-30T14:23:00,S01,,store,credit_card,2189,0,,false
T003242,2025-08-30T12:22:00,S01,,store,cash,1720,0,,false
T003243,2025-08-30T12:01:00,S02,M000641,store,cash,480,0,,false
T003244,2025-08-30T15:58:00,S03,M000196,store,cash,195,0,,false
T003245,2025-08-30T12:32:00,S04,M000412,store,mobile_payment,175,0,,false
T003246,2025-08-30T12:35:00,S04,M000466,store,cash,1299,0,,false
T003247,2025/08/30 16:36,S04,M000299,store,mobile_payment,1359,0,,false
T003248,2025-08-30T19:12:00,S04,,store,credit_card,1985,45,,false
T003249,2025-08-30T19:11:00,S05,M000605,store,cash,320,0,,false
T003250,2025-08-30T19:28:00,S05,M000661,store,mobile_payment,290,0,,false
T003251,2025-08-30T09:00:00,S99,,online,cash,1245,0,,false
T003252,2025-08-31T14:34:00,S01,M001000,store,credit_card,480,0,,false
T003253,2025-08-31T16:03:00,S01,M000007,store,credit_card,470,0,,false
T003254,2025-08-31T17:21:00,S01,M000201,store,credit_card,375,0,,false
T003255,2025-08-31T12:42:00,S01,M000428,store,line_pay,405,0,,false
T003256,2025-08-31T17:11:00,S02,M000952,store,credit_card,680,0,,false
T003257,2025-08-31T17:36:00,S02,,store,line_pay,3471,0,,false
T003258,2025-08-31T20:25:00,S04,M000975,store,line_pay,1439,0,,false
T003259,2025-08-31T16:18:00,S04,M000949,store,cash,-110,0,,true
T003260,2025-08-31T16:11:00,S05,M000505,store,cash,320,0,,false
T003261,2025-08-31T15:39:00,S05,M000722,store,cash,310,0,,false
T003262,2025-08-31T12:22:00,S05,M000595,store,line_pay,240,0,,false
T003263,2025-08-31T14:57:00,S06,M000071,store,credit_card,500,0,,false
T003264,2025-08-31T14:54:00,S06,M000631,store,credit_card,415,0,,false
T003265,2025-09-01T21:44:00,S01,M000010,store,mobile_payment,1600,0,,false
T003266,2025-09-01T18:57:00,S01,M001011,store,line_pay,470,0,,false
T003267,2025-09-01T15:40:00,S02,M000530,store,credit_card,1380,0,,false
T003268,2025-09-01T18:09:00,S02,,store,mobile_payment,1280,0,,false
T003269,2025-09-01T21:38:00,S03,M000579,store,mobile_payment,155,0,,false
T003270,2025-09-01T15:48:00,S03,M000937,store,credit_card,175,0,,false
T003271,2025-09-01T20:06:00,S04,M000430,store,line_pay,1240,0,,false
T003272,2025-09-01T11:00:00,S05,M000535,store,credit_card,235,0,,false
T003273,2025-09-01T12:38:00,S05,M000815,store,cash,395,0,,false
T003274,2025-09-01T18:44:00,S05,,store,credit_card,1608,0,,false
T003275,2025-09-01T19:17:00,S06,M000390,store,mobile_payment,175,0,,false
T003276,2025-09-01T20:10:00,S06,M001009,store,credit_card,710,0,,false
T003277,2025-09-01T20:17:00,S99,M000964,online,line_pay,90,0,,false
T003278,2025-09-01T22:43:00,S99,M000775,online,credit_card,1120,0,,false
T003279,2025-09-02T20:52:00,S01,M001083,store,credit_card,180,0,,false
T003280,2025-09-02T18:47:00,S01,M000356,store,mobile_payment,125,0,,false
T003281,2025-09-02T17:14:00,S01,,store,line_pay,480,0,,false
T003282,2025-09-02T12:00:00,S01,,store,credit_card,480,0,,false
T003283,2025-09-02T21:24:00,S02,M000104,store,credit_card,110,0,,false
T003284,2025-09-02T18:00:00,S02,,store,cash,3357,0,,false
T003285,2025-09-02T21:31:00,S04,M000975,store,line_pay,520,0,,false
T003286,2025-09-02T19:48:00,S04,M000777,store,credit_card,1150,0,,false
T003287,2025-09-02T17:48:00,S04,,store,cash,960,0,,false
T003288,2025-09-02T15:27:00,S04,,store,credit_card,3298,0,,false
T003289,2025-09-02T18:02:00,S04,,store,mobile_payment,2500,0,,false
T003290,2025-09-02T20:19:00,S99,M000176,online,cash,125,0,,false
T003291,2025-09-02T21:26:00,S99,M000341,online,cash,1410,0,,false
T003292,2025-09-02T21:00:00,S99,M000871,online,cash,1080,0,,false
T003293,2025-09-03T19:58:00,S01,M000889,store,credit_card,185,0,,false
T003294,2025-09-03T11:11:00,S01,M000192,store,credit_card,460,0,,false
T003295,2025-09-03T20:58:00,S01,M000898,store,cash,420,0,,false
T003296,2025-09-03T21:47:00,S01,M000781,store,cash,480,0,,false
T003297,2025-09-03T18:50:00,S01,,store,credit_card,960,0,,false
T003298,2025-09-03T11:47:00,S01,,store,credit_card,2308,0,,false
T003299,2025-09-03T21:41:00,S02,M000726,store,mobile_payment,830,0,,false
T003300,2025-09-03T17:21:00,S04,M001020,store,cash,1135,0,,false
T003301,2025-09-03T20:19:00,S04,,store,cash,1240,0,,false
T003302,2025-09-03T19:49:00,S05,M000643,store,line_pay,980,0,,false
T003303,2025-09-03T12:52:00,S05,M000250,store,line_pay,1140,0,,false
T003304,2025-09-03T12:50:00,S05,M000555,store,credit_card,680,0,,false
T003305,2025-09-03T19:16:00,S05,,store,cash,960,0,,false
T003306,2025-09-03T20:33:00,S05,,store,credit_card,1855,97,,false
T003307,2025-09-04T21:07:00,S01,M000835,store,credit_card,110,0,,false
T003308,2025-09-04T20:30:00,S01,M000644,store,credit_card,400,0,,false
T003309,2025-09-04T18:01:00,S01,M000354,store,credit_card,440,0,,false
T003310,2025-09-04T20:24:00,S01,M000231,store,line_pay,790,0,,false
T003311,2025-09-04T15:11:00,S01,M001022,store,cash,615,0,,false
T003312,2025-09-04T21:46:00,S01,,store,credit_card,3236,185,,false
T003313,2025-09-04T11:55:00,S03,M000602,store,credit_card,70,0,,false
T003314,2025-09-04T12:41:00,S03,M000358,store,cash,195,0,,false
T003315,2025-09-04T17:23:00,S03,M000823,store,cash,160,0,,false
T003316,2025-09-04T19:49:00,S04,M000901,store,credit_card,1339,0,,false
T003317,2025-09-04T17:33:00,S04,M000862,store,line_pay,1060,0,,false
T003318,2025-09-04T15:20:00,S04,M000553,store,cash,1165,0,,false
T003319,2025-09-04T18:16:00,S04,M000189,store,cash,335,0,,false
T003320,2025-09-04T21:05:00,S05,M000286,store,credit_card,895,0,,false
T003321,2025-09-04T19:45:00,S05,M000627,store,cash,390,0,,false
T003322,2025-09-04T15:56:00,S05,,store,cash,2891,0,,false
T003323,2025-09-04T19:48:00,S06,,store,credit_card,960,0,,false
T003324,2025-09-04T19:12:00,S06,,store,line_pay,1074,0,,false
T003325,2025-09-04T21:21:00,S99,M000521,online,line_pay,165,0,,false
T003326,2025-09-04T14:02:00,S99,M000244,online,mobile_payment,1340,0,,false
T003327,2025-09-05T17:51:00,S01,M000746,store,credit_card,500,0,,false
T003328,2025-09-05T19:32:00,S01,,store,line_pay,1280,0,,false
T003329,2025-09-05T11:43:00,S01,,store,cash,1746,0,,false
T003330,2025-09-05T19:08:00,S02,M000210,store,credit_card,1030,0,,false
T003331,2025-09-05T18:48:00,S02,,store,cash,1148,0,,false
T003332,2025-09-05T12:38:00,S03,M000011,store,credit_card,35,0,,false
T003333,2025-09-05T11:17:00,S03,M000660,store,cash,70,0,,false
T003334,2025-09-05T18:43:00,S03,M001145,store,line_pay,70,0,,false
T003335,2025-09-05T19:22:00,S04,M000564,store,cash,930,0,,false
T003336,2025-09-05T19:48:00,S04,,store,credit_card,2209,0,,false
T003337,2025-09-05T20:03:00,S05,M000281,store,cash,240,0,,false
T003338,2025-09-05T19:05:00,S06,M000767,store,credit_card,110,0,,false
T003339,2025-09-05T12:07:00,S06,M000038,store,credit_card,-590,0,,true
T003340,2025-09-05T20:58:00,S06,,store,credit_card,480,0,,false
T003341,2025-09-06T16:15:00,S01,M000999,store,line_pay,275,0,,false
T003342,2025-09-06T20:00:00,S01,M001171,store,credit_card,1655,0,,false
T003343,2025-09-06T17:14:00,S01,,store,credit_card,1741,151,,false
T003344,2025-09-06T12:49:00,S01,,store,cash,1740,0,,false
T003345,2025-09-06T19:01:00,S02,M000744,store,mobile_payment,175,0,,false
T003346,2025-09-06T20:50:00,S02,M000044,store,credit_card,1140,0,,false
T003347,2025/09/06 11:46,S02,M000639,store,line_pay,845,0,,false
T003348,2025-09-06T11:43:00,S03,M000140,store,credit_card,130,0,,false
T003349,2025-09-06T12:24:00,S03,M000279,store,cash,35,0,,false
T003350,2025-09-06T20:04:00,S03,,store,cash,2058,0,,false
T003351,2025-09-06T17:56:00,S04,,store,mobile_payment,1280,0,,false
T003352,2025-09-06T12:08:00,S05,M001068,store,credit_card,390,0,,false
T003353,2025-09-06T14:24:00,S05,M000087,store,cash,390,0,,false
T003354,2025-09-06T17:06:00,S05,M001193,store,credit_card,270,0,,false
T003355,2025-09-06T17:23:00,S05,,store,mobile_payment,2014,0,,false
T003356,2025-09-06T12:25:00,S05,,store,credit_card,2530,90,,false
T003357,2025-09-06T19:58:00,S06,M001015,store,cash,180,0,,false
T003358,2025-09-06T22:55:00,S99,,online,cash,1621,85,,false
T003359,2025-09-07T16:14:00,S01,M000240,store,credit_card,515,0,,false
T003360,2025-09-07T14:46:00,S01,,store,cash,960,0,,false
T003361,2025-09-07T19:23:00,S02,M000806,store,credit_card,180,0,,false
T003362,2025-09-07T14:25:00,S02,,store,line_pay,723,62,,false
T003363,2025-09-07T16:22:00,S03,M000716,store,cash,1270,0,,false
T003364,2025-09-07T14:51:00,S05,,store,line_pay,1208,0,,false
T003365,2025-09-07T11:56:00,S06,M000594,store,credit_card,370,0,,false
T003366,2025-09-07T15:11:00,S06,,store,credit_card,454,0,,false
T003367,2025-09-07T21:19:00,S99,M000812,online,line_pay,125,0,,false
T003368,2025-09-08T21:29:00,S01,M001077,store,line_pay,110,0,,false
T003369,2025-09-08T19:42:00,S01,M000329,store,line_pay,460,0,,false
T003370,2025-09-08T12:49:00,S01,,store,credit_card,960,0,,false
T003371,2025/09/08 18:28,S01,,store,cash,954,82,,false
T003372,2025-09-08T20:57:00,S03,M000488,store,cash,175,0,,false
T003373,2025-09-08T11:27:00,S03,M000177,store,mobile_payment,130,0,,false
T003374,2025/09/08 20:23,S03,M000165,store,credit_card,110,0,,false
T003375,2025-09-08T21:34:00,S03,M000877,store,line_pay,135,0,,false
T003376,2025-09-08T18:36:00,S03,M000247,store,credit_card,1070,0,,false
T003377,2025-09-08T18:26:00,S03,M001017,store,cash,405,0,,false
T003378,2025-09-08T20:40:00,S03,,store,credit_card,800,0,,false
T003379,2025-09-08T20:16:00,S04,M000526,store,credit_card,1339,0,,false
T003380,2025-09-08T11:49:00,S04,,store,cash,1390,0,,false
T003381,2025-09-08T15:07:00,S05,M000566,store,mobile_payment,230,0,,false
T003382,2025-09-08T20:54:00,S05,,store,cash,840,0,,false
T003383,2025-09-08T12:55:00,S06,M000810,store,credit_card,110,0,,false
T003384,2025-09-09T20:42:00,S01,,store,line_pay,800,0,,false
T003385,2025-09-09T21:59:00,S02,M000077,store,line_pay,1145,0,,false
T003386,2025-09-09T20:44:00,S03,M000108,store,cash,185,0,,false
T003387,2025-09-09T21:50:00,S03,M000453,store,cash,165,0,,false
T003388,2025-09-09T17:37:00,S04,M000531,store,line_pay,145,0,,false
T003389,2025-09-09T12:41:00,S04,M000021,store,cash,1299,0,,false
T003390,2025-09-09T17:10:00,S04,M000710,store,mobile_payment,1474,0,,false
T003391,2025-09-09T20:52:00,S05,M000628,store,credit_card,310,0,,false
T003392,2025-09-10T19:00:00,S01,M000941,store,credit_card,1130,0,,false
T003393,2025-09-10T18:25:00,S02,M000375,store,line_pay,920,0,,false
T003394,2025-09-10T20:12:00,S02,M000726,store,credit_card,-150,0,,true
T003395,2025-09-10T20:44:00,S03,M000991,store,mobile_payment,105,0,,false
T003396,2025-09-10T11:51:00,S03,M000403,store,cash,110,0,,false
T003397,2025-09-10T20:33:00,S03,M000547,store,line_pay,100,0,,false
T003398,2025-09-10T19:45:00,S03,M000598,store,cash,105,0,,false
T003399,2025-09-10T20:54:00,S03,M000620,store,cash,1555,0,,false
T003400,2025-09-10T15:07:00,S03,M000587,store,line_pay,385,0,,false
T003401,2025-09-10T19:58:00,S03,,store,line_pay,960,0,,false
T003402,2025-09-10T19:08:00,S04,M000147,store,credit_card,1260,0,,false
T003403,2025-09-10T20:43:00,S04,M000803,store,credit_card,1180,0,,false
T003404,2025-09-10T12:27:00,S04,,store,cash,2341,0,,false
T003405,2025-09-10T15:36:00,S05,M000622,store,credit_card,350,0,,false
T003406,2025-09-10T11:53:00,S05,,store,cash,1340,0,,false
T003407,2025-09-10T20:31:00,S06,M000668,store,credit_card,175,0,,false
T003408,2025-09-10T12:07:00,S06,,store,credit_card,480,0,,false
T003409,2025-09-10T22:59:00,S99,M000603,online,credit_card,90,0,,false
T003410,2025-09-10T21:13:00,S99,,online,cash,1641,86,,false
T003411,2025-09-11T17:18:00,S01,M000298,store,mobile_payment,110,0,,false
T003412,2025-09-11T15:48:00,S01,M000039,store,credit_card,360,0,,false
T003413,2025-09-11T19:11:00,S01,M000072,store,credit_card,290,0,,false
T003414,2025-09-11T11:20:00,S01,M000567,store,cash,1060,0,,false
T003415,2025-09-11T18:53:00,S02,M000641,store,cash,970,0,,false
T003416,2025-09-11T21:02:00,S03,M000185,store,cash,145,0,,false
T003417,2025-09-11T21:34:00,S03,M000089,store,line_pay,175,0,,false
T003418,2025-09-11T12:24:00,S03,M000961,store,cash,70,0,,false
T003419,2025-09-11T17:20:00,S03,M000496,store,cash,125,0,,false
T003420,2025-09-11T19:28:00,S04,,store,cash,800,0,,false
T003421,2025-09-11T19:01:00,S04,,store,line_pay,2126,0,,false
T003422,2025/09/11 15:37,S05,M000383,store,line_pay,980,0,,false
T003423,2025-09-11T21:33:00,S05,M000275,store,cash,390,0,,false
T003424,2025-09-11T21:33:00,S05,M000687,store,mobile_payment,285,0,,false
T003425,2025-09-11T12:49:00,S05,M000126,store,credit_card,270,0,,false
T003426,2025-09-11T15:08:00,S05,,store,line_pay,2220,193,,false
T003427,2025-09-11T20:10:00,S06,M000461,store,cash,1290,0,,false
T003428,2025-09-12T15:21:00,S01,M000612,store,line_pay,1620,0,,false
T003429,2025-09-12T18:10:00,S01,M000819,store,cash,1380,0,,false
T003430,2025-09-12T20:19:00,S01,M000550,store,credit_card,850,0,,false
T003431,2025-09-12T20:46:00,S01,M000095,store,cash,595,0,,false
T003432,2025-09-12T18:01:00,S01,,store,credit_card,480,0,,false
T003433,2025-09-12T19:51:00,S01,,store,credit_card,2107,103,,false
T003434,2025-09-12T17:27:00,S02,,store,mobile_payment,480,0,,false
T003435,2025-09-12T20:51:00,S03,M000962,store,cash,70,0,,false
T003436,2025-09-12T18:19:00,S03,M000977,store,line_pay,105,0,,false
T003437,2025-09-12T12:26:00,S03,M000626,store,cash,35,0,,false
T003438,2025-09-12T11:39:00,S03,M000097,store,cash,105,0,,false
T003439,2025-09-12T11:03:00,S03,M000487,store,cash,130,0,,false
T003440,2025-09-12T19:28:00,S03,M000254,store,credit_card,160,0,,false
T003441,2025-09-12T21:40:00,S03,,store,credit_card,960,0,,false
T003442,2025-09-12T21:10:00,S04,M001086,store,cash,1099,0,,false
T003443,2025-09-12T20:51:00,S04,M000989,store,credit_card,1480,0,,false
T003444,2025-09-12T12:05:00,S04,M000248,store,credit_card,1310,0,,false
T003445,2025-09-12T19:20:00,S05,M000129,store,credit_card,185,0,,false
T003446,2025-09-12T20:52:00,S05,,store,cash,480,0,,false
T003447,2025-09-12T18:51:00,S06,M000188,store,cash,90,0,,false
T003448,2025-09-12T18:52:00,S06,M000376,store,credit_card,270,0,,false
T003449,2025-09-13T16:17:00,S01,,store,line_pay,1722,68,,false
T003450,2025-09-13T20:30:00,S02,M000998,store,line_pay,185,0,,false
T003451,2025-09-13T15:45:00,S02,,store,line_pay,3090,0,,false
T003452,2025-09-13T16:54:00,S03,,store,cash,2292,0,,false
T003453,2025-09-13T14:49:00,S04,M000013,store,cash,1360,0,,false
T003454,2025-09-13T11:33:00,S04,,store,cash,800,0,,false
T003455,2025-09-13T14:01:00,S04,,store,credit_card,3292,0,,false
T003456,2025-09-13T17:21:00,S04,,store,cash,902,78,,false
T003457,2025-09-13T20:10:00,S05,M001082,store,cash,190,0,,false
T003458,2025-09-13T17:32:00,S05,M000173,store,cash,225,0,,false
T003459,2025-09-13T12:16:00,S05,M000827,store,credit_card,295,0,,false
T003460,2025-09-13T19:56:00,S06,M000262,store,mobile_payment,990,0,,false
T003461,2025-09-13T17:48:00,S06,,store,line_pay,819,0,,false
T003462,2025/09/13 12:28,S06,,store,cash,1068,0,,false
T003463,2025-09-13T20:47:00,S99,M000829,online,cash,145,0,,false
T003464,2025-09-14T19:40:00,S01,M001177,store,cash,110,0,,false
T003465,2025-09-14T14:34:00,S01,M000781,store,mobile_payment,780,0,,false
T003466,2025-09-14T19:39:00,S01,,store,cash,2779,0,,false
T003467,2025-09-14T12:04:00,S01,,store,line_pay,2580,0,,false
T003468,2025-09-14T12:40:00,S01,,store,cash,1450,0,,false
T003469,2025-09-14T15:43:00,S02,M000336,store,cash,1310,0,,false
T003470,2025-09-14T20:57:00,S02,,store,line_pay,1588,0,,false
T003471,2025-09-14T15:32:00,S03,M000444,store,cash,165,0,,false
T003472,2025-09-14T12:08:00,S03,M000141,store,cash,180,0,,false
T003473,2025-09-14T11:04:00,S03,M001138,store,cash,90,0,,false
T003474,2025-09-14T15:37:00,S03,M000394,store,credit_card,105,0,,false
T003475,2025-09-14T14:13:00,S03,M000127,store,credit_card,65,0,,false
T003476,2025-09-14T19:07:00,S04,,store,mobile_payment,1542,0,,false
T003477,2025-09-14T17:41:00,S05,,store,line_pay,2477,0,,false
T003478,2025-09-14T12:20:00,S06,M000071,store,mobile_payment,460,0,,false
T003479,2025-09-14T20:14:00,S99,,online,credit_card,575,30,,false
T003480,2025-09-15T20:02:00,S01,M000002,store,credit_card,290,0,,false
T003481,2025-09-15T19:15:00,S01,M000858,store,line_pay,515,0,,false
T003482,2025-09-15T20:41:00,S01,M000898,store,cash,380,0,,false
T003483,2025-09-15T19:41:00,S01,,store,line_pay,960,0,,false
T003484,2025/09/15 12:14,S01,,store,line_pay,-480,0,,true
T003485,2025-09-15T20:03:00,S02,M001125,store,cash,1420,0,,false
T003486,2025-09-15T19:47:00,S02,M000855,store,cash,420,0,,false
T003487,2025-09-15T18:47:00,S02,M001091,store,credit_card,860,0,,false
T003488,2025-09-15T17:43:00,S02,,store,cash,1280,0,,false
T003489,2025-09-15T17:12:00,S03,M000081,store,cash,175,0,,false
T003490,2025-09-15T19:08:00,S03,M000748,store,credit_card,175,0,,false
T003491,2025-09-15T21:25:00,S03,M000481,store,cash,1100,0,,false
T003492,2025-09-15T19:39:00,S03,M000233,store,line_pay,1000,0,,false
T003493,2025-09-15T20:32:00,S03,,store,credit_card,1703,89,,false
T003494,2025-09-15T18:29:00,S04,,store,cash,2560,0,,false
T003495,2025-09-15T17:51:00,S05,M000709,store,line_pay,760,0,,false
T003496,2025-09-15T20:46:00,S05,M000535,store,cash,390,0,,false
T003497,2025-09-15T15:58:00,S05,M000943,store,cash,330,0,,false
T003498,2025-09-15T20:07:00,S05,M000419,store,line_pay,280,0,,false
T003499,2025-09-15T12:13:00,S06,M001021,store,cash,730,0,,false
T003500,2025-09-16T19:06:00,S01,M000884,store,credit_card,425,0,,false
T003501,2025-09-16T18:45:00,S01,,store,credit_card,800,0,,false
T003502,2025-09-16T20:02:00,S01,,store,credit_card,1280,0,,false
T003503,2025-09-16T18:19:00,S02,M000549,store,line_pay,95,0,,false
T003504,2025-09-16T12:15:00,S02,M000282,store,line_pay,1460,0,,false
T003505,2025-09-16T15:09:00,S03,M000849,store,cash,95,0,,false
T003506,2025-09-16T19:15:00,S03,M000162,store,credit_card,165,0,,false
T003507,2025-09-16T20:07:00,S03,,store,credit_card,1360,0,,false
T003508,2025-09-16T18:05:00,S04,M000178,store,cash,1359,0,,false
T003509,2025-09-16T20:50:00,S04,M000859,store,mobile_payment,1555,0,,false
T003510,2025-09-16T18:10:00,S06,M000365,store,cash,90,0,,false
T003511,2025-09-16T15:29:00,S06,,store,mobile_payment,960,0,,false
T003512,2025-09-16T22:03:00,S99,,online,credit_card,1077,0,,false
T003513,2025-09-17T17:15:00,S01,M001007,store,line_pay,875,0,,false
T003514,2025-09-17T19:13:00,S02,M000417,store,cash,1000,0,,false
T003515,2025-09-17T19:20:00,S02,M000600,store,cash,715,0,,false
T003516,2025-09-17T20:38:00,S03,M000830,store,cash,70,0,,false
T003517,2025/09/17 20:00,S03,M000295,store,cash,110,0,,false
T003518,2025-09-17T20:07:00,S03,,store,mobile_payment,960,0,,false
T003519,2025-09-17T21:55:00,S04,M000021,store,credit_card,960,0,,false
T003520,2025-09-17T15:13:00,S04,M000752,store,line_pay,1214,0,,false
T003521,2025-09-17T19:31:00,S04,M001066,store,credit_card,1310,0,,false
T003522,2025-09-17T17:24:00,S05,M000939,store,credit_card,270,0,,false
T003523,2025-09-17T17:40:00,S05,M000692,store,credit_card,390,0,,false
T003524,2025-09-17T15:22:00,S05,M000340,store,cash,270,0,,false
T003525,2025-09-17T20:59:00,S99,M000981,online,cash,275,0,,false
T003526,2025-09-18T17:31:00,S01,M000367,store,cash,110,0,,false
T003527,2025-09-18T12:50:00,S01,M000789,store,cash,305,0,,false
T003528,2025-09-18T19:50:00,S01,,store,credit_card,480,0,,false
T003529,2025-09-18T18:59:00,S01,,store,cash,-480,0,,true
T003530,2025-09-18T21:54:00,S02,M000369,store,credit_card,110,0,,false
T003531,2025-09-18T21:39:00,S03,M001046,store,line_pay,105,0,,false
T003532,2025-09-18T11:33:00,S03,M001052,store,cash,125,0,,false
T003533,2025-09-18T21:16:00,S03,M000903,store,cash,95,0,,false
T003534,2025-09-18T19:41:00,S03,,store,credit_card,1444,0,,false
T003535,2025-09-18T19:21:00,S04,M000466,store,credit_card,1239,0,,false
T003536,2025-09-18T20:20:00,S04,M000834,store,credit_card,940,0,,false
T003537,2025-09-18T15:32:00,S04,,store,line_pay,3090,0,,false
T003538,2025-09-18T17:24:00,S05,M000776,store,cash,110,0,,false
T003539,2025-09-18T15:06:00,S05,M000380,store,mobile_payment,1395,0,,false
T003540,2025-09-18T15:14:00,S05,M000399,store,credit_card,340,0,,false
T003541,2025-09-18T22:40:00,S99,M001029,online,line_pay,1160,0,,false
T003542,2025-09-19T15:35:00,S01,M000925,store,credit_card,1030,0,,false
T003543,2025-09-19T15:47:00,S01,,store,credit_card,480,0,,false
T003544,2025/09/19 12:04,S01,,store,cash,960,0,,false
T003545,2025-09-19T19:22:00,S01,,store,mobile_payment,1400,0,,false
T003546,2025-09-19T20:46:00,S02,,store,line_pay,1273,0,,false
T003547,2025-09-19T15:04:00,S03,M000190,store,line_pay,160,0,,false
T003548,2025-09-19T18:31:00,S03,M000960,store,cash,90,0,,false
T003549,2025-09-19T15:39:00,S04,M000440,store,line_pay,1440,0,,false
T003550,2025-09-19T19:59:00,S04,M000277,store,credit_card,1139,0,,false
T003551,2025-09-19T11:02:00,S04,M000257,store,credit_card,1120,0,,false
T003552,2025-09-19T12:31:00,S04,M000454,store,cash,420,0,,false
T003553,2025-09-19T20:28:00,S05,M000313,store,credit_card,1355,0,,false
T003554,2025-09-19T11:13:00,S05,M000870,store,cash,300,0,,false
T003555,2025-09-19T17:54:00,S05,M001111,store,cash,1410,0,,false
T003556,2025-09-19T17:04:00,S05,,store,cash,2008,107,,false
T003557,2025-09-19T19:05:00,S06,M000886,store,line_pay,300,0,,false
T003558,2025-09-19T22:23:00,S99,,online,credit_card,1340,0,,false
T003559,2025/09/20 20:19,S01,M001088,store,credit_card,420,0,,false
T003560,2025-09-20T15:26:00,S01,M000128,store,cash,1100,0,,false
T003561,2025-09-20T11:25:00,S01,M000802,store,credit_card,960,0,,false
T003562,2025-09-20T11:54:00,S01,M000522,store,cash,1345,0,,false
T003563,2025-09-20T12:29:00,S01,,store,credit_card,2366,234,,false
T003564,2025-09-20T12:35:00,S02,M001064,store,cash,610,0,,false
T003565,2025-09-20T17:35:00,S03,M000465,store,credit_card,70,0,,false
T003566,2025-09-20T16:24:00,S03,M001092,store,credit_card,160,0,,false
T003567,2025-09-20T12:05:00,S03,M000052,store,mobile_payment,110,0,,false
T003568,2025-09-20T11:25:00,S03,M000032,store,cash,140,0,,false
T003569,2025-09-20T15:47:00,S04,M000983,store,line_pay,1299,0,,false
T003570,2025-09-20T15:28:00,S04,M000299,store,cash,1259,0,,false
T003571,2025-09-20T15:15:00,S04,,store,credit_card,1055,0,,false
T003572,2025-09-20T12:24:00,S05,M000047,store,cash,310,0,,false
T003573,2025-09-20T17:30:00,S05,M000671,store,credit_card,305,0,,false
T003574,2025-09-20T15:59:00,S06,,store,credit_card,960,0,,false
T003575,2025-09-20T20:47:00,S99,M001047,online,credit_card,175,0,,false
T003576,2025/09/21 11:35,S01,M000781,store,cash,700,0,,false
T003577,2025-09-21T16:10:00,S01,,store,line_pay,1243,0,,false
T003578,2025-09-21T20:11:00,S02,M001144,store,mobile_payment,110,0,,false
T003579,2025-09-21T20:16:00,S02,M001183,store,cash,1135,0,,false
T003580,2025-09-21T17:37:00,S03,M000406,store,credit_card,105,0,,false
T003581,2025-09-21T12:43:00,S03,M000238,store,line_pay,105,0,,false
T003582,2025-09-21T17:48:00,S03,M001032,store,cash,185,0,,false
T003583,2025-09-21T17:08:00,S03,M000009,store,credit_card,195,0,,false
T003584,2025-09-21T17:22:00,S03,M001172,store,credit_card,145,0,,false
T003585,2025-09-21T17:14:00,S03,M001004,store,mobile_payment,1090,0,,false
T003586,2025/09/21 15:40,S03,,store,cash,1395,155,,false
T003587,2025-09-21T16:26:00,S04,M001128,store,cash,1454,0,,false
T003588,2025-09-21T20:10:00,S04,M000373,store,credit_card,1480,0,,false
T003589,2025-09-21T15:11:00,S05,M000566,store,cash,390,0,,false
T003590,2025-09-21T14:44:00,S05,,store,credit_card,480,0,,false
T003591,2025-09-21T11:35:00,S06,M000125,store,line_pay,1010,0,,false
T003592,2025-09-21T14:18:00,S06,M000607,store,credit_card,1090,0,,false
T003593,2025-09-21T14:01:00,S99,,online,mobile_payment,2862,0,,false
T003594,2025-09-22T15:43:00,S01,M001189,store,line_pay,465,0,,false
T003595,2025-09-22T17:42:00,S01,M000698,store,cash,830,0,,false
T003596,2025-09-22T17:45:00,S01,,store,credit_card,1845,0,,false
T003597,2025-09-22T18:00:00,S03,M001003,store,line_pay,145,0,,false
T003598,2025-09-22T12:38:00,S03,M000728,store,line_pay,35,0,,false
T003599,2025-09-22T17:50:00,S03,,store,credit_card,4078,194,,false
T003600,2025-09-22T19:12:00,S03,,store,cash,1440,0,,false
T003601,2025-09-22T15:55:00,S04,M000983,store,credit_card,720,0,,false
T003602,2025-09-22T19:57:00,S04,M000975,store,credit_card,1359,0,,false
T003603,2025-09-22T18:01:00,S04,M000277,store,cash,800,0,,false
T003604,2025-09-22T15:08:00,S04,,store,mobile_payment,2780,0,,false
T003605,2025-09-22T18:00:00,S05,M000137,store,cash,95,0,,false
T003606,2025-09-22T18:40:00,S05,M000427,store,line_pay,350,0,,false
T003607,2025/09/22 18:20,S05,M001099,store,credit_card,360,0,,false
T003608,2025-09-22T12:31:00,S05,M000837,store,credit_card,1035,0,,false
T003609,2025-09-22T18:44:00,S06,M000322,store,cash,130,0,,false
T003610,2025-09-22T17:21:00,S06,,store,cash,1850,0,,false
T003611,2025-09-22T20:26:00,S99,M000437,online,cash,530,0,,false
T003612,2025-09-23T15:26:00,S01,M001073,store,line_pay,1490,0,,false
T003613,2025-09-23T18:24:00,S01,M000273,store,cash,575,0,,false
T003614,2025-09-23T19:18:00,S01,,store,cash,1194,0,,false
T003615,2025-09-23T19:02:00,S01,,store,line_pay,-320,0,,true
T003616,2025-09-23T18:07:00,S02,M000392,store,line_pay,160,0,,false
T003617,2025-09-23T19:10:00,S02,M000890,store,cash,1160,0,,false
T003618,2025-09-23T17:01:00,S03,M000610,store,cash,125,0,,false
T003619,2025-09-23T12:39:00,S03,M000923,store,line_pay,1040,0,,false
T003620,2025-09-23T12:57:00,S04,M000561,store,line_pay,1360,0,,false
T003621,2025-09-23T11:23:00,S05,M000894,store,cash,840,0,,false
T003622,2025-09-23T20:50:00,S05,M001146,store,credit_card,390,0,,false
T003623,2025-09-23T18:10:00,S05,M000815,store,cash,365,0,,false
T003624,2025-09-23T21:27:00,S05,M001109,store,cash,415,0,,false
T003625,2025-09-23T21:07:00,S99,M001081,online,credit_card,1250,0,,false
T003626,2025-09-23T12:35:00,S99,M000861,online,cash,880,0,,false
T003627,2025-09-24T21:07:00,S01,M000683,store,credit_card,1320,0,,false
T003628,2025-09-24T19:57:00,S01,M001105,store,line_pay,2213,0,,false
T003629,2025-09-24T12:27:00,S01,,store,credit_card,480,0,,false
T003630,2025-09-24T17:30:00,S02,M000210,store,line_pay,-460,0,,true
T003631,2025-09-24T20:56:00,S03,M000183,store,cash,105,0,,false
T003632,2025-09-24T21:42:00,S03,M000057,store,cash,110,0,,false
T003633,2025-09-24T15:35:00,S03,M000808,store,line_pay,1505,0,,false
T003634,2025-09-24T18:59:00,S04,M000249,store,credit_card,980,0,,false
T003635,2025-09-24T11:19:00,S04,M000197,store,cash,1450,0,,false
T003636,2025-09-24T19:42:00,S05,M000817,store,credit_card,625,0,,false
T003637,2025-09-24T18:21:00,S05,,store,credit_card,2375,0,,false
T003638,2025-09-24T11:14:00,S06,M000845,store,mobile_payment,180,0,,false
T003639,2025-09-24T21:31:00,S06,M000615,store,credit_card,920,0,,false
T003640,2025-09-24T15:45:00,S06,M000984,store,cash,1325,0,,false
T003641,2025-09-24T11:25:00,S06,,store,credit_card,860,0,,false
T003642,2025-09-25T21:14:00,S01,M000428,store,credit_card,390,0,,false
T003643,2025-09-25T18:28:00,S01,M000019,store,credit_card,960,0,,false
T003644,2025-09-25T15:11:00,S01,M000917,store,line_pay,1310,0,,false
T003645,2025-09-25T19:06:00,S02,M000793,store,credit_card,1075,0,,false
T003646,2025-09-25T19:27:00,S02,,store,line_pay,1392,0,,false
T003647,2025-09-25T17:55:00,S03,M000786,store,line_pay,185,0,,false
T003648,2025-09-25T21:30:00,S03,M000513,store,line_pay,70,0,,false
T003649,2025/09/25 19:39,S03,,store,cash,1340,0,,false
T003650,2025-09-25T19:53:00,S04,M000782,store,mobile_payment,95,0,,false
T003651,2025-09-25T20:19:00,S04,M000901,store,credit_card,1534,0,,false
T003652,2025-09-25T19:13:00,S04,M000901,store,cash,1119,0,,false
T003653,2025-09-25T19:32:00,S04,M000277,store,cash,-240,0,,true
T003654,2025-09-25T18:16:00,S04,,store,line_pay,480,0,,false
T003655,2025-09-25T21:08:00,S05,M000290,store,line_pay,310,0,,false
T003656,2025-09-25T18:32:00,S05,,store,line_pay,1526,0,,false
T003657,2025-09-25T18:08:00,S05,,store,credit_card,1535,80,,false
T003658,2025-09-26T15:17:00,S01,M001124,store,cash,130,0,,false
T003659,2025-09-26T20:44:00,S01,M000813,store,cash,730,0,,false
T003660,2025-09-26T11:03:00,S01,,store,credit_card,2620,0,,false
T003661,2025-09-26T19:49:00,S02,M001048,store,cash,1030,0,,false
T003662,2025-09-26T12:04:00,S02,M000152,store,cash,1150,0,,false
T003663,2025-09-26T12:39:00,S02,M000600,store,cash,1390,0,,false
T003664,2025-09-26T20:56:00,S02,M000694,store,credit_card,600,0,,false
T003665,2025-09-26T19:26:00,S03,M000982,store,mobile_payment,35,0,,false
T003666,2025-09-26T18:09:00,S03,M000256,store,credit_card,70,0,,false
T003667,2025/09/26 19:21,S03,M000906,store,line_pay,130,0,,false
T003668,2025-09-26T12:16:00,S03,M000253,store,cash,95,0,,false
T003669,2025-09-26T12:47:00,S03,M000974,store,line_pay,110,0,,false
T003670,2025-09-26T20:39:00,S04,M000771,store,cash,110,0,,false
T003671,2025-09-26T15:44:00,S04,,store,credit_card,1653,0,,false
T003672,2025-09-26T11:10:00,S05,M000036,store,cash,175,0,,false
T003673,2025-09-26T17:58:00,S05,M000493,store,cash,195,0,,false
T003674,2025-09-26T21:55:00,S05,M000972,store,line_pay,110,0,,false
T003675,2025-09-26T18:19:00,S05,M000359,store,mobile_payment,260,0,,false
T003676,2025-09-26T15:59:00,S06,M000617,store,cash,185,0,,false
T003677,2025-09-26T11:18:00,S06,M001200,store,credit_card,1070,0,,false
T003678,2025-09-26T20:33:00,S06,M000607,store,line_pay,335,0,,false
T003679,2025-09-27T12:30:00,S01,M000506,store,line_pay,160,0,,false
T003680,2025-09-27T16:22:00,S01,M000016,store,credit_card,420,0,,false
T003681,2025/09/27 19:04,S01,M000581,store,line_pay,360,0,,false
T003682,2025-09-27T17:16:00,S01,M000993,store,cash,970,0,,false
T003683,2025-09-27T14:23:00,S01,M000967,store,credit_card,310,0,,false
T003684,2025-09-27T20:41:00,S01,,store,mobile_payment,2334,0,,false
T003685,2025-09-27T20:44:00,S02,M000560,store,credit_card,175,0,,false
T003686,2025-09-27T12:15:00,S02,M000691,store,credit_card,110,0,,false
T003687,2025/09/27 12:02,S02,M000994,store,line_pay,95,0,,false
T003688,2025-09-27T15:56:00,S02,M000467,store,credit_card,925,0,,false
T003689,2025-09-27T20:40:00,S02,,store,cash,2020,0,,false
T003690,2025-09-27T15:08:00,S03,M000562,store,mobile_payment,160,0,,false
T003691,2025-09-27T20:27:00,S03,M000648,store,cash,190,0,,false
T003692,2025-09-27T15:56:00,S03,M000677,store,cash,65,0,,false
T003693,2025-09-27T16:24:00,S03,M000470,store,credit_card,1420,0,,false
T003694,2025-09-27T15:27:00,S04,M000893,store,cash,1020,0,,false
T003695,2025-09-27T14:52:00,S05,M001076,store,mobile_payment,880,0,,false
T003696,2025-09-27T11:52:00,S05,M001111,store,cash,1020,0,,false
T003697,2025-09-27T20:12:00,S05,,store,cash,1280,0,,false
T003698,2025-09-27T15:48:00,S06,,store,cash,800,0,,false
T003699,2025-09-28T14:01:00,S01,M001070,store,credit_card,405,0,,false
T003700,2025-09-28T15:05:00,S01,M000491,store,line_pay,400,0,,false
T003701,2025-09-28T12:10:00,S01,,store,line_pay,480,0,,false
T003702,2025-09-28T20:31:00,S01,,store,credit_card,1570,0,,false
T003703,2025-09-28T20:00:00,S02,M000318,store,cash,145,0,,false
T003704,2025-09-28T19:50:00,S02,,store,mobile_payment,800,0,,false
T003705,2025-09-28T12:51:00,S02,,store,mobile_payment,1280,0,,false
T003706,2025-09-28T17:36:00,S02,,store,line_pay,1340,0,,false
T003707,2025-09-28T15:03:00,S02,,store,credit_card,1019,53,,false
T003708,2025-09-28T11:31:00,S03,M000579,store,line_pay,110,0,,false
T003709,2025-09-28T15:31:00,S03,M000100,store,credit_card,90,0,,false
T003710,2025-09-28T20:00:00,S03,M001071,store,credit_card,105,0,,false
T003711,2025-09-28T14:27:00,S04,,store,mobile_payment,-480,0,,true
T003712,2025-09-28T17:05:00,S05,M001140,store,credit_card,390,0,,false
T003713,2025-09-28T20:54:00,S05,M001034,store,cash,830,0,,false
T003714,2025-09-28T12:49:00,S05,,store,cash,800,0,,false
T003715,2025-09-28T15:33:00,S05,,store,cash,1845,36,,false
T003716,2025-09-28T15:22:00,S06,M001176,store,line_pay,70,0,,false
T003717,2025-09-29T21:32:00,S01,M001074,store,mobile_payment,325,0,,false
T003718,2025-09-29T12:30:00,S01,,store,cash,1600,0,,false
T003719,2025-09-29T17:37:00,S02,,store,mobile_payment,800,0,,false
T003720,2025-09-29T21:19:00,S03,M000563,store,line_pay,155,0,,false
T003721,2025-09-29T21:55:00,S03,M000254,store,credit_card,145,0,,false
T003722,2025-09-29T21:22:00,S03,,store,mobile_payment,978,0,,false
T003723,2025-09-29T17:18:00,S04,M000299,store,mobile_payment,700,0,,false
T003724,2025-09-29T20:57:00,S04,M000647,store,cash,1460,0,,false
T003725,2025-09-29T19:41:00,S04,M000657,store,cash,720,0,,false
T003726,2025-09-29T12:49:00,S04,M001045,store,cash,1420,0,,false
T003727,2025-09-29T17:31:00,S04,M000949,store,cash,800,0,,false
T003728,2025-09-29T11:07:00,S04,,store,line_pay,1596,0,,false
T003729,2025-09-29T20:47:00,S05,M000399,store,credit_card,530,0,,false
T003730,2025/09/29 18:24,S05,M000973,store,cash,290,0,,false
T003731,2025-09-29T19:27:00,S05,M000180,store,cash,1000,0,,false
T003732,2025-09-29T18:04:00,S06,,store,line_pay,960,0,,false
T003733,2025-09-29T20:28:00,S99,M000867,online,cash,110,0,,false
T003734,2025-09-29T12:11:00,S99,M000737,online,cash,130,0,,false
T003735,2025-09-29T21:15:00,S99,M000022,online,credit_card,175,0,,false
T003736,2025-09-30T18:56:00,S01,M000798,store,credit_card,410,0,,false
T003737,2025-09-30T19:55:00,S01,M000682,store,cash,390,0,,false
T003738,2025-09-30T20:32:00,S01,M001105,store,cash,2780,0,,false
T003739,2025-09-30T19:04:00,S01,,store,credit_card,800,0,,false
T003740,2025-09-30T15:12:00,S01,,store,cash,960,0,,false
T003741,2025-09-30T15:16:00,S02,M001035,store,cash,415,0,,false
T003742,2025-09-30T20:31:00,S03,M000995,store,credit_card,175,0,,false
T003743,2025-09-30T20:13:00,S03,M000109,store,mobile_payment,70,0,,false
T003744,2025/09/30 17:24,S04,M000133,store,cash,880,0,,false
T003745,2025-09-30T17:30:00,S04,M000438,store,cash,1080,0,,false
T003746,2025-09-30T17:03:00,S04,,store,mobile_payment,2157,0,,false
T003747,2025/09/30 12:00,S05,M000050,store,cash,330,0,,false
T003748,2025-09-30T15:58:00,S05,M000852,store,line_pay,390,0,,false
T003749,2025-10-01T12:35:00,S01,M000525,store,cash,415,0,,false
T003750,2025-10-01T12:07:00,S01,M001007,store,cash,340,60,ANNIV2025,false
T003751,2025-10-01T12:23:00,S01,M000683,store,line_pay,362,63,ANNIV2025,false
T003752,2025-10-01T11:41:00,S01,,store,credit_card,480,0,,false
T003753,2025-10-01T15:50:00,S01,,store,cash,480,0,,false
T003754,2025-10-01T19:33:00,S02,M000328,store,cash,165,0,,false
T003755,2025-10-01T12:26:00,S02,M000044,store,cash,1140,0,,false
T003756,2025-10-01T18:58:00,S02,M000227,store,cash,655,115,ANNIV2025,false
T003757,2025/10/01 11:42,S02,M001064,store,credit_card,323,57,ANNIV2025,false
T003758,2025-10-01T18:02:00,S03,M000804,store,cash,165,0,,false
T003759,2025-10-01T12:08:00,S03,M000169,store,credit_card,175,0,,false
T003760,2025-10-01T19:33:00,S03,M000524,store,credit_card,1350,0,,false
T003761,2025-10-01T18:39:00,S03,M000772,store,credit_card,685,120,ANNIV2025,false
T003762,2025-10-01T11:00:00,S03,M000621,store,line_pay,221,39,ANNIV2025,false
T003763,2025-10-01T18:20:00,S04,M000242,store,mobile_payment,1494,0,,false
T003764,2025-10-01T12:37:00,S04,M000710,store,cash,1438,0,,false
T003765,2025-10-01T20:45:00,S04,M000820,store,mobile_payment,357,63,ANNIV2025,false
T003766,2025-10-01T12:51:00,S05,M000879,store,credit_card,1315,0,,false
T003767,2025-10-01T19:34:00,S05,M000494,store,cash,920,0,,false
T003768,2025-10-01T21:29:00,S05,M000973,store,credit_card,-180,0,,true
T003769,2025-10-01T15:53:00,S06,M000439,store,credit_card,95,0,,false
T003770,2025-10-01T19:36:00,S06,M000825,store,credit_card,485,85,ANNIV2025,false
T003771,2025-10-01T22:43:00,S99,M000415,online,credit_card,1210,0,,false
T003772,2025/10/01 21:31,S99,M001029,online,line_pay,170,30,ANNIV2025,false
T003773,2025-10-02T20:22:00,S01,M000045,store,credit_card,1335,0,,false
T003774,2025/10/02 20:38,S01,M001067,store,cash,553,97,ANNIV2025,false
T003775,2025-10-02T20:10:00,S01,M000139,store,credit_card,166,29,ANNIV2025,false
T003776,2025-10-02T19:01:00,S02,M001064,store,cash,660,0,,false
T003777,2025-10-02T15:40:00,S03,M000478,store,credit_card,105,0,,false
T003778,2025-10-02T12:05:00,S03,M000913,store,cash,35,0,,false
T003779,2025-10-02T19:53:00,S03,M000808,store,mobile_payment,585,30,,false
T003780,2025-10-02T19:09:00,S03,M000163,store,credit_card,166,29,ANNIV2025,false
T003781,2025-10-02T11:03:00,S04,M001086,store,credit_card,1339,0,,false
T003782,2025-10-02T21:22:00,S04,,store,cash,2436,0,,false
T003783,2025-10-02T15:32:00,S05,M000872,store,cash,295,0,,false
T003784,2025-10-02T20:16:00,S05,M000047,store,cash,310,0,,false
T003785,2025-10-02T18:30:00,S05,M000337,store,credit_card,290,0,,false
T003786,2025-10-02T21:24:00,S05,M000379,store,cash,1065,0,,false
T003787,2025/10/02 17:46,S05,M000145,store,credit_card,1500,0,,false
T003788,2025-10-02T17:41:00,S05,M000421,store,cash,149,26,ANNIV2025,false
T003789,2025-10-02T21:05:00,S99,M000372,online,mobile_payment,130,0,,false
T003790,2025-10-02T20:49:00,S99,M001081,online,mobile_payment,561,99,ANNIV2025,false
T003791,2025-10-02T21:19:00,S99,M000614,online,credit_card,617,108,ANNIV2025,false
T003792,2025-10-03T20:48:00,S01,M000953,store,credit_card,575,0,,false
T003793,2025/10/03 19:08,S01,M000898,store,credit_card,442,78,ANNIV2025,false
T003794,2025-10-03T21:17:00,S01,M000814,store,cash,493,87,ANNIV2025,false
T003795,2025-10-03T12:58:00,S01,,store,line_pay,800,0,,false
T003796,2025-10-03T20:04:00,S01,,store,credit_card,960,0,,false
T003797,2025-10-03T17:31:00,S02,M000469,store,line_pay,135,0,,false
T003798,2025-10-03T20:37:00,S02,M000348,store,credit_card,702,123,ANNIV2025,false
T003799,2025-10-03T18:21:00,S03,M000199,store,credit_card,100,0,,false
T003800,2025-10-03T18:54:00,S03,M001150,store,line_pay,880,0,,false
T003801,2025-10-03T12:21:00,S03,M000247,store,credit_card,141,24,ANNIV2025,false
T003802,2025-10-03T15:35:00,S03,,store,credit_card,2155,0,,false
T003803,2025-10-03T11:26:00,S04,M000030,store,credit_card,1379,0,,false
T003804,2025-10-03T17:08:00,S04,M000149,store,mobile_payment,1240,0,,false
T003805,2025-10-03T11:30:00,S04,M000739,store,credit_card,1455,0,,false
T003806,2025-10-03T21:43:00,S04,M001080,store,line_pay,311,54,ANNIV2025,false
T003807,2025-10-03T12:37:00,S04,M001012,store,mobile_payment,209,36,ANNIV2025,false
T003808,2025-10-03T20:07:00,S05,M000618,store,credit_card,400,0,,false
T003809,2025-10-03T19:31:00,S05,M000970,store,credit_card,1395,0,,false
T003810,2025/10/03 17:05,S05,M000575,store,mobile_payment,447,23,,false
T003811,2025-10-03T20:47:00,S05,M000051,store,credit_card,515,90,ANNIV2025,false
T003812,2025-10-03T15:05:00,S06,M001169,store,cash,840,0,,false
T003813,2025-10-04T15:50:00,S01,M000354,store,credit_card,380,0,,false
T003814,2025-10-04T15:26:00,S01,M000814,store,credit_card,1210,0,,false
T003815,2025-10-04T15:49:00,S01,M000550,store,line_pay,465,0,,false
T003816,2025-10-04T14:00:00,S01,M000577,store,line_pay,646,114,ANNIV2025,false
T003817,2025-10-04T12:33:00,S01,M000755,store,cash,850,150,ANNIV2025,false
T003818,2025-10-04T19:52:00,S01,M000953,store,cash,761,134,ANNIV2025,false
T003819,2025-10-04T11:15:00,S01,M001105,store,cash,1011,112,,false
T003820,2025-10-04T14:18:00,S01,,store,cash,1280,0,,false
T003821,2025-10-04T15:38:00,S01,,store,credit_card,-460,0,,true
T003822,2025-10-04T20:28:00,S02,M000854,store,line_pay,130,0,,false
T003823,2025-10-04T11:01:00,S03,M000235,store,mobile_payment,160,0,,false
T003824,2025-10-04T12:26:00,S03,M001167,store,credit_card,110,0,,false
T003825,2025-10-04T16:18:00,S04,M000551,store,credit_card,1359,0,,false
T003826,2025-10-04T17:19:00,S04,,store,credit_card,1145,0,,false
T003827,2025-10-04T20:00:00,S05,M000565,store,line_pay,493,87,ANNIV2025,false
T003828,2025-10-04T20:20:00,S05,,store,line_pay,1150,0,,false
T003829,2025-10-04T20:50:00,S06,M000263,store,mobile_payment,1050,0,,false
T003830,2025-10-05T17:45:00,S01,M000225,store,credit_card,635,0,,false
T003831,2025-10-05T17:52:00,S01,M000514,store,credit_card,591,104,ANNIV2025,false
T003832,2025-10-05T19:20:00,S01,M000428,store,credit_card,600,105,ANNIV2025,false
T003833,2025-10-05T11:11:00,S01,M000819,store,credit_card,689,121,ANNIV2025,false
T003834,2025-10-05T15:51:00,S01,M000947,store,credit_card,277,48,ANNIV2025,false
T003835,2025-10-05T19:23:00,S02,M001089,store,credit_card,85,15,ANNIV2025,false
T003836,2025-10-05T20:30:00,S03,M000463,store,credit_card,175,0,,false
T003837,2025-10-05T11:40:00,S03,M000247,store,cash,740,130,ANNIV2025,false
T003838,2025-10-05T12:37:00,S04,M000466,store,credit_card,1638,0,,false
T003839,2025-10-05T11:29:00,S04,M001126,store,mobile_payment,830,0,,false
T003840,2025-10-05T14:30:00,S04,M000719,store,credit_card,1195,0,,false
T003841,2025-10-05T14:52:00,S04,M000543,store,cash,1060,0,,false
T003842,2025-10-05T12:27:00,S04,,store,cash,960,0,,false
T003843,2025-10-05T20:03:00,S04,,store,mobile_payment,1855,0,,false
T003844,2025-10-05T16:26:00,S04,,store,cash,2706,0,,false
T003845,2025-10-05T15:17:00,S04,,store,cash,1918,52,,false
T003846,2025-10-05T17:22:00,S05,M001158,store,line_pay,440,0,,false
T003847,2025-10-05T19:56:00,S05,M000940,store,credit_card,390,0,,false
T003848,2025-10-05T16:13:00,S05,M000148,store,line_pay,270,0,,false
T003849,2025-10-05T17:32:00,S05,M000122,store,line_pay,1220,0,,false
T003850,2025-10-05T19:29:00,S05,M000180,store,credit_card,523,92,ANNIV2025,false
T003851,2025-10-05T11:48:00,S05,M000219,store,cash,625,110,ANNIV2025,false
T003852,2025-10-05T14:10:00,S06,M000255,store,credit_card,190,0,,false
T003853,2025-10-05T19:21:00,S06,M000715,store,line_pay,442,23,,false
T003854,2025-10-05T20:32:00,S06,M000992,store,mobile_payment,702,123,ANNIV2025,false
T003855,2025/10/05 14:30,S06,M000992,store,cash,209,36,ANNIV2025,false
T003856,2025-10-05T20:48:00,S99,M000233,online,mobile_payment,963,22,,false
T003857,2025-10-06T15:04:00,S01,,store,cash,960,0,,false
T003858,2025-10-06T11:07:00,S01,,store,cash,1280,0,,false
T003859,2025-10-06T18:47:00,S02,M001002,store,mobile_payment,970,0,,false
T003860,2025-10-06T19:58:00,S02,M001072,store,credit_card,166,29,ANNIV2025,false
T003861,2025-10-06T20:09:00,S03,M000609,store,cash,105,0,,false
T003862,2025-10-06T21:31:00,S03,M001065,store,mobile_payment,195,0,,false
T003863,2025-10-06T20:47:00,S04,M000519,store,credit_card,905,0,,false
T003864,2025-10-06T19:49:00,S04,M000178,store,credit_card,1629,0,,false
T003865,2025-10-06T21:30:00,S04,M000454,store,mobile_payment,345,0,,false
T003866,2025-10-06T18:32:00,S04,M000055,store,cash,328,57,ANNIV2025,false
T003867,2025-10-06T19:52:00,S04,M000820,store,mobile_payment,111,19,ANNIV2025,false
T003868,2025-10-06T18:14:00,S04,,store,credit_card,1340,0,,false
T003869,2025-10-06T12:30:00,S05,M000599,store,credit_card,890,0,,false
T003870,2025-10-06T15:54:00,S05,M000504,store,credit_card,240,0,,false
T003871,2025-10-06T11:39:00,S05,M000599,store,credit_card,655,115,ANNIV2025,false
T003872,2025-10-06T15:16:00,S06,M001078,store,mobile_payment,1065,0,,false
T003873,2025-10-06T21:28:00,S06,,store,cash,2228,0,,false
T003874,2025-10-07T15:39:00,S01,M000429,store,credit_card,480,0,,false
T003875,2025-10-07T21:00:00,S01,M001070,store,credit_card,655,115,ANNIV2025,false
T003876,2025-10-07T17:56:00,S01,M000925,store,credit_card,-150,0,,true
T003877,2025-10-07T12:15:00,S01,,store,mobile_payment,480,0,,false
T003878,2025-10-07T12:46:00,S01,,store,cash,1684,0,,false
T003879,2025-10-07T12:46:00,S02,M001130,store,cash,608,107,ANNIV2025,false
T003880,2025-10-07T18:36:00,S02,M001091,store,cash,702,123,ANNIV2025,false
T003881,2025-10-07T20:50:00,S03,M001153,store,cash,95,0,,false
T003882,2025-10-07T21:48:00,S03,M000658,store,cash,110,0,,false
T003883,2025-10-07T20:50:00,S03,M001098,store,cash,110,0,,false
T003884,2025-10-07T11:43:00,S03,M000996,store,cash,100,0,,false
T003885,2025-10-07T17:16:00,S03,M000106,store,cash,95,0,,false
T003886,2025-10-07T17:57:00,S03,M000524,store,line_pay,790,0,,false
T003887,2025-10-07T20:09:00,S03,M000163,store,line_pay,515,90,ANNIV2025,false
T003888,2025-10-07T17:32:00,S03,M000471,store,mobile_payment,761,134,ANNIV2025,false
T003889,2025-10-07T19:55:00,S03,M001017,store,cash,141,24,ANNIV2025,false
T003890,2025-10-07T21:44:00,S04,M000070,store,line_pay,1210,0,,false
T003891,2025-10-07T15:31:00,S04,M000585,store,line_pay,570,100,ANNIV2025,false
T003892,2025-10-07T15:37:00,S04,M001012,store,credit_card,833,147,ANNIV2025,false
T003893,2025-10-07T17:55:00,S05,M001179,store,line_pay,175,0,,false
T003894,2025-10-07T19:56:00,S05,M000868,store,credit_card,135,0,,false
T003895,2025-10-07T20:59:00,S05,M000693,store,cash,-390,0,,true
T003896,2025/10/07 19:21,S06,M000017,store,credit_card,110,0,,false
T003897,2025-10-07T21:27:00,S99,M000120,online,credit_card,680,0,,false
T003898,2025-10-07T20:57:00,S99,M000265,online,line_pay,618,32,,false
T003899,2025-10-07T12:04:00,S99,,online,mobile_payment,2666,0,,false
T003900,2025-10-08T11:29:00,S01,M000192,store,cash,320,0,,false
T003901,2025-10-08T12:47:00,S01,M000182,store,cash,470,0,,false
T003902,2025-10-08T12:35:00,S01,M000999,store,credit_card,362,63,ANNIV2025,false
T003903,2025-10-08T15:36:00,S01,M001014,store,cash,472,83,ANNIV2025,false
T003904,2025-10-08T18:39:00,S01,,store,line_pay,960,0,,false
T003905,2025-10-08T15:25:00,S01,,store,cash,960,0,,false
T003906,2025-10-08T20:29:00,S02,M000184,store,cash,362,63,ANNIV2025,false
T003907,2025-10-08T11:41:00,S02,M000915,store,credit_card,774,136,ANNIV2025,false
T003908,2025-10-08T20:06:00,S02,,store,credit_card,1280,0,,false
T003909,2025-10-08T21:01:00,S02,,store,cash,960,0,,false
T003910,2025-10-08T15:14:00,S02,,store,credit_card,860,0,,false
T003911,2025-10-08T18:58:00,S03,M000221,store,credit_card,175,0,,false
T003912,2025-10-08T20:24:00,S03,M000447,store,line_pay,100,0,,false
T003913,2025-10-08T12:21:00,S03,M001180,store,cash,1150,0,,false
T003914,2025-10-08T11:46:00,S04,M000384,store,credit_card,1319,0,,false
T003915,2025-10-08T17:30:00,S04,M000360,store,mobile_payment,1120,0,,false
T003916,2025-10-08T18:30:00,S04,M000572,store,cash,590,0,,false
T003917,2025-10-08T20:06:00,S04,M000189,store,credit_card,604,31,,false
T003918,2025-10-08T17:18:00,S04,M001020,store,credit_card,481,84,ANNIV2025,false
T003919,2025-10-08T18:59:00,S04,M001190,store,line_pay,561,99,ANNIV2025,false
T003920,2025/10/08 18:41,S04,M000820,store,cash,183,32,ANNIV2025,false
T003921,2025-10-08T12:01:00,S05,M000972,store,cash,130,0,,false
T003922,2025-10-08T12:27:00,S05,M000643,store,mobile_payment,995,0,,false
T003923,2025-10-08T11:55:00,S05,M001193,store,line_pay,438,77,ANNIV2025,false
T003924,2025/10/08 12:57,S06,M001085,store,cash,175,0,,false
T003925,2025-10-08T18:24:00,S06,M000083,store,mobile_payment,1555,0,,false
T003926,2025-10-08T12:02:00,S06,,store,cash,900,0,,false
T003927,2025-10-08T17:46:00,S06,,store,cash,2265,0,,false
T003928,2025-10-08T09:02:00,S99,M001037,online,credit_card,661,34,,false
T003929,2025-10-08T12:04:00,S99,,online,cash,1280,0,,false
T003930,2025-10-08T20:38:00,S99,,online,line_pay,480,0,,false
T003931,2025-10-09T15:13:00,S01,M001155,store,credit_card,955,0,,false
T003932,2025-10-09T17:23:00,S01,M000187,store,mobile_payment,420,0,,false
T003933,2025-10-09T17:29:00,S01,M000754,store,cash,553,97,ANNIV2025,false
T003934,2025-10-09T20:32:00,S01,M000836,store,line_pay,663,117,ANNIV2025,false
T003935,2025-10-09T21:40:00,S01,,store,credit_card,960,0,,false
T003936,2025-10-09T18:45:00,S02,M000738,store,credit_card,145,0,,false
T003937,2025-10-09T19:52:00,S02,M000921,store,mobile_payment,110,0,,false
T003938,2025-10-09T12:02:00,S02,M000467,store,credit_card,519,91,ANNIV2025,false
T003939,2025-10-09T18:34:00,S02,M001035,store,credit_card,544,96,ANNIV2025,false
T003940,2025-10-09T17:04:00,S02,M000855,store,credit_card,124,21,ANNIV2025,false
T003941,2025-10-09T17:19:00,S03,M000927,store,credit_card,135,0,,false
T003942,2025-10-09T15:59:00,S03,M000592,store,cash,70,0,,false
T003943,2025-10-09T20:10:00,S03,M001017,store,cash,298,52,ANNIV2025,false
T003944,2025/10/09 11:06,S03,,store,credit_card,1779,0,,false
T003945,2025-10-09T20:41:00,S04,M000179,store,mobile_payment,870,0,,false
T003946,2025-10-09T20:43:00,S04,M000586,store,cash,366,64,ANNIV2025,false
T003947,2025-10-09T19:20:00,S04,M000454,store,cash,672,118,ANNIV2025,false
T003948,2025-10-09T21:50:00,S04,M001080,store,line_pay,149,26,ANNIV2025,false
T003949,2025-10-09T20:01:00,S04,,store,line_pay,3009,0,,false
T003950,2025-10-09T17:21:00,S05,M000894,store,credit_card,540,95,ANNIV2025,false
T003951,2025-10-09T18:16:00,S05,,store,credit_card,1280,0,,false
T003952,2025-10-09T15:26:00,S05,,store,cash,2898,252,,false
T003953,2025-10-09T17:51:00,S06,M001170,store,cash,940,0,,false
T003954,2025-10-09T21:00:00,S06,M001169,store,credit_card,1010,0,,false
T003955,2025-10-10T17:57:00,S01,M000072,store,line_pay,355,0,,false
T003956,2025-10-10T18:56:00,S01,M000498,store,credit_card,950,0,,false
T003957,2025-10-10T20:27:00,S01,M001171,store,cash,865,45,,false
T003958,2025-10-10T15:41:00,S01,M000884,store,credit_card,556,29,,false
T003959,2025-10-10T19:45:00,S02,M000054,store,credit_card,170,0,,false
T003960,2025-10-10T15:30:00,S02,M000080,store,line_pay,105,0,,false
T003961,2025-10-10T17:41:00,S02,M000347,store,line_pay,95,0,,false
T003962,2025-10-10T21:03:00,S02,M000651,store,credit_card,850,0,,false
T003963,2025-10-10T20:45:00,S03,M000488,store,credit_card,95,0,,false
T003964,2025-10-10T11:28:00,S03,M000031,store,cash,110,0,,false
T003965,2025-10-10T19:30:00,S03,M000520,store,cash,35,0,,false
T003966,2025-10-10T19:52:00,S03,M000174,store,line_pay,35,0,,false
T003967,2025-10-10T18:15:00,S03,M000487,store,line_pay,175,0,,false
T003968,2025-10-10T12:07:00,S03,M000524,store,line_pay,770,135,ANNIV2025,false
T003969,2025-10-10T19:56:00,S03,,store,credit_card,2065,0,,false
T003970,2025-10-10T20:27:00,S04,M001128,store,cash,1319,0,,false
T003971,2025-10-10T17:41:00,S04,M000718,store,credit_card,498,87,ANNIV2025,false
T003972,2025-10-10T12:49:00,S04,,store,credit_card,480,0,,false
T003973,2025-10-10T12:21:00,S05,M000286,store,credit_card,1485,0,,false
T003974,2025-10-10T21:02:00,S05,M000604,store,line_pay,827,43,,false
T003975,2025-10-10T12:09:00,S05,M000643,store,cash,515,90,ANNIV2025,false
T003976,2025-10-10T18:54:00,S05,,store,credit_card,1280,0,,false
T003977,2025-10-10T15:02:00,S05,,store,line_pay,1280,0,,false
T003978,2025-10-10T19:39:00,S06,M000316,store,cash,860,0,,false
T003979,2025-10-10T12:50:00,S06,M000326,store,cash,748,132,ANNIV2025,false
T003980,2025-10-10T20:47:00,S06,M000992,store,credit_card,170,30,ANNIV2025,false
T003981,2025-10-10T20:21:00,S99,M000170,online,cash,130,0,,false
T003982,2025-10-10T20:05:00,S99,M000198,online,line_pay,1290,0,,false
T003983,2025-10-10T22:24:00,S99,,online,cash,2038,0,,false
T003984,2025-10-11T17:07:00,S01,M001147,store,cash,376,19,,false
T003985,2025-10-11T20:26:00,S01,M000192,store,cash,417,73,ANNIV2025,false
T003986,2025-10-11T19:27:00,S01,M001074,store,cash,298,52,ANNIV2025,false
T003987,2025-10-11T20:45:00,S02,M001087,store,credit_card,130,0,,false
T003988,2025-10-11T14:16:00,S02,,store,credit_card,480,0,,false
T003989,2025-10-11T15:23:00,S03,M000616,store,credit_card,130,0,,false
T003990,2025-10-11T19:21:00,S03,M001095,store,credit_card,95,0,,false
T003991,2025-10-11T17:56:00,S03,M000598,store,cash,95,0,,false
T003992,2025-10-11T16:03:00,S03,,store,cash,1683,0,,false
T003993,2025-10-11T16:08:00,S03,,store,cash,2422,0,,false
T003994,2025-10-11T15:29:00,S04,M000079,store,credit_card,180,0,,false
T003995,2025-10-11T20:01:00,S04,M000553,store,cash,680,35,,false
T003996,2025-10-11T19:02:00,S04,M000360,store,cash,544,96,ANNIV2025,false
T003997,2025-10-11T14:46:00,S04,M000891,store,cash,583,102,ANNIV2025,false
T003998,2025-10-11T19:47:00,S04,M001012,store,credit_card,204,36,ANNIV2025,false
T003999,2025-10-11T19:13:00,S04,M001045,store,credit_card,162,28,ANNIV2025,false
T004000,2025-10-11T16:01:00,S04,,store,cash,3234,0,,false
T004001,2025-10-11T20:24:00,S04,,store,credit_card,1278,102,,false
T004002,2025-10-11T15:10:00,S04,,store,credit_card,1580,64,,false
T004003,2025-10-11T20:43:00,S05,M000934,store,line_pay,390,0,,false
T004004,2025/10/11 15:42,S05,M000386,store,cash,240,0,,false
T004005,2025-10-11T14:08:00,S05,M000878,store,credit_card,1310,0,,false
T004006,2025/10/11 11:38,S05,,store,cash,2531,220,,false
T004007,2025-10-11T14:24:00,S05,,store,line_pay,1756,0,,false
T004008,2025-10-11T14:33:00,S05,,store,mobile_payment,1876,0,,false
T004009,2025-10-11T12:58:00,S06,M000825,store,line_pay,1050,0,,false
T004010,2025-10-11T09:51:00,S99,,online,mobile_payment,1688,102,,false
T004011,2025-10-12T20:09:00,S01,M000746,store,cash,405,0,,false
T004012,2025-10-12T17:43:00,S01,M000155,store,cash,775,0,,false
T004013,2025-10-12T19:08:00,S01,M000591,store,cash,632,33,,false
T004014,2025-10-12T20:12:00,S01,M000209,store,credit_card,221,39,ANNIV2025,false
T004015,2025-10-12T19:48:00,S01,M000209,store,line_pay,124,21,ANNIV2025,false
T004016,2025-10-12T15:50:00,S01,M000683,store,cash,-95,0,,true
T004017,2025-10-12T14:44:00,S01,,store,cash,960,0,,false
T004018,2025-10-12T16:40:00,S02,M000965,store,mobile_payment,1220,0,,false
T004019,2025-10-12T15:39:00,S02,M001125,store,credit_card,153,27,ANNIV2025,false
T004020,2025-10-12T19:23:00,S02,,store,cash,2649,0,,false
T004021,2025-10-12T20:49:00,S03,M000105,store,cash,35,0,,false
T004022,2025-10-12T12:01:00,S03,M000532,store,cash,130,0,,false
T004023,2025/10/12 12:48,S03,M001050,store,line_pay,35,0,,false
T004024,2025-10-12T14:07:00,S03,M000547,store,mobile_payment,70,0,,false
T004025,2025-10-12T17:38:00,S03,M001157,store,cash,70,0,,false
T004026,2025-10-12T12:50:00,S03,M000203,store,mobile_payment,175,0,,false
T004027,2025-10-12T11:09:00,S03,M000757,store,cash,145,0,,false
T004028,2025-10-12T16:31:00,S04,M000975,store,line_pay,1359,0,,false
T004029,2025-10-12T14:56:00,S04,M000901,store,credit_card,1419,0,,false
T004030,2025-10-12T11:34:00,S04,M001016,store,credit_card,1310,0,,false
T004031,2025-10-12T12:49:00,S04,M001197,store,line_pay,663,117,ANNIV2025,false
T004032,2025-10-12T20:47:00,S04,M000055,store,credit_card,204,36,ANNIV2025,false
T004033,2025-10-12T15:39:00,S04,M000070,store,cash,-180,0,,true
T004034,2025-10-12T15:56:00,S04,,store,line_pay,2469,0,,false
T004035,2025-10-12T12:44:00,S05,M000118,store,line_pay,260,0,,false
T004036,2025-10-12T17:07:00,S05,M000371,store,line_pay,650,0,,false
T004037,2025-10-12T15:05:00,S05,M000352,store,cash,379,66,ANNIV2025,false
T004038,2025-10-12T15:22:00,S05,M000839,store,credit_card,536,94,ANNIV2025,false
T004039,2025-10-12T15:16:00,S05,M000970,store,cash,693,122,ANNIV2025,false
T004040,2025-10-12T20:41:00,S05,M000599,store,cash,175,30,ANNIV2025,false
T004041,2025-10-12T14:23:00,S06,M000446,store,credit_card,110,0,,false
T004042,2025-10-12T11:35:00,S06,M000091,store,line_pay,294,51,ANNIV2025,false
T004043,2025-10-12T14:36:00,S99,M000809,online,cash,95,0,,false
T004044,2025-10-13T20:30:00,S01,M001116,store,cash,1280,0,,false
T004045,2025-10-13T15:07:00,S01,M001022,store,cash,476,84,ANNIV2025,false
T004046,2025-10-13T20:39:00,S01,M001067,store,credit_card,260,45,ANNIV2025,false
T004047,2025-10-13T12:34:00,S01,M001105,store,credit_card,2252,0,,false
T004048,2025-10-13T12:45:00,S01,,store,credit_card,1280,0,,false
T004049,2025-10-13T17:38:00,S02,M001048,store,credit_card,540,95,ANNIV2025,false
T004050,2025-10-13T15:04:00,S02,M000345,store,cash,192,33,ANNIV2025,false
T004051,2025-10-13T15:54:00,S02,,store,credit_card,1484,0,,false
T004052,2025-10-13T15:13:00,S03,M000589,store,line_pay,105,0,,false
T004053,2025-10-13T21:02:00,S03,M000496,store,line_pay,170,0,,false
T004054,2025-10-13T20:55:00,S03,M000452,store,cash,170,0,,false
T004055,2025-10-13T19:47:00,S04,M000299,store,cash,1474,0,,false
T004056,2025-10-13T18:31:00,S04,M000277,store,cash,1359,0,,false
T004057,2025-10-13T15:55:00,S04,M000055,store,line_pay,217,38,ANNIV2025,false
T004058,2025-10-13T18:31:00,S04,,store,credit_card,3234,0,,false
T004059,2025-10-13T17:31:00,S05,M000479,store,credit_card,390,0,,false
T004060,2025-10-13T11:04:00,S05,M000327,store,cash,260,0,,false
T004061,2025-10-13T19:39:00,S05,M000290,store,credit_card,260,0,,false
T004062,2025-10-13T20:39:00,S05,M000679,store,cash,340,0,,false
T004063,2025-10-13T21:38:00,S05,M000879,store,line_pay,813,42,,false
T004064,2025-10-13T19:20:00,S05,M001076,store,credit_card,799,141,ANNIV2025,false
T004065,2025-10-13T20:23:00,S06,M000326,store,credit_card,179,31,ANNIV2025,false
T004066,2025-10-13T21:27:00,S99,M001186,online,cash,105,0,,false
T004067,2025-10-13T14:20:00,S99,M000640,online,credit_card,798,42,,false
T004068,2025-10-14T21:44:00,S01,M000795,store,line_pay,515,0,,false
T004069,2025-10-14T11:18:00,S01,M000993,store,line_pay,1010,0,,false
T004070,2025-10-14T18:06:00,S01,M000007,store,line_pay,423,22,,false
T004071,2025-10-14T15:00:00,S01,M001149,store,credit_card,672,118,ANNIV2025,false
T004072,2025-10-14T19:13:00,S01,M001074,store,cash,434,76,ANNIV2025,false
T004073,2025-10-14T12:34:00,S01,M000798,store,cash,557,98,ANNIV2025,false
T004074,2025-10-14T12:36:00,S01,M000192,store,cash,166,29,ANNIV2025,false
T004075,2025-10-14T20:08:00,S01,,store,line_pay,960,0,,false
T004076,2025-10-14T21:28:00,S01,,store,credit_card,900,0,,false
T004077,2025-10-14T19:25:00,S01,,store,credit_card,1721,59,,false
T004078,2025-10-14T15:40:00,S02,M000507,store,cash,1560,0,,false
T004079,2025-10-14T17:44:00,S02,M000980,store,mobile_payment,632,33,,false
T004080,2025-10-14T12:58:00,S02,M000832,store,cash,629,111,ANNIV2025,false
T004081,2025-10-14T11:09:00,S03,M000378,store,cash,110,0,,false
T004082,2025-10-14T18:15:00,S03,M000167,store,credit_card,130,0,,false
T004083,2025-10-14T21:09:00,S04,M000983,store,credit_card,1419,0,,false
T004084,2025-10-14T17:18:00,S04,M000926,store,line_pay,455,80,ANNIV2025,false
T004085,2025-10-14T20:28:00,S04,M001126,store,mobile_payment,345,60,ANNIV2025,false
T004086,2025-10-14T17:24:00,S04,M000735,store,cash,430,75,ANNIV2025,false
T004087,2025-10-14T18:44:00,S04,M000778,store,credit_card,124,21,ANNIV2025,false
T004088,2025-10-14T18:22:00,S04,,store,credit_card,2223,182,,false
T004089,2025-10-14T17:38:00,S05,M001140,store,cash,240,0,,false
T004090,2025-10-14T18:08:00,S05,M000398,store,line_pay,240,0,,false
T004091,2025-10-14T12:51:00,S05,M000145,store,credit_card,799,141,ANNIV2025,false
T004092,2025-10-14T18:35:00,S06,M000669,store,cash,135,0,,false
T004093,2025-10-14T17:03:00,S06,M000758,store,credit_card,190,0,,false
T004094,2025-10-14T12:57:00,S99,M000067,online,credit_card,930,0,,false
T004095,2025-10-14T22:39:00,S99,M000232,online,credit_card,865,45,,false
T004096,2025-10-14T14:24:00,S99,M000437,online,credit_card,124,21,ANNIV2025,false
T004097,2025-10-15T19:14:00,S01,M000291,store,cash,110,0,,false
T004098,2025-10-15T17:50:00,S01,M000955,store,credit_card,170,0,,false
T004099,2025-10-15T11:28:00,S01,M000591,store,line_pay,1250,0,,false
T004100,2025-10-15T18:48:00,S01,M000947,store,credit_card,502,88,ANNIV2025,false
T004101,2025-10-15T12:42:00,S02,M000184,store,line_pay,192,33,ANNIV2025,false
T004102,2025-10-15T20:14:00,S03,M000344,store,line_pay,110,0,,false
T004103,2025-10-15T20:22:00,S03,M000140,store,credit_card,145,0,,false
T004104,2025-10-15T20:33:00,S03,M000090,store,mobile_payment,70,0,,false
T004105,2025-10-15T19:21:00,S03,M000078,store,credit_card,170,0,,false
T004106,2025-10-15T11:32:00,S03,M000779,store,credit_card,170,0,,false
T004107,2025-10-15T18:38:00,S03,M000613,store,credit_card,668,117,ANNIV2025,false
T004108,2025-10-15T19:13:00,S03,M000247,store,mobile_payment,187,33,ANNIV2025,false
T004109,2025-10-15T11:19:00,S04,M000269,store,line_pay,800,0,,false
T004110,2025-10-15T21:43:00,S04,M001188,store,cash,1060,0,,false
T004111,2025-10-15T12:10:00,S04,M000891,store,credit_card,1260,0,,false
T004112,2025-10-15T17:26:00,S04,M000778,store,cash,1485,0,,false
T004113,2025-10-15T12:21:00,S04,M001173,store,line_pay,1200,0,,false
T004114,2025-10-15T19:13:00,S04,,store,cash,1524,0,,false
T004115,2025-10-15T11:35:00,S05,M000702,store,line_pay,440,0,,false
T004116,2025-10-15T21:57:00,S05,M000193,store,cash,1220,0,,false
T004117,2025-10-15T21:34:00,S05,M000839,store,mobile_payment,585,0,,false
T004118,2025-10-15T15:07:00,S05,M001034,store,cash,395,0,,false
T004119,2025-10-15T18:05:00,S05,M001103,store,credit_card,417,73,ANNIV2025,false
T004120,2025-10-15T11:05:00,S06,M000753,store,cash,780,0,,false
T004121,2025-10-15T12:54:00,S06,M000451,store,line_pay,221,39,ANNIV2025,false
T004122,2025-10-15T19:21:00,S06,,store,cash,978,51,,false
T004123,2025-10-15T20:09:00,S06,,store,mobile_payment,832,43,,false
T004124,2025-10-15T12:49:00,S99,M001135,online,credit_card,65,0,,false
T004125,2025-10-16T15:00:00,S01,M000103,store,cash,727,38,,false
T004126,2025-10-16T21:37:00,S01,M000898,store,line_pay,166,29,ANNIV2025,false
T004127,2025-10-16T21:26:00,S01,,store,cash,480,0,,false
T004128,2025-10-16T11:20:00,S01,,store,cash,1280,0,,false
T004129,2025-10-16T18:55:00,S02,M000537,store,credit_card,160,0,,false
T004130,2025-10-16T18:41:00,S02,M000445,store,credit_card,498,87,ANNIV2025,false
T004131,2025-10-16T15:17:00,S02,M001072,store,line_pay,736,129,ANNIV2025,false
T004132,2025-10-16T18:02:00,S02,M000641,store,cash,141,24,ANNIV2025,false
T004133,2025-10-16T12:09:00,S02,,store,cash,2217,192,,false
T004134,2025-10-16T18:22:00,S03,M000086,store,cash,130,0,,false
T004135,2025-10-16T20:26:00,S03,M000308,store,cash,110,0,,false
T004136,2025-10-16T15:07:00,S03,M000025,store,line_pay,366,19,,false
T004137,2025-10-16T21:19:00,S04,M000719,store,cash,490,25,,false
T004138,2025-10-16T18:57:00,S04,M000910,store,credit_card,604,106,ANNIV2025,false
T004139,2025-10-16T19:19:00,S04,M000070,store,cash,842,148,ANNIV2025,false
T004140,2025-10-16T20:43:00,S04,M000360,store,mobile_payment,132,23,ANNIV2025,false
T004141,2025-10-16T18:46:00,S04,M001016,store,cash,1951,99,,false
T004142,2025-10-16T20:30:00,S04,,store,line_pay,1380,0,,false
T004143,2025-10-16T18:58:00,S04,,store,line_pay,2348,0,,false
T004144,2025-10-16T19:41:00,S04,,store,line_pay,1768,0,,false
T004145,2025-10-16T18:41:00,S05,M000656,store,credit_card,270,0,,false
T004146,2025-10-16T21:12:00,S06,M000091,store,mobile_payment,1605,0,,false
T004147,2025-10-16T21:59:00,S06,M000285,store,line_pay,315,55,ANNIV2025,false
T004148,2025-10-17T19:40:00,S01,M000917,store,line_pay,617,108,ANNIV2025,false
T004149,2025-10-17T19:32:00,S01,,store,cash,480,0,,false
T004150,2025-10-17T12:00:00,S01,,store,mobile_payment,480,0,,false
T004151,2025-10-17T12:02:00,S02,M000362,store,cash,668,117,ANNIV2025,false
T004152,2025-10-17T18:55:00,S03,M000518,store,cash,70,0,,false
T004153,2025-10-17T19:36:00,S03,M000583,store,line_pay,70,0,,false
T004154,2025-10-17T18:56:00,S03,M000717,store,cash,105,0,,false
T004155,2025-10-17T12:10:00,S03,M001134,store,line_pay,360,0,,false
T004156,2025-10-17T21:29:00,S03,M000905,store,credit_card,990,0,,false
T004157,2025-10-17T19:05:00,S03,M000587,store,cash,485,85,ANNIV2025,false
T004158,2025-10-17T15:59:00,S03,M001017,store,credit_card,175,30,ANNIV2025,false
T004159,2025-10-17T19:50:00,S03,,store,mobile_payment,1562,0,,false
T004160,2025-10-17T18:54:00,S03,,store,mobile_payment,2755,0,,false
T004161,2025/10/17 21:47,S03,,store,cash,1885,0,,false
T004162,2025-10-17T19:00:00,S03,,store,credit_card,1650,0,,false
T004163,2025-10-17T20:19:00,S04,M000414,store,cash,1339,0,,false
T004164,2025-10-17T20:10:00,S05,M001102,store,credit_card,975,0,,false
T004165,2025-10-17T12:28:00,S05,M000704,store,line_pay,240,0,,false
T004166,2025-10-17T11:33:00,S05,M001057,store,cash,330,0,,false
T004167,2025-10-18T20:12:00,S01,M001008,store,cash,360,0,,false
T004168,2025-10-18T12:03:00,S01,M000988,store,cash,170,30,ANNIV2025,false
T004169,2025-10-18T15:26:00,S01,M001105,store,credit_card,1631,110,,false
T004170,2025-10-18T16:06:00,S01,,store,cash,960,0,,false
T004171,2025-10-18T12:54:00,S01,,store,credit_card,960,0,,false
T004172,2025-10-18T19:44:00,S01,,store,cash,1749,0,,false
T004173,2025-10-18T17:45:00,S02,M000243,store,cash,195,0,,false
T004174,2025-10-18T12:15:00,S02,M000855,store,cash,243,42,ANNIV2025,false
T004175,2025-10-18T12:48:00,S02,,store,cash,779,40,,false
T004176,2025-10-18T20:14:00,S02,,store,line_pay,1703,61,,false
T004177,2025-10-18T11:51:00,S03,M000177,store,cash,145,0,,false
T004178,2025-10-18T14:53:00,S03,M000436,store,line_pay,100,0,,false
T004179,2025-10-18T17:32:00,S03,M000141,store,cash,135,0,,false
T004180,2025-10-18T19:33:00,S03,M000435,store,cash,723,127,ANNIV2025,false
T004181,2025-10-18T15:22:00,S04,M000055,store,credit_card,1465,0,,false
T004182,2025-10-18T11:44:00,S04,M000303,store,cash,362,63,ANNIV2025,false
T004183,2025-10-18T12:51:00,S04,M000954,store,credit_card,816,144,ANNIV2025,false
T004184,2025-10-18T15:44:00,S04,M000778,store,credit_card,192,33,ANNIV2025,false
T004185,2025-10-18T19:49:00,S04,,store,cash,1498,52,,false
T004186,2025-10-18T12:46:00,S04,,store,cash,2760,0,,false
T004187,2025-10-18T19:14:00,S05,M000976,store,cash,170,0,,false
T004188,2025-10-18T15:23:00,S05,M000333,store,credit_card,320,0,,false
T004189,2025-10-18T16:35:00,S05,M000313,store,credit_card,489,86,ANNIV2025,false
T004190,2025-10-18T15:24:00,S06,M000018,store,credit_card,165,0,,false
T004191,2025-10-18T12:32:00,S06,M000857,store,credit_card,1380,0,,false
T004192,2025-10-18T11:10:00,S06,,store,mobile_payment,1467,77,,false
T004193,2025-10-18T14:03:00,S99,M000261,online,line_pay,391,69,ANNIV2025,false
T004194,2025-10-19T14:29:00,S01,M000685,store,cash,1520,0,,false
T004195,2025-10-19T20:06:00,S01,M000746,store,credit_card,808,42,,false
T004196,2025-10-19T15:36:00,S01,M000685,store,credit_card,438,77,ANNIV2025,false
T004197,2025-10-19T17:58:00,S01,M000139,store,cash,141,24,ANNIV2025,false
T004198,2025-10-19T15:09:00,S01,,store,credit_card,2887,0,,false
T004199,2025-10-19T17:41:00,S01,,store,credit_card,2039,226,,false
T004200,2025-10-19T11:40:00,S02,M000202,store,credit_card,190,0,,false
T004201,2025-10-19T17:43:00,S02,M000014,store,mobile_payment,100,0,,false
T004202,2025-10-19T12:30:00,S04,M000647,store,cash,780,0,,false
T004203,2025-10-19T16:07:00,S04,M000113,store,credit_card,485,25,,false
T004204,2025/10/19 15:30,S05,M001122,store,credit_card,260,0,,false
T004205,2025-10-19T11:07:00,S05,M001042,store,credit_card,440,0,,false
T004206,2025-10-19T15:45:00,S05,M001141,store,credit_card,1360,0,,false
T004207,2025-10-19T21:49:00,S99,M000212,online,mobile_payment,600,105,ANNIV2025,false
T004208,2025-10-19T12:15:00,S99,M000289,online,line_pay,1680,0,,false
T004209,2025-10-20T15:37:00,S01,M000182,store,mobile_payment,650,0,,false
T004210,2025-10-20T18:51:00,S01,M000061,store,credit_card,525,0,,false
T004211,2025-10-20T19:54:00,S01,M000019,store,cash,336,59,ANNIV2025,false
T004212,2025/10/20 20:58,S01,M000755,store,mobile_payment,255,45,ANNIV2025,false
T004213,2025-10-20T19:43:00,S01,M000798,store,cash,149,26,ANNIV2025,false
T004214,2025-10-20T12:35:00,S01,,store,credit_card,2461,0,,false
T004215,2025-10-20T20:45:00,S02,M000641,store,credit_card,715,0,,false
T004216,2025-10-20T19:14:00,S02,M001091,store,credit_card,1190,0,,false
T004217,2025-10-20T21:33:00,S02,M000245,store,credit_card,170,30,ANNIV2025,false
T004218,2025-10-20T15:10:00,S03,M000146,store,cash,65,0,,false
T004219,2025-10-20T15:51:00,S03,M000736,store,credit_card,105,0,,false
T004220,2025-10-20T19:23:00,S03,M001163,store,cash,105,0,,false
T004221,2025-10-20T12:27:00,S03,M000081,store,cash,105,0,,false
T004222,2025-10-20T18:35:00,S04,M000030,store,credit_card,1379,0,,false
T004223,2025-10-20T15:11:00,S04,M000778,store,cash,366,64,ANNIV2025,false
T004224,2025-10-20T11:23:00,S04,M000778,store,credit_card,145,25,ANNIV2025,false
T004225,2025-10-20T20:21:00,S05,M000938,store,cash,390,0,,false
T004226,2025-10-20T17:34:00,S05,M000661,store,cash,320,0,,false
T004227,2025-10-20T20:14:00,S05,M000839,store,mobile_payment,980,0,,false
T004228,2025-10-20T17:49:00,S05,M000421,store,cash,583,102,ANNIV2025,false
T004229,2025-10-20T18:42:00,S06,M000510,store,cash,1125,0,,false
T004230,2025-10-20T19:46:00,S06,M000461,store,cash,217,38,ANNIV2025,false
T004231,2025-10-20T18:51:00,S06,M001169,store,cash,213,37,ANNIV2025,false
T004232,2025-10-20T12:26:00,S06,,store,credit_card,580,0,,false
T004233,2025-10-20T14:22:00,S99,M001047,online,cash,110,0,,false
T004234,2025-10-20T14:03:00,S99,M000664,online,credit_card,1030,0,,false
T004235,2025-10-20T14:35:00,S99,M001029,online,credit_card,621,109,ANNIV2025,false
T004236,2025-10-21T17:04:00,S01,M001014,store,cash,380,0,,false
T004237,2025-10-21T11:23:00,S01,M000201,store,mobile_payment,350,0,,false
T004238,2025-10-21T11:41:00,S01,M000329,store,line_pay,621,109,ANNIV2025,false
T004239,2025-10-21T20:41:00,S02,M000855,store,line_pay,740,130,ANNIV2025,false
T004240,2025-10-21T15:54:00,S02,M000641,store,mobile_payment,472,83,ANNIV2025,false
T004241,2025-10-21T20:38:00,S02,M001089,store,credit_card,778,137,ANNIV2025,false
T004242,2025-10-21T20:40:00,S02,M000445,store,cash,162,28,ANNIV2025,false
T004243,2025-10-21T21:22:00,S02,,store,cash,960,0,,false
T004244,2025-10-21T21:17:00,S03,M000592,store,line_pay,95,0,,false
T004245,2025-10-21T18:32:00,S03,M000319,store,credit_card,65,0,,false
T004246,2025-10-21T20:29:00,S03,M000597,store,credit_card,70,0,,false
T004247,2025-10-21T19:15:00,S03,M000626,store,credit_card,100,0,,false
T004248,2025-10-21T12:08:00,S04,M000001,store,cash,130,0,,false
T004249,2025-10-21T19:25:00,S04,M000149,store,line_pay,820,0,,false
T004250,2025-10-21T20:57:00,S04,M000735,store,cash,1140,0,,false
T004251,2025-10-21T20:34:00,S04,M001045,store,line_pay,629,111,ANNIV2025,false
T004252,2025-10-21T15:28:00,S04,M000519,store,credit_card,570,100,ANNIV2025,false
T004253,2025/10/21 18:25,S04,M000735,store,cash,-65,0,,true
T004254,2025/10/21 21:34,S04,,store,mobile_payment,2031,0,,false
T004255,2025-10-21T17:11:00,S05,M001024,store,line_pay,270,0,,false
T004256,2025-10-21T21:01:00,S05,M001141,store,credit_card,668,117,ANNIV2025,false
T004257,2025-10-21T11:30:00,S05,M000679,store,cash,-35,0,,true
T004258,2025-10-21T15:51:00,S05,,store,credit_card,2914,0,,false
T004259,2025-10-21T09:56:00,S99,,online,cash,1305,0,,false
T004260,2025-10-22T21:24:00,S01,,store,line_pay,1280,0,,false
T004261,2025-10-22T18:59:00,S01,,store,cash,2843,127,,false
T004262,2025-10-22T21:23:00,S02,M000650,store,credit_card,175,0,,false
T004263,2025-10-22T21:51:00,S02,M001089,store,credit_card,1320,0,,false
T004264,2025-10-22T15:02:00,S02,M000023,store,credit_card,1000,0,,false
T004265,2025-10-22T15:49:00,S02,M001064,store,cash,510,0,,false
T004266,2025-10-22T17:25:00,S02,M000634,store,credit_card,430,75,ANNIV2025,false
T004267,2025-10-22T18:17:00,S02,M000363,store,mobile_payment,570,100,ANNIV2025,false
T004268,2025-10-22T17:30:00,S02,M000485,store,cash,217,38,ANNIV2025,false
T004269,2025-10-22T19:58:00,S02,,store,cash,1325,0,,false
T004270,2025-10-22T20:55:00,S03,M000165,store,mobile_payment,140,0,,false
T004271,2025-10-22T18:51:00,S03,M000660,store,credit_card,105,0,,false
T004272,2025-10-22T17:58:00,S03,,store,credit_card,2350,0,,false
T004273,2025-10-22T17:40:00,S05,M000605,store,mobile_payment,350,0,,false
T004274,2025-10-22T18:43:00,S05,M000118,store,cash,320,0,,false
T004275,2025-10-22T18:42:00,S05,M001055,store,cash,489,86,ANNIV2025,false
T004276,2025-10-22T15:31:00,S05,M000313,store,cash,170,30,ANNIV2025,false
T004277,2025-10-22T19:56:00,S06,M000527,store,cash,110,0,,false
T004278,2025-10-22T18:09:00,S06,M000753,store,line_pay,645,0,,false
T004279,2025-10-22T12:01:00,S06,M000096,store,credit_card,741,39,,false
T004280,2025-10-22T18:46:00,S06,M000071,store,credit_card,247,43,ANNIV2025,false
T004281,2025-10-22T21:21:00,S99,M000900,online,credit_card,1370,0,,false
T004282,2025-10-22T21:13:00,S99,M001029,online,cash,1130,0,,false
T004283,2025-10-22T21:59:00,S99,M000437,online,line_pay,685,120,ANNIV2025,false
T004284,2025-10-22T20:39:00,S99,M000067,online,cash,175,30,ANNIV2025,false
T004285,2025-10-23T17:23:00,S01,M000612,store,credit_card,1650,0,,false
T004286,2025-10-23T15:16:00,S01,M000798,store,credit_card,530,0,,false
T004287,2025-10-23T17:28:00,S01,M001113,store,credit_card,315,0,,false
T004288,2025-10-23T12:33:00,S01,M000339,store,credit_card,375,0,,false
T004289,2025-10-23T21:34:00,S01,M000999,store,mobile_payment,470,0,,false
T004290,2025-10-23T20:42:00,S01,M000896,store,mobile_payment,551,29,,false
T004291,2025-10-23T20:10:00,S01,M000225,store,cash,523,92,ANNIV2025,false
T004292,2025-10-23T15:04:00,S01,M000798,store,cash,192,33,ANNIV2025,false
T004293,2025-10-23T20:09:00,S02,M000560,store,credit_card,195,0,,false
T004294,2025-10-23T18:01:00,S02,M000345,store,line_pay,374,66,ANNIV2025,false
T004295,2025-10-23T18:56:00,S03,M000444,store,credit_card,165,0,,false
T004296,2025-10-23T20:52:00,S03,M000321,store,mobile_payment,195,0,,false
T004297,2025-10-23T21:34:00,S03,M000435,store,mobile_payment,1115,0,,false
T004298,2025-10-23T11:19:00,S03,M000168,store,credit_card,659,116,ANNIV2025,false
T004299,2025-10-23T20:34:00,S04,M000178,store,line_pay,1554,0,,false
T004300,2025-10-23T17:42:00,S04,M001086,store,line_pay,1659,0,,false
T004301,2025-10-23T17:31:00,S04,M000997,store,credit_card,1079,0,,false
T004302,2025-10-23T21:38:00,S04,M000586,store,line_pay,217,38,ANNIV2025,false
T004303,2025-10-23T18:29:00,S04,,store,line_pay,480,0,,false
T004304,2025-10-23T12:59:00,S05,M001068,store,mobile_payment,390,0,,false
T004305,2025-10-23T20:36:00,S05,M001044,store,credit_card,1000,0,,false
T004306,2025-10-23T17:02:00,S06,M001107,store,cash,1140,0,,false
T004307,2025-10-23T20:22:00,S06,M000171,store,cash,699,36,,false
T004308,2025-10-23T15:58:00,S06,M000316,store,line_pay,655,115,ANNIV2025,false
T004309,2025-10-23T17:26:00,S06,M000992,store,line_pay,175,30,ANNIV2025,false
T004310,2025-10-23T20:33:00,S99,M000964,online,mobile_payment,145,0,,false
T004311,2025-10-24T20:53:00,S01,M000139,store,cash,285,0,,false
T004312,2025-10-24T17:22:00,S01,M000746,store,cash,300,0,,false
T004313,2025-10-24T15:23:00,S01,M000922,store,cash,500,0,,false
T004314,2025-10-24T15:41:00,S01,M000802,store,mobile_payment,770,40,,false
T004315,2025-10-24T15:30:00,S02,M000044,store,mobile_payment,550,0,,false
T004316,2025-10-24T18:59:00,S02,M000375,store,credit_card,515,90,ANNIV2025,false
T004317,2025-10-24T19:06:00,S02,,store,credit_card,960,0,,false
T004318,2025-10-24T18:39:00,S02,,store,cash,1374,0,,false
T004319,2025-10-24T19:57:00,S03,M000799,store,line_pay,95,0,,false
T004320,2025-10-24T18:05:00,S03,M000196,store,cash,175,0,,false
T004321,2025-10-24T19:31:00,S03,M001090,store,cash,175,0,,false
T004322,2025-10-24T12:39:00,S03,M000351,store,mobile_payment,1480,0,,false
T004323,2025-10-24T19:54:00,S03,M000701,store,credit_card,338,17,,false
T004324,2025-10-24T17:16:00,S04,M000564,store,mobile_payment,1420,0,,false
T004325,2025-10-24T18:35:00,S04,M000242,store,cash,1359,0,,false
T004326,2025-10-24T18:03:00,S04,M000551,store,cash,1359,0,,false
T004327,2025-10-24T18:40:00,S04,M000719,store,line_pay,1000,0,,false
T004328,2025-10-24T15:10:00,S04,,store,credit_card,2650,0,,false
T004329,2025-10-24T19:59:00,S05,M000973,store,cash,390,0,,false
T004330,2025-10-24T19:28:00,S05,M000087,store,credit_card,400,0,,false
T004331,2025-10-24T12:54:00,S05,M000679,store,cash,320,0,,false
T004332,2025-10-24T18:01:00,S05,M000575,store,credit_card,1505,0,,false
T004333,2025-10-24T21:14:00,S05,,store,cash,1615,179,,false
T004334,2025-10-24T20:27:00,S06,M000475,store,cash,145,0,,false
T004335,2025-10-24T21:27:00,S06,M000461,store,line_pay,175,30,ANNIV2025,false
T004336,2025-10-24T19:35:00,S06,M000461,store,line_pay,260,45,ANNIV2025,false
T004337,2025/10/24 22:55,S99,M000833,online,mobile_payment,391,69,ANNIV2025,false
T004338,2025-10-24T20:53:00,S99,M000777,online,line_pay,1145,0,,false
T004339,2025-10-25T11:33:00,S01,M001074,store,mobile_payment,290,0,,false
T004340,2025-10-25T16:42:00,S01,M001136,store,cash,665,0,,false
T004341,2025-10-25T19:26:00,S01,M000429,store,credit_card,703,37,,false
T004342,2025-10-25T19:35:00,S01,M000002,store,cash,527,93,ANNIV2025,false
T004343,2025-10-25T12:46:00,S01,M000993,store,cash,515,90,ANNIV2025,false
T004344,2025-10-25T17:10:00,S01,,store,credit_card,1347,0,,false
T004345,2025-10-25T14:25:00,S02,M000651,store,credit_card,1565,0,,false
T004346,2025-10-25T17:46:00,S02,M000417,store,cash,965,0,,false
T004347,2025-10-25T19:33:00,S02,M000023,store,mobile_payment,604,106,ANNIV2025,false
T004348,2025-10-25T11:18:00,S02,,store,cash,480,0,,false
T004349,2025-10-25T12:19:00,S02,,store,cash,2511,0,,false
T004350,2025-10-25T19:17:00,S03,M001106,store,line_pay,100,0,,false
T004351,2025-10-25T12:08:00,S03,M000916,store,mobile_payment,95,0,,false
T004352,2025-10-25T15:42:00,S03,M000646,store,line_pay,195,0,,false
T004353,2025-10-25T19:11:00,S03,,store,credit_card,860,0,,false
T004354,2025-10-25T14:07:00,S03,,store,credit_card,1907,38,,false
T004355,2025-10-25T12:02:00,S04,M000710,store,cash,1479,0,,false
T004356,2025-10-25T17:04:00,S05,M000024,store,credit_card,440,0,,false
T004357,2025-10-25T12:17:00,S05,,store,cash,3565,76,,false
T004358,2025-10-25T14:31:00,S06,M000322,store,credit_card,130,0,,false
T004359,2025-10-25T11:42:00,S06,M000512,store,cash,1150,0,,false
T004360,2025-10-25T14:11:00,S06,M000461,store,cash,719,126,ANNIV2025,false
T004361,2025-10-26T19:21:00,S01,M000888,store,cash,504,26,,false
T004362,2025-10-26T20:58:00,S01,M000988,store,cash,421,74,ANNIV2025,false
T004363,2025-10-26T11:10:00,S01,M000209,store,cash,553,97,ANNIV2025,false
T004364,2025-10-26T17:34:00,S01,M001018,store,mobile_payment,136,24,ANNIV2025,false
T004365,2025-10-26T17:23:00,S01,M001105,store,line_pay,1276,0,,false
T004366,2025-10-26T17:11:00,S01,,store,credit_card,480,0,,false
T004367,2025-10-26T12:08:00,S02,M000533,store,cash,160,0,,false
T004368,2025-10-26T17:01:00,S02,M000915,store,cash,192,33,ANNIV2025,false
T004369,2025-10-26T14:29:00,S02,,store,credit_card,1280,0,,false
T004370,2025-10-26T16:07:00,S03,M001092,store,credit_card,35,0,,false
T004371,2025-10-26T12:38:00,S03,M001138,store,mobile_payment,105,0,,false
T004372,2025-10-26T16:50:00,S03,M000253,store,line_pay,35,0,,false
T004373,2025-10-26T17:59:00,S03,M000960,store,line_pay,145,0,,false
T004374,2025-10-26T11:01:00,S04,M001190,store,cash,1210,0,,false
T004375,2025-10-26T19:41:00,S04,,store,credit_card,480,0,,false
T004376,2025-10-26T19:07:00,S05,M000383,store,cash,1545,0,,false
T004377,2025-10-26T17:52:00,S05,M000505,store,credit_card,390,0,,false
T004378,2025-10-26T14:34:00,S05,M000595,store,line_pay,300,0,,false
T004379,2025-10-26T11:40:00,S05,M000745,store,credit_card,1370,0,,false
T004380,2025-10-26T14:42:00,S05,M000379,store,line_pay,527,93,ANNIV2025,false
T004381,2025-10-26T11:21:00,S05,M000970,store,line_pay,187,33,ANNIV2025,false
T004382,2025-10-26T17:13:00,S06,M000725,store,cash,190,0,,false
T004383,2025-10-26T14:09:00,S06,M001078,store,cash,376,19,,false
T004384,2025-10-26T17:59:00,S06,M001169,store,credit_card,761,134,ANNIV2025,false
T004385,2025-10-26T15:50:00,S06,M000316,store,credit_card,111,19,ANNIV2025,false
T004386,2025-10-26T20:04:00,S06,,store,cash,1724,0,,false
T004387,2025-10-26T12:57:00,S99,,online,line_pay,480,0,,false
T004388,2025/10/27 17:56,S01,M000209,store,mobile_payment,940,0,,false
T004389,2025-10-27T20:40:00,S01,M000278,store,line_pay,542,28,,false
T004390,2025-10-27T11:02:00,S01,M000912,store,credit_card,489,86,ANNIV2025,false
T004391,2025-10-27T11:44:00,S01,M000433,store,cash,557,98,ANNIV2025,false
T004392,2025/10/27 11:27,S01,M001105,store,credit_card,1408,142,,false
T004393,2025-10-27T19:03:00,S02,M000023,store,line_pay,915,0,,false
T004394,2025-10-27T18:41:00,S02,M000093,store,credit_card,560,0,,false
T004395,2025-10-27T17:38:00,S02,M000649,store,cash,523,92,ANNIV2025,false
T004396,2025-10-27T12:29:00,S03,M000721,store,cash,100,0,,false
T004397,2025-10-27T12:24:00,S03,M000478,store,cash,180,0,,false
T004398,2025-10-27T21:54:00,S03,M000830,store,credit_card,145,0,,false
T004399,2025-10-27T12:59:00,S03,M000621,store,credit_card,1420,0,,false
T004400,2025-10-27T18:49:00,S04,M000277,store,cash,820,0,,false
T004401,2025-10-27T12:52:00,S04,M000384,store,cash,1379,0,,false
T004402,2025-10-27T11:48:00,S04,M000901,store,cash,1459,0,,false
T004403,2025-10-27T17:18:00,S04,M000989,store,cash,1530,0,,false
T004404,2025-10-27T17:51:00,S05,M000674,store,cash,1540,0,,false
T004405,2025-10-27T19:20:00,S05,M000387,store,credit_card,370,0,,false
T004406,2025-10-27T21:53:00,S05,M000722,store,cash,390,0,,false
T004407,2025-10-27T17:36:00,S05,,store,credit_card,960,0,,false
T004408,2025-10-27T11:36:00,S06,M000376,store,cash,345,60,ANNIV2025,false
T004409,2025-10-27T17:24:00,S06,M000071,store,credit_card,362,63,ANNIV2025,false
T004410,2025-10-27T18:26:00,S06,M001021,store,credit_card,413,72,ANNIV2025,false
T004411,2025-10-27T18:44:00,S06,M000451,store,cash,434,76,ANNIV2025,false
T004412,2025-10-27T17:14:00,S06,,store,mobile_payment,-110,0,,true
T004413,2025-10-27T12:33:00,S99,M001196,online,line_pay,970,0,,false
T004414,2025-10-27T22:00:00,S99,M000067,online,mobile_payment,570,100,ANNIV2025,false
T004415,2025-10-27T14:36:00,S99,M000614,online,line_pay,192,33,ANNIV2025,false
T004416,2025-10-27T09:24:00,S99,M000210,online,cash,1840,0,,false
T004417,2025-10-28T20:22:00,S01,M000884,store,cash,375,0,,false
T004418,2025-10-28T18:15:00,S01,M000743,store,cash,425,0,,false
T004419,2025-10-28T19:30:00,S01,M000016,store,cash,760,40,,false
T004420,2025-10-28T17:41:00,S01,M001007,store,credit_card,204,36,ANNIV2025,false
T004421,2025-10-28T21:29:00,S01,,store,credit_card,2527,0,,false
T004422,2025-10-28T11:07:00,S02,M001006,store,line_pay,95,0,,false
T004423,2025-10-28T19:30:00,S02,M000023,store,cash,145,25,ANNIV2025,false
T004424,2025-10-28T15:15:00,S02,,store,cash,800,0,,false
T004425,2025-10-28T21:42:00,S03,M000621,store,credit_card,527,93,ANNIV2025,false
T004426,2025-10-28T19:37:00,S04,M000466,store,line_pay,1299,0,,false
T004427,2025-10-28T11:05:00,S04,M000585,store,cash,132,23,ANNIV2025,false
T004428,2025-10-28T11:21:00,S04,,store,line_pay,1327,0,,false
T004429,2025-10-28T11:10:00,S05,M000627,store,cash,390,0,,false
T004430,2025-10-28T19:12:00,S05,M000645,store,cash,270,0,,false
T004431,2025-10-28T12:30:00,S05,M000069,store,credit_card,243,42,ANNIV2025,false
T004432,2025-10-28T15:03:00,S05,,store,line_pay,1489,0,,false
T004433,2025-10-28T15:18:00,S06,M000130,store,cash,100,0,,false
T004434,2025-10-28T17:37:00,S06,M000546,store,cash,400,0,,false
T004435,2025-10-28T21:02:00,S06,M001107,store,cash,580,30,,false
T004436,2025-10-28T14:45:00,S99,M000176,online,cash,160,0,,false
T004437,2025-10-28T12:27:00,S99,M000381,online,credit_card,774,136,ANNIV2025,false
T004438,2025-10-28T20:28:00,S99,,online,cash,2154,56,,false
T004439,2025-10-29T19:43:00,S01,M000689,store,mobile_payment,65,0,,false
T004440,2025-10-29T18:45:00,S01,M000329,store,credit_card,425,0,,false
T004441,2025-10-29T20:53:00,S01,M000010,store,mobile_payment,1200,0,,false
T004442,2025-10-29T17:18:00,S01,M001018,store,cash,774,136,ANNIV2025,false
T004443,2025-10-29T15:13:00,S01,M000139,store,cash,532,93,ANNIV2025,false
T004444,2025-10-29T18:00:00,S01,M000683,store,line_pay,158,27,ANNIV2025,false
T004445,2025-10-29T12:02:00,S01,M000999,store,credit_card,183,32,ANNIV2025,false
T004446,2025-10-29T15:20:00,S02,M000336,store,credit_card,1310,0,,false
T004447,2025-10-29T21:32:00,S02,M000965,store,mobile_payment,608,32,,false
T004448,2025-10-29T19:42:00,S02,M000066,store,line_pay,383,67,ANNIV2025,false
T004449,2025-10-29T18:34:00,S04,M000257,store,credit_card,166,29,ANNIV2025,false
T004450,2025/10/29 20:10,S05,M000939,store,credit_card,440,0,,false
T004451,2025-10-29T21:22:00,S05,M001031,store,credit_card,549,96,ANNIV2025,false
T004452,2025-10-29T15:46:00,S05,M000069,store,credit_card,570,100,ANNIV2025,false
T004453,2025-10-29T20:00:00,S05,M000569,store,credit_card,765,135,ANNIV2025,false
T004454,2025-10-30T18:17:00,S01,M001147,store,line_pay,1210,0,,false
T004455,2025-10-30T19:29:00,S01,M000909,store,credit_card,1035,0,,false
T004456,2025-10-30T17:42:00,S01,M000182,store,line_pay,587,103,ANNIV2025,false
T004457,2025-10-30T20:39:00,S02,M000530,store,mobile_payment,1425,0,,false
T004458,2025-10-30T18:00:00,S02,M000600,store,line_pay,960,0,,false
T004459,2025-10-30T17:13:00,S02,,store,cash,2403,267,,false
T004460,2025-10-30T12:15:00,S03,M000458,store,credit_card,70,0,,false
T004461,2025-10-30T11:21:00,S03,M000052,store,cash,135,0,,false
T004462,2025-10-30T12:59:00,S03,M000296,store,credit_card,300,0,,false
T004463,2025-10-30T17:04:00,S03,M000524,store,credit_card,115,20,ANNIV2025,false
T004464,2025-10-30T20:20:00,S04,M000585,store,credit_card,170,30,ANNIV2025,false
T004465,2025-10-30T21:59:00,S04,M001012,store,credit_card,243,42,ANNIV2025,false
T004466,2025-10-30T19:04:00,S04,M000519,store,cash,-150,0,,true
T004467,2025-10-30T15:42:00,S04,,store,line_pay,-158,0,,true
T004468,2025-10-30T17:52:00,S05,M000709,store,credit_card,800,0,,false
T004469,2025-10-30T15:12:00,S05,M000380,store,cash,1060,0,,false
T004470,2025-10-30T15:20:00,S05,M000870,store,mobile_payment,120,0,,false
T004471,2025-10-30T15:51:00,S05,M000398,store,mobile_payment,120,0,,false
T004472,2025-10-30T19:07:00,S05,M001042,store,line_pay,390,0,,false
T004473,2025-10-30T18:26:00,S05,M000555,store,credit_card,566,29,,false
T004474,2025-10-30T15:53:00,S05,M000674,store,credit_card,765,40,,false
T004475,2025-10-30T15:07:00,S05,M000970,store,cash,226,39,ANNIV2025,false
T004476,2025-10-30T20:16:00,S05,M000051,store,credit_card,162,28,ANNIV2025,false
T004477,2025-10-30T18:00:00,S05,M000313,store,cash,170,30,ANNIV2025,false
T004478,2025-10-30T21:31:00,S99,M000049,online,cash,1170,0,,false
T004479,2025-10-30T20:16:00,S99,M001034,online,credit_card,2040,0,,false
T004480,2025-10-31T21:17:00,S01,M001105,store,cash,370,0,,false
T004481,2025-10-31T18:27:00,S01,M000550,store,cash,523,27,,false
T004482,2025-10-31T18:07:00,S01,M000612,store,credit_card,655,115,ANNIV2025,false
T004483,2025-10-31T12:00:00,S02,M000104,store,credit_card,130,0,,false
T004484,2025-10-31T20:47:00,S02,M000362,store,cash,1130,0,,false
T004485,2025-10-31T19:14:00,S02,M000485,store,credit_card,549,96,ANNIV2025,false
T004486,2025-10-31T20:23:00,S02,M001125,store,cash,663,117,ANNIV2025,false
T004487,2025-10-31T15:19:00,S02,M000245,store,credit_card,710,125,ANNIV2025,false
T004488,2025-10-31T19:07:00,S03,M000772,store,cash,1130,0,,false
T004489,2025/10/31 11:05,S03,M000168,store,line_pay,850,0,,false
T004490,2025-10-31T11:18:00,S03,M000470,store,line_pay,395,20,,false
T004491,2025-10-31T11:05:00,S04,M000834,store,line_pay,875,0,,false
T004492,2025-10-31T19:18:00,S04,M000739,store,credit_card,1460,0,,false
T004493,2025-10-31T17:48:00,S04,M000257,store,cash,693,122,ANNIV2025,false
T004494,2025-10-31T17:00:00,S04,,store,credit_card,1396,0,,false
T004495,2025-10-31T15:31:00,S05,M000281,store,credit_card,390,0,,false
T004496,2025-10-31T19:02:00,S05,M000193,store,credit_card,395,20,,false
T004497,2025-10-31T19:30:00,S05,,store,mobile_payment,1494,0,,false
T004498,2025-10-31T21:07:00,S06,M000741,store,credit_card,370,65,ANNIV2025,false
T004499,2025-10-31T14:39:00,S99,M000158,online,credit_card,621,109,ANNIV2025,false
T004500,2025-10-31T20:21:00,S99,M001081,online,cash,141,24,ANNIV2025,false
T004501,2025-10-31T20:20:00,S99,,online,cash,800,0,,false
T004502,2025-11-01T20:13:00,S01,M000858,store,credit_card,325,0,,false
T004503,2025-11-01T15:14:00,S01,M000896,store,mobile_payment,420,0,,false
T004504,2025-11-01T15:41:00,S01,M000581,store,line_pay,480,0,,false
T004505,2025-11-01T19:02:00,S01,M000522,store,credit_card,1150,0,,false
T004506,2025-11-01T15:33:00,S02,M000448,store,line_pay,860,0,,false
T004507,2025-11-01T20:02:00,S03,M000195,store,cash,140,0,,false
T004508,2025-11-01T12:30:00,S03,M000185,store,cash,165,0,,false
T004509,2025-11-01T12:57:00,S03,M000230,store,credit_card,70,0,,false
T004510,2025-11-01T11:41:00,S03,,store,line_pay,1553,27,,false
T004511,2025-11-01T15:49:00,S04,M000544,store,credit_card,1399,0,,false
T004512,2025-11-01T12:24:00,S04,M000414,store,cash,1459,0,,false
T004513,2025-11-01T17:46:00,S04,M000430,store,cash,915,0,,false
T004514,2025-11-01T20:15:00,S04,,store,line_pay,1104,0,,false
T004515,2025-11-01T15:01:00,S05,M000828,store,credit_card,390,0,,false
T004516,2025-11-01T20:32:00,S05,M000687,store,credit_card,180,0,,false
T004517,2025-11-01T17:47:00,S05,M000380,store,credit_card,-140,0,,true
T004518,2025-11-01T21:30:00,S99,M000067,online,mobile_payment,850,0,,false
T004519,2025-11-02T11:11:00,S01,,store,mobile_payment,2433,0,,false
T004520,2025-11-02T11:49:00,S02,M000805,store,line_pay,70,0,,false
T004521,2025-11-02T12:57:00,S02,,store,credit_card,2370,0,,false
T004522,2025-11-02T12:23:00,S03,M000610,store,credit_card,160,0,,false
T004523,2025-11-02T20:06:00,S03,M000358,store,cash,110,0,,false
T004524,2025-11-02T15:41:00,S03,M000677,store,line_pay,105,0,,false
T004525,2025-11-02T14:17:00,S04,M000983,store,line_pay,1474,0,,false
T004526,2025-11-02T17:32:00,S04,M001128,store,credit_card,1739,0,,false
T004527,2025/11/02 14:30,S04,M000299,store,credit_card,1379,0,,false
T004528,2025/11/02 11:58,S04,M001188,store,credit_card,895,0,,false
T004529,2025-11-02T17:44:00,S05,M000693,store,mobile_payment,380,0,,false
T004530,2025-11-02T11:03:00,S06,M000708,store,cash,175,0,,false
T004531,2025-11-03T19:50:00,S02,M001168,store,cash,100,0,,false
T004532,2025-11-03T18:28:00,S03,M000563,store,credit_card,35,0,,false
T004533,2025-11-03T15:29:00,S04,M000440,store,credit_card,800,0,,false
T004534,2025-11-03T19:49:00,S05,M000173,store,cash,385,0,,false
T004535,2025-11-03T11:45:00,S05,M000275,store,credit_card,240,0,,false
T004536,2025-11-03T15:44:00,S05,M000186,store,cash,390,0,,false
T004537,2025-11-03T18:44:00,S05,M000622,store,line_pay,295,0,,false
T004538,2025-11-03T15:55:00,S05,,store,line_pay,1545,0,,false
T004539,2025-11-03T17:50:00,S06,,store,cash,1684,0,,false
T004540,2025-11-04T12:03:00,S01,M000917,store,credit_card,1340,0,,false
T004541,2025-11-04T18:29:00,S01,M000850,store,cash,515,0,,false
T004542,2025-11-04T20:47:00,S03,M001052,store,cash,95,0,,false
T004543,2025-11-04T20:05:00,S03,M000903,store,cash,70,0,,false
T004544,2025-11-04T20:26:00,S03,M000057,store,line_pay,110,0,,false
T004545,2025-11-04T18:19:00,S03,M000887,store,cash,195,0,,false
T004546,2025-11-04T12:53:00,S03,M000823,store,line_pay,130,0,,false
T004547,2025-11-04T17:22:00,S05,M001082,store,line_pay,160,0,,false
T004548,2025-11-04T20:44:00,S05,M000357,store,cash,260,0,,false
T004549,2025-11-04T19:21:00,S05,M000628,store,cash,320,0,,false
T004550,2025-11-04T17:57:00,S06,M000594,store,cash,295,0,,false
T004551,2025-11-04T21:19:00,S06,,store,cash,1020,0,,false
T004552,2025-11-05T21:22:00,S01,M000835,store,line_pay,95,0,,false
T004553,2025-11-05T19:01:00,S01,M000836,store,credit_card,410,0,,false
T004554,2025-11-05T19:42:00,S01,M001105,store,credit_card,1369,31,,false
T004555,2025-11-05T19:15:00,S01,M000550,store,line_pay,-150,0,,true
T004556,2025-11-05T19:15:00,S02,M001039,store,line_pay,195,0,,false
T004557,2025-11-05T18:47:00,S02,M000375,store,credit_card,1020,0,,false
T004558,2025-11-05T21:20:00,S02,M000348,store,line_pay,1060,0,,false
T004559,2025/11/05 17:27,S03,M000089,store,mobile_payment,130,0,,false
T004560,2025-11-05T19:16:00,S03,M001054,store,cash,170,0,,false
T004561,2025-11-05T18:46:00,S04,M000975,store,credit_card,1359,0,,false
T004562,2025-11-05T18:28:00,S05,M000419,store,credit_card,390,0,,false
T004563,2025-11-05T15:53:00,S05,M000421,store,mobile_payment,1175,0,,false
T004564,2025-11-05T17:42:00,S05,M001042,store,credit_card,-110,0,,true
T004565,2025-11-05T12:35:00,S05,,store,cash,2847,0,,false
T004566,2025-11-05T12:21:00,S06,M000576,store,line_pay,175,0,,false
T004567,2025-11-05T21:26:00,S99,M000516,online,mobile_payment,1482,0,,false
T004568,2025-11-06T17:04:00,S01,M001073,store,credit_card,1455,0,,false
T004569,2025-11-06T12:48:00,S01,M000819,store,credit_card,1390,0,,false
T004570,2025-11-06T18:52:00,S01,,store,cash,2509,0,,false
T004571,2025-11-06T19:56:00,S02,M000363,store,line_pay,795,0,,false
T004572,2025-11-06T11:11:00,S03,M000011,store,line_pay,35,0,,false
T004573,2025-11-06T21:07:00,S03,M001023,store,cash,110,0,,false
T004574,2025-11-06T20:01:00,S03,M000937,store,cash,70,0,,false
T004575,2025-11-06T18:40:00,S03,M001160,store,cash,160,0,,false
T004576,2025-11-06T11:05:00,S04,M000070,store,cash,1170,0,,false
T004577,2025-11-06T12:32:00,S05,M000126,store,mobile_payment,440,0,,false
T004578,2025-11-06T20:49:00,S05,M000569,store,line_pay,1575,0,,false
T004579,2025-11-06T12:29:00,S06,M000886,store,cash,250,0,,false
T004580,2025-11-07T17:44:00,S01,M000963,store,credit_card,190,0,,false
T004581,2025-11-07T11:17:00,S01,M001007,store,credit_card,1340,0,,false
T004582,2025-11-07T19:03:00,S01,M000368,store,line_pay,415,0,,false
T004583,2025-11-07T18:42:00,S01,M000007,store,line_pay,415,0,,false
T004584,2025-11-07T18:20:00,S02,M000600,store,line_pay,430,0,,false
T004585,2025-11-07T20:10:00,S03,M000169,store,credit_card,130,0,,false
T004586,2025-11-07T19:22:00,S05,M000535,store,cash,265,0,,false
T004587,2025-11-07T18:25:00,S05,M000843,store,mobile_payment,780,0,,false
T004588,2025-11-07T12:13:00,S05,M000317,store,cash,485,0,,false
T004589,2025-11-07T20:14:00,S05,,store,credit_card,1007,52,,false
T004590,2025-11-07T19:49:00,S05,,store,cash,2528,0,,false
T004591,2025-11-07T12:26:00,S06,M000411,store,line_pay,860,0,,false
T004592,2025-11-07T18:31:00,S06,M000865,store,credit_card,1000,0,,false
T004593,2025-11-07T19:02:00,S06,,store,credit_card,1680,186,,false
T004594,2025/11/07 12:49,S99,M000665,online,mobile_payment,-300,0,,true
T004595,2025-11-08T14:51:00,S01,M000356,store,cash,110,0,,false
T004596,2025-11-08T20:13:00,S01,M000429,store,credit_card,355,0,,false
T004597,2025-11-08T12:45:00,S01,M001000,store,credit_card,400,0,,false
T004598,2025-11-08T15:35:00,S01,M000847,store,cash,1280,0,,false
T004599,2025-11-08T11:36:00,S01,,store,credit_card,2111,0,,false
T004600,2025-11-08T19:06:00,S01,,store,mobile_payment,1660,0,,false
T004601,2025-11-08T16:30:00,S03,M000728,store,cash,110,0,,false
T004602,2025-11-08T14:02:00,S03,M001157,store,cash,140,0,,false
T004603,2025-11-08T14:58:00,S03,M000295,store,line_pay,160,0,,false
T004604,2025-11-08T11:38:00,S03,M000168,store,cash,745,0,,false
T004605,2025-11-08T12:11:00,S05,M000312,store,credit_card,630,0,,false
T004606,2025-11-08T19:51:00,S05,M000312,store,line_pay,860,0,,false
T004607,2025-11-08T14:41:00,S06,M000171,store,line_pay,1525,0,,false
T004608,2025-11-08T20:02:00,S99,M000521,online,cash,130,0,,false
T004609,2025/11/08 22:37,S99,M000497,online,line_pay,770,0,,false
T004610,2025-11-08T09:55:00,S99,,online,credit_card,1929,0,,false
T004611,2025-11-09T20:47:00,S01,M000922,store,credit_card,-260,0,,true
T004612,2025-11-09T12:02:00,S01,,store,line_pay,1349,149,,false
T004613,2025-11-09T17:56:00,S02,M000998,store,mobile_payment,130,0,,false
T004614,2025/11/09 20:13,S02,M001010,store,line_pay,1480,0,,false
T004615,2025-11-09T14:47:00,S03,M000183,store,cash,95,0,,false
T004616,2025-11-09T20:07:00,S03,M000035,store,cash,165,0,,false
T004617,2025-11-09T20:43:00,S03,M000961,store,credit_card,160,0,,false
T004618,2025/11/09 20:43,S03,M000109,store,credit_card,130,0,,false
T004619,2025-11-09T17:02:00,S03,,store,line_pay,1970,0,,false
T004620,2025-11-09T12:16:00,S04,M001148,store,cash,1698,0,,false
T004621,2025-11-09T19:21:00,S04,,store,line_pay,4100,0,,false
T004622,2025-11-09T11:17:00,S05,M000131,store,mobile_payment,110,0,,false
T004623,2025-11-09T12:01:00,S05,M000894,store,cash,940,0,,false
T004624,2025-11-09T16:25:00,S05,M000340,store,cash,390,0,,false
T004625,2025-11-09T19:39:00,S05,M000371,store,mobile_payment,580,0,,false
T004626,2025-11-09T12:11:00,S06,M000188,store,line_pay,95,0,,false
T004627,2025-11-09T15:25:00,S06,M001043,store,line_pay,1150,0,,false
T004628,2025-11-09T14:36:00,S06,M001169,store,cash,-95,0,,true
T004629,2025-11-09T14:06:00,S06,,store,cash,1314,69,,false
T004630,2025-11-09T11:41:00,S06,,store,cash,299,0,,false
T004631,2025-11-09T21:16:00,S99,M000284,online,credit_card,390,0,,false
T004632,2025-11-10T17:03:00,S01,M000039,store,line_pay,415,0,,false
T004633,2025-11-10T20:15:00,S01,M000874,store,credit_card,1155,0,,false
T004634,2025-11-10T20:33:00,S01,M000200,store,line_pay,895,0,,false
T004635,2025-11-10T20:34:00,S01,,store,line_pay,1545,0,,false
T004636,2025-11-10T12:58:00,S02,,store,credit_card,3531,0,,false
T004637,2025/11/10 20:13,S03,M001106,store,credit_card,160,0,,false
T004638,2025-11-10T19:33:00,S03,M000748,store,credit_card,70,0,,false
T004639,2025-11-10T19:28:00,S03,,store,credit_card,2393,0,,false
T004640,2025-11-10T20:00:00,S04,M000288,store,cash,1319,0,,false
T004641,2025-11-10T18:03:00,S05,M001179,store,credit_card,95,0,,false
T004642,2025-11-10T19:33:00,S05,M000129,store,credit_card,145,0,,false
T004643,2025-11-10T19:14:00,S05,M000136,store,credit_card,95,0,,false
T004644,2025-11-10T19:52:00,S05,M000313,store,credit_card,860,0,,false
T004645,2025-11-10T12:51:00,S05,,store,credit_card,1075,30,,false
T004646,2025-11-10T19:23:00,S06,M001166,store,credit_card,480,0,,false
T004647,2025-11-10T11:25:00,S06,M000461,store,credit_card,-110,0,,true
T004648,2025-11-10T14:39:00,S99,M000632,online,cash,1180,0,,false
T004649,2025-11-11T18:00:00,S02,M000218,store,cash,130,0,,false
T004650,2025-11-11T17:31:00,S02,M000093,store,credit_card,600,0,,false
T004651,2025-11-11T20:34:00,S02,,store,credit_card,1489,78,,false
T004652,2025-11-11T11:17:00,S03,M000279,store,credit_card,70,0,,false
T004653,2025-11-11T18:05:00,S03,M000108,store,cash,130,0,,false
T004654,2025-11-11T17:58:00,S03,M001098,store,cash,35,0,,false
T004655,2025-11-11T20:24:00,S04,M000782,store,line_pay,195,0,,false
T004656,2025-11-11T18:15:00,S04,M000030,store,line_pay,1734,0,,false
T004657,2025/11/11 15:13,S04,M000147,store,cash,1139,0,,false
T004658,2025-11-11T18:21:00,S04,,store,cash,1614,43,,false
T004659,2025-11-11T20:35:00,S05,M000943,store,mobile_payment,270,0,,false
T004660,2025/11/11 12:30,S05,M000671,store,credit_card,260,0,,false
T004661,2025-11-11T19:27:00,S05,M001143,store,mobile_payment,860,0,,false
T004662,2025-11-11T21:54:00,S05,M001075,store,line_pay,420,0,,false
T004663,2025-11-12T12:57:00,S01,M000789,store,credit_card,420,0,,false
T004664,2025-11-12T15:37:00,S02,M000517,store,cash,130,0,,false
T004665,2025-11-12T15:25:00,S03,M000100,store,mobile_payment,105,0,,false
T004666,2025-11-12T18:21:00,S03,M001032,store,cash,160,0,,false
T004667,2025-11-12T19:28:00,S03,M000598,store,mobile_payment,105,0,,false
T004668,2025/11/12 21:43,S04,M000893,store,cash,1540,0,,false
T004669,2025-11-12T20:42:00,S04,,store,credit_card,2348,0,,false
T004670,2025-11-12T15:09:00,S04,,store,cash,2505,0,,false
T004671,2025-11-12T15:38:00,S05,M001109,store,line_pay,310,0,,false
T004672,2025-11-12T18:36:00,S06,M001169,store,cash,345,0,,false
T004673,2025-11-12T14:24:00,S99,M000416,online,cash,1130,0,,false
T004674,2025/11/13 18:37,S01,M001018,store,cash,340,0,,false
T004675,2025-11-13T11:45:00,S01,M001105,store,line_pay,1177,102,,false
T004676,2025-11-13T12:18:00,S01,,store,cash,2853,0,,false
T004677,2025-11-13T18:12:00,S01,,store,cash,1734,0,,false
T004678,2025-11-13T20:06:00,S02,M000259,store,credit_card,130,0,,false
T004679,2025-11-13T18:51:00,S02,M000968,store,line_pay,130,0,,false
T004680,2025-11-13T15:19:00,S02,,store,line_pay,2440,0,,false
T004681,2025-11-13T18:30:00,S03,M000562,store,mobile_payment,70,0,,false
T004682,2025-11-13T12:41:00,S04,,store,line_pay,1360,25,,false
T004683,2025-11-13T20:05:00,S05,M001024,store,line_pay,350,0,,false
T004684,2025-11-13T20:18:00,S06,M000390,store,line_pay,105,0,,false
T004685,2025-11-14T17:31:00,S01,M000370,store,line_pay,65,0,,false
T004686,2025-11-14T11:21:00,S01,M000644,store,cash,360,0,,false
T004687,2025-11-14T19:52:00,S02,M001002,store,cash,1520,0,,false
T004688,2025-11-14T12:46:00,S02,M001048,store,credit_card,910,0,,false
T004689,2025-11-14T15:27:00,S02,M000965,store,credit_card,1520,0,,false
T004690,2025-11-14T21:04:00,S02,M001064,store,credit_card,525,0,,false
T004691,2025-11-14T20:49:00,S03,M000196,store,cash,110,0,,false
T004692,2025-11-14T11:11:00,S03,M000648,store,credit_card,105,0,,false
T004693,2025-11-14T21:54:00,S03,M000602,store,credit_card,135,0,,false
T004694,2025-11-14T20:42:00,S03,M000974,store,credit_card,145,0,,false
T004695,2025-11-14T19:07:00,S03,M000877,store,cash,105,0,,false
T004696,2025-11-14T18:49:00,S03,M000453,store,cash,165,0,,false
T004697,2025-11-14T12:20:00,S03,M000808,store,cash,1180,0,,false
T004698,2025-11-14T18:02:00,S03,M000601,store,cash,275,0,,false
T004699,2025-11-14T20:20:00,S04,M000360,store,credit_card,1170,0,,false
T004700,2025-11-14T19:22:00,S05,M000566,store,credit_card,285,0,,false
T004701,2025-11-14T12:54:00,S99,M000833,online,line_pay,1410,0,,false
T004702,2025-11-15T12:59:00,S01,M000525,store,cash,320,0,,false
T004703,2025-11-15T12:07:00,S01,M001070,store,credit_card,350,0,,false
T004704,2025-11-15T16:15:00,S01,,store,cash,2086,29,,false
T004705,2025/11/15 14:34,S03,M000532,store,cash,130,0,,false
T004706,2025-11-15T14:57:00,S03,,store,cash,1290,0,,false
T004707,2025-11-15T15:29:00,S04,M000178,store,credit_card,1494,0,,false
T004708,2025-11-15T15:32:00,S04,M000242,store,cash,1319,0,,false
T004709,2025-11-15T17:22:00,S04,,store,line_pay,842,44,,false
T004710,2025-11-15T17:15:00,S04,,store,mobile_payment,1254,0,,false
T004711,2025-11-15T17:28:00,S05,M000815,store,cash,240,0,,false
T004712,2025-11-15T14:10:00,S05,,store,credit_card,2708,300,,false
T004713,2025-11-15T12:06:00,S06,M000443,store,cash,160,0,,false
T004714,2025-11-15T12:11:00,S99,M000194,online,cash,1000,0,,false
T004715,2025-11-16T11:09:00,S01,M000999,store,credit_card,485,0,,false
T004716,2025-11-16T16:52:00,S02,M000345,store,cash,720,0,,false
T004717,2025-11-16T14:15:00,S03,M000403,store,mobile_payment,140,0,,false
T004718,2025-11-16T19:58:00,S03,M000906,store,cash,35,0,,false
T004719,2025-11-16T17:49:00,S03,M000254,store,line_pay,170,0,,false
T004720,2025-11-16T16:00:00,S03,M000025,store,mobile_payment,1290,0,,false
T004721,2025-11-16T14:06:00,S04,M000466,store,line_pay,1459,0,,false
T004722,2025-11-16T20:00:00,S04,M000551,store,cash,1339,0,,false
T004723,2025-11-16T14:33:00,S04,,store,cash,1172,0,,false
T004724,2025-11-16T12:06:00,S05,M000427,store,credit_card,290,0,,false
T004725,2025-11-16T16:17:00,S05,M001100,store,line_pay,305,0,,false
T004726,2025-11-16T20:36:00,S05,M000970,store,credit_card,1210,0,,false
T004727,2025-11-16T19:39:00,S05,M000312,store,cash,500,0,,false
T004728,2025-11-16T17:04:00,S05,,store,cash,3832,0,,false
T004729,2025-11-16T11:04:00,S06,M000669,store,cash,130,0,,false
T004730,2025-11-17T12:36:00,S03,M000616,store,cash,105,0,,false
T004731,2025-11-17T17:44:00,S04,M000384,store,cash,1399,0,,false
T004732,2025-11-17T20:12:00,S04,M000060,store,credit_card,780,0,,false
T004733,2025-11-17T12:23:00,S05,M000599,store,mobile_payment,870,0,,false
T004734,2025-11-17T21:44:00,S05,M000399,store,credit_card,260,0,,false
T004735,2025-11-17T18:17:00,S05,M000050,store,line_pay,235,0,,false
T004736,2025-11-17T15:45:00,S05,M000186,store,cash,240,0,,false
T004737,2025-11-17T19:48:00,S05,M000317,store,credit_card,-110,0,,true
T004738,2025-11-17T21:27:00,S05,,store,cash,2434,0,,false
T004739,2025-11-17T20:52:00,S99,M000306,online,credit_card,160,0,,false
T004740,2025-11-17T20:25:00,S99,M001081,online,credit_card,1280,0,,false
T004741,2025-11-18T20:31:00,S01,M000367,store,line_pay,175,0,,false
T004742,2025-11-18T12:21:00,S01,M001177,store,credit_card,180,0,,false
T004743,2025-11-18T12:02:00,S01,M000895,store,cash,395,0,,false
T004744,2025-11-18T17:32:00,S01,M001189,store,credit_card,385,0,,false
T004745,2025-11-18T18:40:00,S01,M001088,store,cash,455,0,,false
T004746,2025-11-18T17:52:00,S02,M000062,store,cash,620,0,,false
T004747,2025-11-18T18:04:00,S02,,store,cash,630,0,,false
T004748,2025-11-18T18:06:00,S03,M000589,store,cash,110,0,,false
T004749,2025-11-18T19:42:00,S03,M000127,store,mobile_payment,190,0,,false
T004750,2025-11-18T17:34:00,S03,,store,cash,2320,0,,false
T004751,2025-11-18T18:00:00,S04,M001086,store,line_pay,1514,0,,false
T004752,2025-11-18T15:53:00,S04,M000777,store,credit_card,380,0,,false
T004753,2025-11-18T17:01:00,S05,M000837,store,cash,1360,0,,false
T004754,2025-11-18T21:17:00,S99,,online,mobile_payment,399,0,,false
T004755,2025-11-19T18:15:00,S01,M000413,store,credit_card,190,0,,false
T004756,2025-11-19T18:36:00,S02,M000369,store,credit_card,175,0,,false
T004757,2025-11-19T20:36:00,S02,M000811,store,mobile_payment,110,0,,false
T004758,2025-11-19T20:16:00,S02,,store,credit_card,3137,0,,false
T004759,2025-11-19T21:17:00,S03,M000488,store,cash,110,0,,false
T004760,2025-11-19T18:21:00,S03,M001145,store,mobile_payment,110,0,,false
T004761,2025-11-19T20:29:00,S03,M000620,store,cash,1190,0,,false
T004762,2025-11-19T19:06:00,S03,,store,credit_card,1745,0,,false
T004763,2025-11-19T17:52:00,S04,M000710,store,line_pay,1299,0,,false
T004764,2025-11-19T17:50:00,S04,,store,credit_card,1704,0,,false
T004765,2025-11-19T18:29:00,S05,M001146,store,line_pay,390,0,,false
T004766,2025-11-19T21:24:00,S05,M000359,store,mobile_payment,240,0,,false
T004767,2025-11-19T19:17:00,S05,M000379,store,line_pay,1400,0,,false
T004768,2025-11-19T21:05:00,S05,M001193,store,credit_card,780,0,,false
T004769,2025-11-19T20:13:00,S05,M000371,store,credit_card,740,0,,false
T004770,2025/11/19 12:38,S06,M001078,store,credit_card,1390,0,,false
T004771,2025-11-19T17:29:00,S06,M000316,store,credit_card,1425,0,,false
T004772,2025-11-19T19:17:00,S06,,store,line_pay,1430,0,,false
T004773,2025-11-19T21:39:00,S99,M001029,online,cash,1530,0,,false
T004774,2025-11-20T15:10:00,S01,M001077,store,mobile_payment,110,0,,false
T004775,2025-11-20T18:36:00,S01,M000784,store,line_pay,860,0,,false
T004776,2025-11-20T19:34:00,S01,M000156,store,credit_card,1070,0,,false
T004777,2025-11-20T15:07:00,S02,M000348,store,credit_card,690,0,,false
T004778,2025-11-20T11:57:00,S03,M000977,store,cash,70,0,,false
T004779,2025-11-20T18:40:00,S04,M000769,store,cash,1180,0,,false
T004780,2025-11-20T20:57:00,S06,M000929,store,line_pay,130,0,,false
T004781,2025-11-20T19:26:00,S06,,store,mobile_payment,1480,0,,false
T004782,2025-11-21T20:15:00,S01,,store,cash,1680,0,,false
T004783,2025-11-21T19:58:00,S02,,store,credit_card,1404,0,,false
T004784,2025-11-21T17:24:00,S03,M000199,store,credit_card,175,0,,false
T004785,2025-11-21T18:18:00,S03,M001167,store,line_pay,110,0,,false
T004786,2025-11-21T12:01:00,S03,M000463,store,credit_card,190,0,,false
T004787,2025-11-21T19:50:00,S03,M000779,store,credit_card,95,0,,false
T004788,2025-11-21T19:41:00,S05,M000286,store,credit_card,1405,0,,false
T004789,2025-11-21T18:47:00,S05,M000047,store,line_pay,240,0,,false
T004790,2025/11/21 20:26,S05,M000852,store,cash,320,0,,false
T004791,2025-11-21T19:34:00,S06,,store,line_pay,480,0,,false
T004792,2025-11-22T20:36:00,S01,M001189,store,mobile_payment,-65,0,,true
T004793,2025-11-22T11:03:00,S03,M000238,store,cash,110,0,,false
T004794,2025-11-22T17:58:00,S03,M000547,store,mobile_payment,145,0,,false
T004795,2025/11/22 20:36,S03,M000717,store,cash,175,0,,false
T004796,2025-11-22T15:01:00,S04,M000492,store,line_pay,160,0,,false
T004797,2025-11-22T12:48:00,S04,M000053,store,mobile_payment,1359,0,,false
T004798,2025-11-22T15:36:00,S04,,store,credit_card,1720,0,,false
T004799,2025-11-22T15:44:00,S06,M001015,store,credit_card,100,0,,false
T004800,2025-11-22T17:35:00,S06,M000091,store,line_pay,815,0,,false
T004801,2025-11-22T09:05:00,S99,M000065,online,cash,940,0,,false
T004802,2025-11-23T17:12:00,S01,M000225,store,cash,485,0,,false
T004803,2025-11-23T12:24:00,S01,M000723,store,credit_card,490,0,,false
T004804,2025-11-23T16:32:00,S01,M001008,store,cash,415,0,,false
T004805,2025-11-23T12:03:00,S01,M000209,store,line_pay,620,0,,false
T004806,2025-11-23T11:16:00,S01,,store,credit_card,1634,159,,false
T004807,2025-11-23T14:06:00,S03,M000378,store,cash,70,0,,false
T004808,2025-11-23T20:43:00,S03,M001065,store,credit_card,35,0,,false
T004809,2025-11-23T19:14:00,S03,M000982,store,credit_card,170,0,,false
T004810,2025-11-23T20:34:00,S03,,store,credit_card,1177,0,,false
T004811,2025-11-23T16:24:00,S03,,store,cash,1860,0,,false
T004812,2025-11-23T17:39:00,S04,M000373,store,credit_card,1320,0,,false
T004813,2025-11-23T17:45:00,S05,M000643,store,line_pay,905,0,,false
T004814,2025-11-23T11:23:00,S05,M000145,store,cash,1085,0,,false
T004815,2025-11-23T14:59:00,S05,,store,credit_card,2901,0,,false
T004816,2025-11-23T17:11:00,S06,M000580,store,mobile_payment,720,0,,false
T004817,2025-11-24T15:44:00,S01,M001014,store,line_pay,385,0,,false
T004818,2025-11-24T18:40:00,S01,M001074,store,credit_card,440,0,,false
T004819,2025-11-24T18:19:00,S02,M000573,store,line_pay,175,0,,false
T004820,2025-11-24T11:21:00,S02,M000448,store,credit_card,725,0,,false
T004821,2025-11-24T15:31:00,S02,,store,cash,800,0,,false
T004822,2025-11-24T12:50:00,S03,M000406,store,credit_card,105,0,,false
T004823,2025-11-24T20:58:00,S03,M000052,store,cash,165,0,,false
T004824,2025-11-24T19:57:00,S03,M001071,store,credit_card,180,0,,false
T004825,2025-11-24T18:13:00,S03,M000009,store,cash,145,0,,false
T004826,2025-11-24T21:51:00,S03,M000190,store,credit_card,105,0,,false
T004827,2025-11-24T17:37:00,S04,M000299,store,credit_card,1514,0,,false
T004828,2025-11-24T15:54:00,S04,M000299,store,credit_card,860,0,,false
T004829,2025-11-24T12:46:00,S04,,store,line_pay,2072,0,,false
T004830,2025/11/24 19:27,S04,,store,line_pay,2574,0,,false
T004831,2025-11-24T21:58:00,S06,M000439,store,cash,95,0,,false
T004832,2025-11-24T22:57:00,S99,M001062,online,cash,625,0,,false
T004833,2025-11-25T18:50:00,S01,M000506,store,credit_card,135,0,,false
T004834,2025-11-25T17:51:00,S01,M001018,store,line_pay,1390,0,,false
T004835,2025-11-25T19:50:00,S02,,store,line_pay,3853,252,,false
T004836,2025-11-25T17:42:00,S03,M000995,store,mobile_payment,35,0,,false
T004837,2025-11-25T18:14:00,S03,M000757,store,credit_card,130,0,,false
T004838,2025-11-25T12:52:00,S03,,store,line_pay,1018,0,,false
T004839,2025-11-25T21:49:00,S04,M000414,store,mobile_payment,1254,0,,false
T004840,2025-11-25T20:24:00,S04,,store,cash,764,0,,false
T004841,2025-11-25T21:41:00,S05,M000137,store,cash,65,0,,false
T004842,2025-11-25T21:04:00,S05,M000619,store,line_pay,240,0,,false
T004843,2025-11-25T20:29:00,S05,M001159,store,cash,390,0,,false
T004844,2025-11-25T18:53:00,S05,M001111,store,credit_card,984,0,,false
T004845,2025-11-26T19:07:00,S01,M000491,store,mobile_payment,405,0,,false
T004846,2025-11-26T21:48:00,S02,M000705,store,cash,95,0,,false
T004847,2025-11-26T18:25:00,S02,M000691,store,cash,105,0,,false
T004848,2025-11-26T12:39:00,S02,M000345,store,credit_card,415,0,,false
T004849,2025-11-26T20:06:00,S03,M001003,store,cash,35,0,,false
T004850,2025-11-26T17:35:00,S04,M000983,store,cash,1179,0,,false
T004851,2025-11-26T11:23:00,S04,M000975,store,line_pay,1319,0,,false
T004852,2025/11/26 18:19,S04,M001128,store,cash,1214,0,,false
T004853,2025-11-26T20:06:00,S04,M000030,store,credit_card,1139,0,,false
T004854,2025-11-26T19:27:00,S04,,store,credit_card,2076,0,,false
T004855,2025-11-26T21:29:00,S05,M000872,store,credit_card,235,0,,false
T004856,2025-11-26T20:55:00,S05,M000148,store,cash,390,0,,false
T004857,2025-11-26T18:19:00,S05,M000337,store,line_pay,120,0,,false
T004858,2025-11-26T21:18:00,S99,M000265,online,cash,905,0,,false
T004859,2025-11-26T21:18:00,S99,M000068,online,line_pay,915,0,,false
T004860,2025-11-27T15:08:00,S01,M000329,store,credit_card,425,0,,false
T004861,2025-11-27T12:30:00,S01,M001000,store,mobile_payment,375,0,,false
T004862,2025-11-27T21:09:00,S01,M000139,store,cash,425,0,,false
T004863,2025-11-27T21:17:00,S01,M000947,store,cash,335,0,,false
T004864,2025-11-27T19:23:00,S01,,store,cash,1809,0,,false
T004865,2025-11-27T17:14:00,S03,M000081,store,line_pay,180,0,,false
T004866,2025-11-27T20:12:00,S04,M000544,store,line_pay,1379,0,,false
T004867,2025-11-27T20:12:00,S04,M000553,store,line_pay,1580,0,,false
T004868,2025-11-27T15:37:00,S05,M000386,store,credit_card,450,0,,false
T004869,2025-11-27T11:36:00,S06,M001170,store,credit_card,925,0,,false
T004870,2025-11-27T21:40:00,S99,M001135,online,cash,165,0,,false
T004871,2025-11-27T21:59:00,S99,M000341,online,cash,1530,0,,false
T004872,2025-11-27T09:15:00,S99,M000632,online,mobile_payment,910,0,,false
T004873,2025-11-28T20:28:00,S01,M000016,store,mobile_payment,330,0,,false
T004874,2025-11-28T12:21:00,S01,M000941,store,mobile_payment,1165,0,,false
T004875,2025-11-28T15:21:00,S01,,store,cash,1547,0,,false
T004876,2025-11-28T15:57:00,S01,,store,mobile_payment,1826,0,,false
T004877,2025-11-28T12:20:00,S03,M000579,store,line_pay,175,0,,false
T004878,2025-11-28T19:49:00,S03,M000444,store,cash,65,0,,false
T004879,2025-11-28T15:44:00,S03,M000660,store,cash,70,0,,false
T004880,2025-11-28T19:28:00,S03,M000996,store,cash,105,0,,false
T004881,2025-11-28T15:42:00,S03,M000295,store,cash,165,0,,false
T004882,2025-11-28T20:47:00,S03,M000452,store,cash,130,0,,false
T004883,2025-11-28T21:56:00,S04,M000277,store,cash,780,0,,false
T004884,2025-11-28T19:49:00,S05,M001102,store,line_pay,1480,0,,false
T004885,2025-11-28T17:47:00,S05,M000934,store,credit_card,300,0,,false
T004886,2025-11-28T17:17:00,S05,,store,credit_card,1101,0,,false
T004887,2025-11-28T12:06:00,S99,,online,line_pay,860,0,,false
T004888,2025-11-29T14:10:00,S01,M000746,store,credit_card,465,0,,false
T004889,2025-11-29T20:13:00,S02,M001125,store,credit_card,1005,0,,false
T004890,2025-11-29T16:41:00,S02,M000467,store,cash,1090,0,,false
T004891,2025-11-29T20:52:00,S03,M000031,store,line_pay,110,0,,false
T004892,2025-11-29T15:40:00,S03,,store,cash,2660,0,,false
T004893,2025-11-29T11:12:00,S04,M001036,store,credit_card,175,0,,false
T004894,2025-11-29T20:37:00,S04,M000885,store,mobile_payment,1059,0,,false
T004895,2025-11-29T14:15:00,S04,M001020,store,credit_card,1025,0,,false
T004896,2025-11-29T14:17:00,S05,M000504,store,line_pay,290,0,,false
T004897,2025-11-29T12:49:00,S05,M001140,store,cash,240,0,,false
T004898,2025-11-29T15:56:00,S05,,store,line_pay,1406,122,,false
T004899,2025-11-29T16:28:00,S05,,store,credit_card,1598,0,,false
T004900,2025-11-29T12:48:00,S06,M000346,store,line_pay,165,0,,false
T004901,2025-11-29T17:45:00,S06,M000083,store,cash,890,0,,false
T004902,2025-11-30T19:03:00,S01,M000229,store,credit_card,110,0,,false
T004903,2025/11/30 14:53,S01,M000685,store,credit_card,1425,0,,false
T004904,2025-11-30T12:20:00,S01,M000850,store,cash,620,0,,false
T004905,2025-11-30T14:32:00,S01,,store,line_pay,960,0,,false
T004906,2025-11-30T17:57:00,S01,,store,credit_card,1371,0,,false
T004907,2025-11-30T20:59:00,S01,,store,cash,2144,0,,false
T004908,2025-11-30T19:43:00,S02,,store,cash,2405,0,,false
T004909,2025-11-30T19:36:00,S03,M000106,store,cash,165,0,,false
T004910,2025-11-30T15:28:00,S04,M000360,store,cash,-320,0,,true
T004911,2025-11-30T16:25:00,S04,,store,line_pay,2787,0,,false
T004912,2025-11-30T15:19:00,S05,M000702,store,cash,350,0,,false
T004913,2025-11-30T12:00:00,S06,M000750,store,line_pay,175,0,,false
T004914,2025-11-30T20:48:00,S06,M000255,store,cash,170,0,,false
T004915,2025-11-30T19:04:00,S06,M000865,store,line_pay,900,0,,false
T004916,2025-12-01T20:21:00,S01,M000356,store,credit_card,130,0,,false
T004917,2025-12-01T21:48:00,S01,M000612,store,line_pay,1655,0,,false
T004918,2025-12-01T17:02:00,S01,M000898,store,cash,395,0,,false
T004919,2025-12-01T19:35:00,S01,,store,cash,800,0,,false
T004920,2025/12/01 12:13,S03,M000344,store,cash,70,0,,false
T004921,2025-12-01T18:01:00,S03,M000165,store,mobile_payment,95,0,,false
T004922,2025-12-01T20:57:00,S03,M000786,store,credit_card,35,0,,false
T004923,2025-12-01T19:59:00,S03,M000592,store,line_pay,100,0,,false
T004924,2025-12-01T15:39:00,S04,M001148,store,credit_card,1579,0,,false
T004925,2025-12-01T19:31:00,S04,M000288,store,credit_card,1359,0,,false
T004926,2025-12-01T20:31:00,S04,M001178,store,credit_card,505,0,,false
T004927,2025-12-01T11:57:00,S04,M000008,store,credit_card,360,0,,false
T004928,2025-12-01T17:56:00,S06,M000633,store,credit_card,650,0,,false
T004929,2025-12-01T12:41:00,S99,M000812,online,credit_card,100,0,,false
T004930,2025-12-01T14:22:00,S99,M000372,online,credit_card,160,0,,false
T004931,2025-12-01T14:04:00,S99,,online,line_pay,1975,0,,false
T004932,2025-12-02T20:43:00,S02,M000282,store,cash,1525,0,,false
T004933,2025-12-02T18:15:00,S03,M001095,store,cash,175,0,,false
T004934,2025-12-02T15:19:00,S03,M000253,store,credit_card,180,0,,false
T004935,2025-12-02T21:14:00,S04,M000288,store,cash,635,0,,false
T004936,2025-12-02T21:08:00,S04,M000248,store,cash,1390,0,,false
T004937,2025-12-02T15:14:00,S04,M000271,store,cash,380,0,,false
T004938,2025-12-02T20:43:00,S05,M000674,store,credit_card,840,0,,false
T004939,2025-12-02T21:40:00,S05,M000479,store,mobile_payment,440,0,,false
T004940,2025-12-02T21:42:00,S05,M001103,store,cash,850,0,,false
T004941,2025-12-02T17:48:00,S05,M000193,store,line_pay,1240,0,,false
T004942,2025-12-02T17:40:00,S05,M000879,store,cash,1490,0,,false
T004943,2025/12/02 20:31,S06,M000125,store,credit_card,1290,0,,false
T004944,2025-12-03T15:31:00,S01,M000889,store,mobile_payment,110,0,,false
T004945,2025-12-03T11:46:00,S01,M000273,store,credit_card,375,0,,false
T004946,2025-12-03T18:25:00,S01,M000763,store,credit_card,570,0,,false
T004947,2025-12-03T19:15:00,S01,,store,credit_card,960,0,,false
T004948,2025-12-03T20:59:00,S02,M000417,store,cash,960,0,,false
T004949,2025-12-03T12:24:00,S03,M000465,store,mobile_payment,105,0,,false
T004950,2025/12/03 21:09,S03,M000256,store,mobile_payment,35,0,,false
T004951,2025/12/03 19:28,S03,M001059,store,credit_card,840,0,,false
T004952,2025-12-03T21:37:00,S03,,store,credit_card,960,0,,false
T004953,2025-12-03T18:17:00,S04,M000519,store,credit_card,1385,0,,false
T004954,2025-12-03T11:46:00,S04,M000466,store,credit_card,1399,0,,false
T004955,2025-12-03T20:26:00,S04,M000030,store,line_pay,1339,0,,false
T004956,2025-12-03T19:39:00,S05,M000940,store,line_pay,360,0,,false
T004957,2025-12-03T18:07:00,S05,,store,line_pay,-620,0,,true
T004958,2025-12-03T18:28:00,S06,M000041,store,cash,1280,0,,false
T004959,2025-12-04T19:17:00,S01,M000459,store,cash,1000,0,,false
T004960,2025-12-04T17:06:00,S01,,store,credit_card,1220,0,,false
T004961,2025/12/04 11:10,S02,M000318,store,credit_card,130,0,,false
T004962,2025-12-04T12:53:00,S02,M000537,store,line_pay,165,0,,false
T004963,2025-12-04T19:33:00,S02,M000112,store,cash,405,0,,false
T004964,2025-12-04T12:25:00,S03,M001052,store,credit_card,35,0,,false
T004965,2025-12-04T19:39:00,S03,M001092,store,credit_card,65,0,,false
T004966,2025-12-04T12:04:00,S03,M000513,store,cash,95,0,,false
T004967,2025-12-04T11:15:00,S03,M000487,store,cash,35,0,,false
T004968,2025-12-04T19:57:00,S04,M000178,store,mobile_payment,800,0,,false
T004969,2025-12-04T21:46:00,S04,M000242,store,credit_card,1534,0,,false
T004970,2025-12-04T17:41:00,S04,M000911,store,cash,540,0,,false
T004971,2025-12-04T17:55:00,S04,,store,cash,3125,0,,false
T004972,2025-12-04T15:16:00,S05,M000656,store,credit_card,290,0,,false
T004973,2025-12-04T17:20:00,S05,M000661,store,cash,310,0,,false
T004974,2025/12/04 19:11,S05,M000117,store,credit_card,1000,0,,false
T004975,2025-12-04T19:30:00,S06,,store,line_pay,1009,0,,false
T004976,2025-12-05T11:27:00,S01,M001113,store,line_pay,450,0,,false
T004977,2025-12-05T17:12:00,S01,M000912,store,line_pay,390,0,,false
T004978,2025-12-05T15:25:00,S01,M000577,store,credit_card,1020,0,,false
T004979,2025-12-05T18:08:00,S01,M000888,store,credit_card,1055,0,,false
T004980,2025-12-05T11:49:00,S03,M000086,store,mobile_payment,70,0,,false
T004981,2025-12-05T20:42:00,S03,M000185,store,line_pay,175,0,,false
T004982,2025-12-05T11:27:00,S03,M000658,store,mobile_payment,100,0,,false
T004983,2025-12-05T20:04:00,S04,M000178,store,credit_card,1274,0,,false
T004984,2025-12-05T12:35:00,S04,,store,credit_card,1555,0,,false
T004985,2025-12-05T12:38:00,S04,,store,credit_card,179,0,,false
T004986,2025-12-05T18:19:00,S05,M000327,store,credit_card,390,0,,false
T004987,2025-12-05T19:48:00,S05,,store,mobile_payment,1634,0,,false
T004988,2025-12-06T14:07:00,S01,M001073,store,mobile_payment,1080,0,,false
T004989,2025-12-06T17:55:00,S01,M000884,store,cash,345,0,,false
T004990,2025-12-06T15:47:00,S01,M000002,store,credit_card,435,0,,false
T004991,2025-12-06T12:38:00,S01,M000707,store,credit_card,420,0,,false
T004992,2025-12-06T19:47:00,S01,M001105,store,mobile_payment,1717,190,,false
T004993,2025-12-06T14:22:00,S01,,store,cash,860,0,,false
T004994,2025-12-06T11:28:00,S02,M000289,store,cash,1030,0,,false
T004995,2025-12-06T14:43:00,S03,M001163,store,cash,130,0,,false
T004996,2025-12-06T19:12:00,S03,M000887,store,cash,165,0,,false
T004997,2025-12-06T14:15:00,S03,M000394,store,cash,70,0,,false
T004998,2025-12-06T16:05:00,S03,M001172,store,line_pay,175,0,,false
T004999,2025-12-06T12:50:00,S03,M000471,store,line_pay,1010,0,,false
T005000,2025-12-06T16:43:00,S05,M001057,store,credit_card,440,0,,false
T005001,2025-12-06T20:23:00,S99,,online,credit_card,1280,0,,false
T005002,2025-12-07T15:32:00,S01,M000429,store,mobile_payment,445,0,,false
T005003,2025-12-07T20:41:00,S01,M000103,store,cash,1100,0,,false
T005004,2025-12-07T15:13:00,S01,M000947,store,line_pay,1260,0,,false
T005005,2025-12-07T15:24:00,S01,M000160,store,cash,1120,0,,false
T005006,2025-12-07T17:15:00,S01,,store,line_pay,960,0,,false
T005007,2025-12-07T19:03:00,S02,M000950,store,cash,135,0,,false
T005008,2025-12-07T14:38:00,S03,M000962,store,cash,95,0,,false
T005009,2025-12-07T14:17:00,S03,M000913,store,mobile_payment,35,0,,false
T005010,2025-12-07T17:33:00,S03,M000447,store,cash,130,0,,false
T005011,2025-12-07T14:30:00,S03,M000174,store,credit_card,170,0,,false
T005012,2025/12/07 19:29,S03,M000097,store,cash,165,0,,false
T005013,2025-12-07T14:20:00,S03,,store,cash,1391,0,,false
T005014,2025-12-07T19:34:00,S04,M000531,store,credit_card,165,0,,false
T005015,2025-12-07T11:15:00,S04,M001086,store,credit_card,1654,0,,false
T005016,2025-12-07T20:14:00,S04,M000551,store,cash,1718,0,,false
T005017,2025-12-07T14:44:00,S04,,store,credit_card,1779,93,,false
T005018,2025-12-07T15:26:00,S05,M000493,store,line_pay,95,0,,false
T005019,2025-12-07T14:41:00,S05,M001122,store,credit_card,300,0,,false
T005020,2025-12-07T16:53:00,S05,M000679,store,credit_card,390,0,,false
T005021,2025-12-07T14:19:00,S05,,store,line_pay,900,0,,false
T005022,2025-12-07T11:46:00,S05,,store,credit_card,2778,72,,false
T005023,2025-12-07T12:37:00,S05,,store,cash,2189,0,,false
T005024,2025-12-07T12:26:00,S05,,store,line_pay,962,43,,false
T005025,2025-12-07T16:40:00,S06,M000402,store,credit_card,145,0,,false
T005026,2025-12-07T17:08:00,S06,M000130,store,cash,140,0,,false
T005027,2025-12-07T19:59:00,S06,M000038,store,cash,265,0,,false
T005028,2025-12-07T21:00:00,S99,,online,credit_card,2213,0,,false
T005029,2025-12-08T20:07:00,S01,M001171,store,credit_card,1350,0,,false
T005030,2025-12-08T19:42:00,S01,,store,cash,480,0,,false
T005031,2025-12-08T21:05:00,S01,,store,cash,960,0,,false
T005032,2025-12-08T12:54:00,S03,M000140,store,line_pay,100,0,,false
T005033,2025-12-08T20:58:00,S03,M000199,store,credit_card,110,0,,false
T005034,2025-12-08T11:33:00,S03,M000221,store,credit_card,70,0,,false
T005035,2025-12-08T11:15:00,S03,M000830,store,line_pay,70,0,,false
T005036,2025-12-08T12:49:00,S03,M000583,store,line_pay,165,0,,false
T005037,2025/12/08 20:06,S04,M001066,store,credit_card,975,0,,false
T005038,2025-12-08T21:42:00,S04,,store,cash,1280,0,,false
T005039,2025-12-08T15:15:00,S05,,store,cash,1117,38,,false
T005040,2025-12-08T12:40:00,S06,M000990,store,cash,1100,0,,false
T005041,2025-12-08T19:46:00,S06,,store,credit_card,1085,0,,false
T005042,2025-12-08T19:09:00,S06,,store,line_pay,-160,0,,true
T005043,2025-12-09T12:38:00,S01,M001018,store,cash,710,0,,false
T005044,2025-12-09T15:27:00,S01,M001067,store,credit_card,770,0,,false
T005045,2025-12-09T17:19:00,S01,M000216,store,cash,1190,0,,false
T005046,2025-12-09T18:48:00,S01,M000629,store,cash,860,0,,false
T005047,2025-12-09T20:33:00,S01,,store,line_pay,638,0,,false
T005048,2025-12-09T20:31:00,S02,M000336,store,cash,1015,0,,false
T005049,2025-12-09T12:46:00,S03,M001023,store,mobile_payment,105,0,,false
T005050,2025-12-09T20:27:00,S04,M000710,store,credit_card,1699,0,,false
T005051,2025-12-09T12:36:00,S04,M000384,store,mobile_payment,1214,0,,false
T005052,2025-12-09T20:11:00,S04,,store,line_pay,1400,0,,false
T005053,2025-12-09T17:06:00,S05,M000333,store,credit_card,255,0,,false
T005054,2025-12-09T19:00:00,S06,M000984,store,cash,1580,0,,false
T005055,2025-12-09T19:32:00,S06,M000330,store,credit_card,605,0,,false
T005056,2025-12-09T09:46:00,S99,M000863,online,credit_card,1155,0,,false
T005057,2025-12-10T20:26:00,S02,M000670,store,cash,1210,0,,false
T005058,2025-12-10T19:27:00,S02,M000624,store,credit_card,665,0,,false
T005059,2025-12-10T12:20:00,S02,M000005,store,line_pay,1280,0,,false
T005060,2025-12-10T17:18:00,S03,M000105,store,line_pay,145,0,,false
T005061,2025-12-10T18:48:00,S03,M000849,store,cash,70,0,,false
T005062,2025-12-10T20:59:00,S04,M000053,store,cash,1234,0,,false
T005063,2025-12-10T17:21:00,S04,M000551,store,mobile_payment,700,0,,false
T005064,2025-12-10T20:58:00,S04,M000410,store,cash,1460,0,,false
T005065,2025-12-10T18:39:00,S05,M000290,store,credit_card,270,0,,false
T005066,2025-12-10T12:09:00,S05,M001068,store,line_pay,320,0,,false
T005067,2025-12-10T12:45:00,S05,M000839,store,mobile_payment,900,0,,false
T005068,2025-12-10T20:15:00,S06,M000364,store,cash,545,0,,false
T005069,2025-12-10T21:26:00,S99,M000603,online,mobile_payment,95,0,,false
T005070,2025-12-10T12:37:00,S99,M001081,online,credit_card,1090,0,,false
T005071,2025-12-10T09:29:00,S99,M000787,online,credit_card,380,0,,false
T005072,2025-12-11T18:56:00,S01,M000795,store,cash,515,0,,false
T005073,2025-12-11T20:26:00,S01,M000428,store,line_pay,365,0,,false
T005074,2025-12-11T11:14:00,S01,M001028,store,line_pay,1360,0,,false
T005075,2025-12-11T17:42:00,S01,M000881,store,cash,560,0,,false
T005076,2025-12-11T18:17:00,S01,M000713,store,mobile_payment,800,0,,false
T005077,2025-12-11T19:14:00,S01,M000236,store,line_pay,720,0,,false
T005078,2025-12-11T15:49:00,S02,M000854,store,credit_card,130,0,,false
T005079,2025-12-11T18:55:00,S03,M000470,store,mobile_payment,1310,0,,false
T005080,2025-12-11T15:51:00,S04,M000564,store,cash,910,0,,false
T005081,2025-12-11T17:27:00,S04,M000242,store,cash,1020,0,,false
T005082,2025-12-11T18:01:00,S04,M000561,store,cash,1300,0,,false
T005083,2025-12-11T20:08:00,S04,M000891,store,credit_card,990,0,,false
T005084,2025/12/11 19:59,S04,,store,line_pay,-158,0,,true
T005085,2025-12-11T20:01:00,S05,M000605,store,cash,120,0,,false
T005086,2025-12-11T20:35:00,S05,M000505,store,cash,320,0,,false
T005087,2025-12-12T12:07:00,S01,M000339,store,cash,320,0,,false
T005088,2025-12-12T20:31:00,S01,M000781,store,credit_card,355,0,,false
T005089,2025-12-12T17:10:00,S01,M000780,store,cash,645,0,,false
T005090,2025-12-12T18:22:00,S01,,store,credit_card,800,0,,false
T005091,2025-12-12T20:47:00,S02,,store,credit_card,1675,88,,false
T005092,2025-12-12T12:52:00,S03,M000032,store,cash,170,0,,false
T005093,2025-12-12T12:07:00,S03,M001157,store,credit_card,105,0,,false
T005094,2025-12-12T18:38:00,S03,M001138,store,credit_card,130,0,,false
T005095,2025-12-12T18:43:00,S04,M000657,store,cash,800,0,,false
T005096,2025-12-12T15:21:00,S04,,store,credit_card,1631,0,,false
T005097,2025-12-12T20:59:00,S05,M000075,store,cash,1150,0,,false
T005098,2025-12-12T15:22:00,S06,M000810,store,credit_card,110,0,,false
T005099,2025-12-12T11:34:00,S06,M000607,store,cash,1180,0,,false
T005100,2025-12-12T12:05:00,S99,M000232,online,cash,530,0,,false
T005101,2025-12-13T14:09:00,S01,M000836,store,credit_card,365,0,,false
T005102,2025-12-13T16:54:00,S01,M000332,store,cash,1390,0,,false
T005103,2025-12-13T15:55:00,S01,,store,line_pay,800,0,,false
T005104,2025-12-13T11:25:00,S03,M000458,store,cash,165,0,,false
T005105,2025-12-13T17:41:00,S03,M000235,store,line_pay,70,0,,false
T005106,2025-12-13T17:53:00,S03,M000078,store,cash,165,0,,false
T005107,2025-12-13T11:57:00,S03,M000960,store,credit_card,110,0,,false
T005108,2025-12-13T14:16:00,S03,M000435,store,line_pay,1235,0,,false
T005109,2025-12-13T20:50:00,S03,,store,cash,2208,0,,false
T005110,2025-12-13T16:49:00,S04,M000249,store,cash,895,0,,false
T005111,2025-12-13T20:55:00,S04,M001187,store,cash,1045,0,,false
T005112,2025-12-13T12:23:00,S04,M000366,store,cash,410,0,,false
T005113,2025-12-13T20:59:00,S05,M000709,store,cash,1505,0,,false
T005114,2025-12-13T14:18:00,S05,M000973,store,line_pay,295,0,,false
T005115,2025-12-13T16:35:00,S05,M000387,store,line_pay,355,0,,false
T005116,2025-12-13T15:35:00,S05,M000938,store,credit_card,120,0,,false
T005117,2025/12/13 19:30,S05,M000595,store,cash,330,0,,false
T005118,2025-12-13T21:08:00,S99,M000270,online,cash,1280,0,,false
T005119,2025-12-13T12:34:00,S99,M001097,online,credit_card,1832,0,,false
T005120,2025-12-14T14:39:00,S01,M000408,store,credit_card,110,0,,false
T005121,2025-12-14T20:59:00,S01,M000858,store,cash,345,0,,false
T005122,2025-12-14T15:29:00,S02,M000054,store,cash,110,0,,false
T005123,2025-12-14T20:25:00,S02,M000347,store,credit_card,110,0,,false
T005124,2025-12-14T16:32:00,S03,M000616,store,cash,165,0,,false
T005125,2025-12-14T12:37:00,S03,M001090,store,cash,35,0,,false
T005126,2025-12-14T15:33:00,S04,M000414,store,credit_card,1459,0,,false
T005127,2025-12-14T20:20:00,S04,M001126,store,line_pay,990,0,,false
T005128,2025-12-14T11:33:00,S04,M000735,store,line_pay,1260,0,,false
T005129,2025-12-14T15:51:00,S04,M000055,store,line_pay,1035,0,,false
T005130,2025-12-14T14:55:00,S04,M000586,store,credit_card,510,0,,false
T005131,2025-12-14T20:43:00,S04,M000777,store,cash,425,0,,false
T005132,2025-12-14T15:59:00,S04,,store,credit_card,274,0,,false
T005133,2025-12-14T12:17:00,S05,M000118,store,line_pay,260,0,,false
T005134,2025-12-14T20:20:00,S99,,online,cash,800,0,,false
T005135,2025-12-15T18:20:00,S01,,store,cash,1280,0,,false
T005136,2025-12-15T20:35:00,S01,,store,credit_card,480,0,,false
T005137,2025-12-15T17:19:00,S01,,store,cash,531,0,,false
T005138,2025-12-15T20:46:00,S03,M000344,store,cash,130,0,,false
T005139,2025-12-15T15:24:00,S03,M000927,store,credit_card,70,0,,false
T005140,2025-12-15T19:57:00,S03,M000162,store,credit_card,175,0,,false
T005141,2025-12-15T21:07:00,S03,M000701,store,credit_card,310,0,,false
T005142,2025-12-15T18:28:00,S04,M001128,store,line_pay,1454,0,,false
T005143,2025-12-15T11:54:00,S05,M001042,store,mobile_payment,260,0,,false
T005144,2025-12-16T20:05:00,S01,M000955,store,credit_card,175,0,,false
T005145,2025-12-16T20:14:00,S01,M000354,store,credit_card,400,0,,false
T005146,2025-12-16T12:58:00,S01,,store,mobile_payment,1280,0,,false
T005147,2025-12-16T12:53:00,S01,,store,credit_card,960,0,,false
T005148,2025-12-16T21:53:00,S01,,store,cash,1380,0,,false
T005149,2025-12-16T12:32:00,S02,M001087,store,cash,105,0,,false
T005150,2025-12-16T11:23:00,S02,M000184,store,line_pay,860,0,,false
T005151,2025-12-16T15:28:00,S02,M001089,store,cash,1215,0,,false
T005152,2025-12-16T21:35:00,S02,,store,line_pay,480,0,,false
T005153,2025-12-16T20:21:00,S03,M000804,store,credit_card,95,0,,false
T005154,2025-12-16T20:02:00,S04,M000197,store,cash,1090,0,,false
T005155,2025-12-16T21:44:00,S04,M000778,store,cash,1040,0,,false
T005156,2025-12-16T11:49:00,S04,,store,cash,1280,0,,false
T005157,2025-12-16T21:36:00,S05,M000380,store,credit_card,920,0,,false
T005158,2025-12-17T17:40:00,S01,M000917,store,cash,1190,0,,false
T005159,2025-12-17T18:14:00,S01,,store,line_pay,1280,0,,false
T005160,2025-12-17T15:04:00,S02,M000469,store,line_pay,95,0,,false
T005161,2025-12-17T12:44:00,S03,M000721,store,line_pay,160,0,,false
T005162,2025-12-17T18:04:00,S03,M000141,store,cash,65,0,,false
T005163,2025-12-17T11:24:00,S03,M000167,store,line_pay,130,0,,false
T005164,2025-12-17T20:00:00,S03,M000520,store,line_pay,105,0,,false
T005165,2025-12-17T18:51:00,S03,M000877,store,credit_card,130,0,,false
T005166,2025-12-17T12:25:00,S04,M000440,store,line_pay,885,0,,false
T005167,2025-12-17T19:47:00,S04,M000983,store,line_pay,1418,0,,false
T005168,2025-12-17T12:52:00,S04,M000299,store,credit_card,1439,0,,false
T005169,2025-12-17T11:22:00,S04,M000053,store,cash,-395,0,,true
T005170,2025-12-17T11:16:00,S05,,store,cash,1719,86,,false
T005171,2025-12-17T15:32:00,S06,M000845,store,cash,100,0,,false
T005172,2025-12-18T15:17:00,S01,M000298,store,mobile_payment,195,0,,false
T005173,2025-12-18T18:00:00,S01,M000781,store,credit_card,770,0,,false
T005174,2025-12-18T17:10:00,S01,,store,credit_card,789,0,,false
T005175,2025-12-18T20:50:00,S02,M000651,store,credit_card,1385,0,,false
T005176,2025-12-18T19:24:00,S02,M000375,store,cash,945,0,,false
T005177,2025-12-18T15:49:00,S02,,store,credit_card,2096,0,,false
T005178,2025-12-18T17:34:00,S02,,store,cash,-79,0,,true
T005179,2025-12-18T17:13:00,S03,M001050,store,credit_card,170,0,,false
T005180,2025-12-18T20:57:00,S03,M000230,store,mobile_payment,175,0,,false
T005181,2025-12-18T12:18:00,S04,M000543,store,line_pay,1065,0,,false
T005182,2025-12-18T12:59:00,S04,M001016,store,mobile_payment,1274,0,,false
T005183,2025-12-18T19:45:00,S05,M000972,store,cash,110,0,,false
T005184,2025-12-18T21:10:00,S05,M000939,store,credit_card,400,0,,false
T005185,2025-12-18T17:37:00,S05,M000870,store,line_pay,290,0,,false
T005186,2025-12-18T20:38:00,S05,M000828,store,credit_card,440,0,,false
T005187,2025-12-18T15:05:00,S05,M000693,store,line_pay,290,0,,false
T005188,2025-12-18T19:23:00,S06,M001200,store,cash,930,0,,false
T005189,2025-12-18T11:53:00,S06,M000747,store,mobile_payment,965,0,,false
T005190,2025-12-19T18:25:00,S01,M001083,store,cash,145,0,,false
T005191,2025-12-19T12:43:00,S01,M000796,store,cash,815,0,,false
T005192,2025-12-19T11:56:00,S01,,store,cash,2925,0,,false
T005193,2025-12-19T19:04:00,S02,M000968,store,mobile_payment,105,0,,false
T005194,2025-12-19T18:03:00,S03,M001046,store,mobile_payment,105,0,,false
T005195,2025-12-19T20:10:00,S03,M000146,store,cash,160,0,,false
T005196,2025-12-19T15:37:00,S03,M000991,store,cash,160,0,,false
T005197,2025-12-19T20:02:00,S03,M000279,store,cash,105,0,,false
T005198,2025-12-19T20:17:00,S03,M001059,store,credit_card,1350,0,,false
T005199,2025-12-19T15:59:00,S03,M000287,store,line_pay,890,0,,false
T005200,2025-12-19T11:28:00,S04,M000412,store,cash,110,0,,false
T005201,2025-12-19T18:32:00,S04,M000975,store,credit_card,1494,0,,false
T005202,2025-12-19T21:33:00,S04,M000288,store,cash,1438,0,,false
T005203,2025-12-19T19:18:00,S04,M000834,store,credit_card,1360,0,,false
T005204,2025-12-19T18:14:00,S05,M000036,store,cash,95,0,,false
T005205,2025-12-19T11:54:00,S05,M000398,store,cash,230,0,,false
T005206,2025-12-19T18:32:00,S05,M000087,store,line_pay,390,0,,false
T005207,2025-12-19T17:08:00,S05,M000251,store,cash,1224,0,,false
T005208,2025-12-19T20:31:00,S05,,store,credit_card,2015,0,,false
T005209,2025-12-19T19:35:00,S05,,store,mobile_payment,-94,0,,true
T005210,2025-12-19T17:11:00,S06,M000876,store,cash,1280,0,,false
T005211,2025-12-19T18:05:00,S06,M000948,store,line_pay,1050,0,,false
T005212,2025-12-19T11:35:00,S06,M000607,store,credit_card,750,0,,false
T005213,2025-12-20T17:04:00,S01,M000591,store,mobile_payment,1300,0,,false
T005214,2025-12-20T20:02:00,S01,,store,credit_card,1380,0,,false
T005215,2025-12-20T20:02:00,S01,,store,cash,960,0,,false
T005216,2025-12-20T20:00:00,S01,,store,line_pay,1340,0,,false
T005217,2025-12-20T20:45:00,S02,M000921,store,cash,145,0,,false
T005218,2025-12-20T16:22:00,S02,M000875,store,credit_card,1000,0,,false
T005219,2025-12-20T17:22:00,S02,M000213,store,cash,480,0,,false
T005220,2025-12-20T14:02:00,S02,M000023,store,credit_card,755,0,,false
T005221,2025-12-20T15:37:00,S03,M000962,store,credit_card,175,0,,false
T005222,2025-12-20T14:21:00,S03,M000090,store,cash,70,0,,false
T005223,2025-12-20T14:53:00,S03,M000589,store,cash,100,0,,false
T005224,2025-12-20T11:00:00,S03,M000308,store,cash,70,0,,false
T005225,2025-12-20T15:33:00,S03,M000109,store,cash,110,0,,false
T005226,2025-12-20T19:32:00,S04,M000242,store,credit_card,1159,0,,false
T005227,2025-12-20T15:24:00,S04,M000544,store,line_pay,1519,0,,false
T005228,2025-12-20T11:25:00,S05,M000383,store,cash,1480,0,,false
T005229,2025/12/20 16:56,S05,,store,credit_card,2503,0,,false
T005230,2025-12-20T15:27:00,S06,M000527,store,cash,110,0,,false
T005231,2025-12-20T11:16:00,S06,M000617,store,cash,145,0,,false
T005232,2025-12-20T17:44:00,S06,M000132,store,cash,1340,0,,false
T005233,2025-12-20T09:09:00,S99,M000829,online,credit_card,145,0,,false
T005234,2025-12-20T22:42:00,S99,M000897,online,credit_card,540,0,,false
T005235,2025-12-20T12:17:00,S99,M000777,online,line_pay,655,0,,false
T005236,2025-12-20T20:56:00,S99,,online,line_pay,1790,25,,false
T005237,2025-12-20T14:39:00,S99,,online,line_pay,890,0,,false
T005238,2025-12-21T15:25:00,S01,M000525,store,credit_card,475,0,,false
T005239,2025-12-21T20:46:00,S01,,store,cash,960,0,,false
T005240,2025-12-21T20:42:00,S02,M000328,store,mobile_payment,160,0,,false
T005241,2025-12-21T14:56:00,S03,M000177,store,cash,105,0,,false
T005242,2025-12-21T15:31:00,S03,M001157,store,cash,110,0,,false
T005243,2025-12-21T15:37:00,S03,,store,cash,2569,0,,false
T005244,2025-12-21T15:33:00,S04,M000752,store,credit_card,1280,0,,false
T005245,2025-12-21T15:32:00,S04,M001080,store,cash,1300,0,,false
T005246,2025-12-21T12:12:00,S04,M000769,store,cash,1510,0,,false
T005247,2025-12-21T14:42:00,S04,,store,cash,800,0,,false
T005248,2025-12-21T19:40:00,S04,,store,credit_card,1667,0,,false
T005249,2025-12-21T14:12:00,S05,M000704,store,credit_card,390,0,,false
T005250,2025-12-21T11:57:00,S05,M000281,store,line_pay,290,0,,false
T005251,2025-12-21T16:28:00,S05,,store,line_pay,3064,0,,false
T005252,2025-12-21T14:58:00,S06,,store,cash,960,0,,false
T005253,2025-12-21T14:11:00,S99,M000833,online,cash,1220,0,,false
T005254,2025-12-21T09:01:00,S99,,online,line_pay,1280,0,,false
T005255,2025-12-22T19:51:00,S01,M000072,store,credit_card,400,0,,false
T005256,2025-12-22T21:34:00,S02,M000157,store,credit_card,160,0,,false
T005257,2025-12-22T12:40:00,S02,M000806,store,credit_card,110,0,,false
T005258,2025-12-22T20:15:00,S02,M000928,store,cash,425,0,,false
T005259,2025-12-22T17:07:00,S02,,store,cash,960,0,,false
T005260,2025-12-22T20:36:00,S02,,store,cash,2289,0,,false
T005261,2025/12/22 18:28,S02,,store,line_pay,1195,0,,false
T005262,2025-12-22T12:09:00,S03,M000196,store,credit_card,175,0,,false
T005263,2025-12-22T15:39:00,S03,M000626,store,credit_card,160,0,,false
T005264,2025-12-22T17:44:00,S03,M000961,store,mobile_payment,160,0,,false
T005265,2025-12-22T18:25:00,S03,M000351,store,cash,1290,0,,false
T005266,2025-12-22T17:14:00,S03,M000472,store,credit_card,480,0,,false
T005267,2025-12-22T21:00:00,S03,M000233,store,mobile_payment,1430,0,,false
T005268,2025-12-22T12:04:00,S03,,store,cash,1340,0,,false
T005269,2025-12-22T15:35:00,S05,M000379,store,credit_card,1445,0,,false
T005270,2025-12-22T11:24:00,S05,M000371,store,mobile_payment,645,0,,false
T005271,2025-12-22T19:45:00,S06,,store,mobile_payment,960,0,,false
T005272,2025-12-22T09:41:00,S99,M000381,online,line_pay,1010,0,,false
T005273,2025-12-22T12:31:00,S99,M000865,online,line_pay,1935,0,,false
T005274,2025-12-22T20:32:00,S99,,online,line_pay,1308,0,,false
T005275,2025-12-23T21:21:00,S01,M000798,store,cash,415,0,,false
T005276,2025-12-23T17:39:00,S01,M000567,store,cash,990,0,,false
T005277,2025-12-23T18:38:00,S01,M001132,store,cash,1325,0,,false
T005278,2025-12-23T12:09:00,S01,,store,line_pay,800,0,,false
T005279,2025-12-23T19:53:00,S02,M000243,store,mobile_payment,160,0,,false
T005280,2025-12-23T12:36:00,S02,M001002,store,credit_card,1395,0,,false
T005281,2025-12-23T20:28:00,S02,,store,credit_card,2560,90,,false
T005282,2025-12-23T20:56:00,S03,M000609,store,cash,130,0,,false
T005283,2025-12-23T20:24:00,S03,M000598,store,credit_card,130,0,,false
T005284,2025-12-23T12:10:00,S03,M000610,store,cash,105,0,,false
T005285,2025-12-23T17:22:00,S03,,store,credit_card,2862,0,,false
T005286,2025-12-23T15:26:00,S04,M000551,store,credit_card,1658,0,,false
T005287,2025-12-23T20:49:00,S04,M000269,store,credit_card,1240,0,,false
T005288,2025-12-23T15:01:00,S04,M000431,store,credit_card,1300,0,,false
T005289,2025-12-23T19:54:00,S04,M000239,store,cash,1050,0,,false
T005290,2025-12-23T18:40:00,S04,M000055,store,line_pay,-150,0,,true
T005291,2025/12/23 17:17,S05,M000722,store,line_pay,150,0,,false
T005292,2025-12-23T19:14:00,S05,M000275,store,credit_card,390,0,,false
T005293,2025-12-23T21:58:00,S05,M000623,store,cash,270,0,,false
T005294,2025-12-23T19:01:00,S05,,store,credit_card,-130,0,,true
T005295,2025-12-23T21:38:00,S06,M001078,store,line_pay,1610,0,,false
T005296,2025-12-24T12:12:00,S01,M000999,store,credit_card,350,0,,false
T005297,2025-12-24T18:01:00,S01,M000755,store,cash,870,0,,false
T005298,2025-12-24T12:25:00,S01,M000819,store,mobile_payment,1025,0,,false
T005299,2025-12-24T18:46:00,S01,,store,cash,480,0,,false
T005300,2025-12-24T11:03:00,S01,,store,cash,1431,0,,false
T005301,2025-12-24T21:01:00,S02,,store,cash,861,0,,false
T005302,2025-12-24T18:17:00,S03,M000052,store,cash,190,0,,false
T005303,2025-12-24T18:58:00,S03,M000646,store,credit_card,35,0,,false
T005304,2025-12-24T20:08:00,S03,M001160,store,credit_card,180,0,,false
T005305,2025-12-24T19:29:00,S03,,store,line_pay,221,19,,false
T005306,2025-12-24T21:34:00,S04,M000178,store,credit_card,1519,0,,false
T005307,2025-12-24T17:30:00,S04,M000466,store,mobile_payment,1359,0,,false
T005308,2025-12-24T11:39:00,S04,M000820,store,cash,1100,0,,false
T005309,2025-12-24T17:13:00,S05,M000627,store,line_pay,245,0,,false
T005310,2025-12-24T20:55:00,S05,M000687,store,line_pay,265,0,,false
T005311,2025-12-24T11:30:00,S05,M000419,store,credit_card,260,0,,false
T005312,2025-12-24T12:20:00,S99,M000212,online,cash,1070,0,,false
T005313,2025-12-24T22:34:00,S99,,online,credit_card,-320,0,,true
T005314,2025-12-25T21:55:00,S01,M000329,store,line_pay,440,0,,false
T005315,2025-12-25T12:43:00,S01,M000128,store,credit_card,1110,0,,false
T005316,2025-12-25T18:51:00,S01,M001156,store,cash,1305,0,,false
T005317,2025-12-25T17:17:00,S01,M000215,store,cash,950,0,,false
T005318,2025-12-25T19:00:00,S01,,store,credit_card,800,0,,false
T005319,2025-12-25T18:00:00,S02,,store,credit_card,1848,0,,false
T005320,2025-12-25T11:14:00,S03,M000183,store,line_pay,180,0,,false
T005321,2025-12-25T12:15:00,S03,M000563,store,cash,105,0,,false
T005322,2025-12-25T11:01:00,S03,M000974,store,cash,105,0,,false
T005323,2025-12-25T19:46:00,S03,M000247,store,mobile_payment,920,0,,false
T005324,2025-12-25T12:05:00,S03,,store,line_pay,1889,0,,false
T005325,2025-12-25T19:30:00,S03,,store,line_pay,2153,0,,false
T005326,2025-12-25T12:34:00,S04,M000030,store,cash,1599,0,,false
T005327,2025-12-25T11:46:00,S04,M000910,store,credit_card,1390,0,,false
T005328,2025-12-25T20:57:00,S05,M000024,store,credit_card,270,0,,false
T005329,2025-12-25T12:42:00,S05,M000387,store,line_pay,300,0,,false
T005330,2025-12-25T17:35:00,S05,M000628,store,credit_card,320,0,,false
T005331,2025-12-25T12:29:00,S05,M000180,store,credit_card,890,0,,false
T005332,2025-12-25T20:51:00,S05,,store,mobile_payment,1717,93,,false
T005333,2025-12-25T18:36:00,S05,,store,credit_card,1945,0,,false
T005334,2025-12-25T20:26:00,S06,,store,cash,800,0,,false
T005335,2025-12-25T18:22:00,S06,,store,credit_card,1909,166,,false
T005336,2025-12-26T18:49:00,S01,,store,mobile_payment,960,0,,false
T005337,2025-12-26T12:11:00,S01,,store,mobile_payment,480,0,,false
T005338,2025-12-26T15:52:00,S01,,store,line_pay,2038,0,,false
T005339,2025-12-26T21:15:00,S02,,store,cash,2964,0,,false
T005340,2025-12-26T19:53:00,S02,,store,line_pay,1436,0,,false
T005341,2025-12-26T17:45:00,S03,M000035,store,line_pay,135,0,,false
T005342,2025-12-26T20:19:00,S03,M000203,store,credit_card,165,0,,false
T005343,2025-12-26T15:32:00,S03,M000463,store,credit_card,35,0,,false
T005344,2025-12-26T19:51:00,S03,M000009,store,cash,110,0,,false
T005345,2025-12-26T17:18:00,S03,M000923,store,credit_card,965,0,,false
T005346,2025-12-26T19:40:00,S04,M001148,store,mobile_payment,1339,0,,false
T005347,2025-12-26T15:00:00,S04,M000647,store,line_pay,859,0,,false
T005348,2025-12-26T19:03:00,S04,M000586,store,cash,680,0,,false
T005349,2025-12-26T19:33:00,S05,M000704,store,mobile_payment,380,0,,false
T005350,2025-12-26T17:55:00,S05,M000119,store,cash,-110,0,,true
T005351,2025-12-26T20:40:00,S05,,store,credit_card,1718,0,,false
T005352,2025-12-26T15:44:00,S06,M000461,store,credit_card,1400,0,,false
T005353,2025-12-27T15:11:00,S01,M000895,store,credit_card,525,0,,false
T005354,2025-12-27T16:37:00,S01,M000201,store,credit_card,385,0,,false
T005355,2025-12-27T12:30:00,S01,M000209,store,cash,1100,0,,false
T005356,2025-12-27T16:41:00,S01,,store,mobile_payment,480,0,,false
T005357,2025/12/27 20:38,S02,M000066,store,line_pay,745,0,,false
T005358,2025-12-27T20:04:00,S02,M000409,store,credit_card,550,0,,false
T005359,2025-12-27T11:44:00,S02,,store,mobile_payment,3991,0,,false
T005360,2025-12-27T11:32:00,S03,M000496,store,line_pay,175,0,,false
T005361,2025-12-27T20:17:00,S03,M001017,store,cash,775,0,,false
T005362,2025-12-27T17:53:00,S04,M000349,store,credit_card,1320,0,,false
T005363,2025-12-27T15:50:00,S04,M000438,store,cash,1440,0,,false
T005364,2025-12-27T16:15:00,S04,M001027,store,line_pay,650,0,,false
T005365,2025-12-27T19:02:00,S05,M000535,store,credit_card,150,0,,false
T005366,2025-12-27T20:30:00,S05,,store,cash,480,0,,false
T005367,2025-12-27T19:16:00,S05,,store,credit_card,1949,0,,false
T005368,2025/12/28 19:08,S01,M001014,store,credit_card,400,0,,false
T005369,2025-12-28T16:11:00,S01,M000881,store,credit_card,1160,0,,false
T005370,2025/12/28 15:13,S01,M000734,store,credit_card,375,0,,false
T005371,2025-12-28T16:10:00,S01,,store,line_pay,960,0,,false
T005372,2025-12-28T12:00:00,S02,M001072,store,cash,750,0,,false
T005373,2025-12-28T16:18:00,S03,M001032,store,credit_card,110,0,,false
T005374,2025-12-28T12:29:00,S03,M000169,store,line_pay,70,0,,false
T005375,2025-12-28T12:54:00,S04,M000710,store,line_pay,1279,0,,false
T005376,2025-12-28T15:42:00,S04,M000288,store,credit_card,1300,0,,false
T005377,2025-12-28T19:31:00,S04,M000384,store,cash,1399,0,,false
T005378,2025-12-28T17:20:00,S05,M000173,store,line_pay,240,0,,false
T005379,2025-12-28T15:32:00,S05,M000944,store,line_pay,390,0,,false
T005380,2025-12-28T17:57:00,S05,M000352,store,cash,1260,0,,false
T005381,2025-12-28T17:47:00,S05,,store,credit_card,1801,0,,false
T005382,2025-12-28T20:32:00,S06,M000316,store,mobile_payment,875,0,,false
T005383,2025-12-28T11:22:00,S06,,store,cash,1229,0,,false
T005384,2025-12-29T17:34:00,S01,M001074,store,cash,310,0,,false
T005385,2025-12-29T12:04:00,S01,M000896,store,credit_card,500,0,,false
T005386,2025-12-29T19:33:00,S01,M001088,store,line_pay,365,0,,false
T005387,2025-12-29T21:27:00,S02,M000705,store,line_pay,95,0,,false
T005388,2025-12-29T21:35:00,S02,M001048,store,cash,1405,0,,false
T005389,2025-12-29T17:30:00,S02,M000801,store,mobile_payment,710,0,,false
T005390,2025-12-29T18:57:00,S02,,store,credit_card,940,0,,false
T005391,2025-12-29T15:07:00,S03,M000057,store,cash,35,0,,false
T005392,2025-12-29T21:52:00,S03,M000916,store,cash,35,0,,false
T005393,2025-12-29T18:03:00,S03,M000701,store,cash,990,0,,false
T005394,2025-12-29T12:25:00,S04,M000271,store,cash,660,0,,false
T005395,2025-12-29T20:56:00,S05,M000894,store,credit_card,860,0,,false
T005396,2025-12-29T12:56:00,S05,M000111,store,line_pay,1237,0,,false
T005397,2025-12-29T21:26:00,S05,M000069,store,line_pay,1100,0,,false
T005398,2025-12-29T19:58:00,S05,,store,credit_card,2796,0,,false
T005399,2025-12-29T20:50:00,S99,M001108,online,credit_card,410,0,,false
T005400,2025-12-29T21:20:00,S99,,online,credit_card,800,0,,false
T005401,2025-12-30T18:06:00,S01,M000850,store,cash,1050,0,,false
T005402,2025-12-30T12:42:00,S02,M000259,store,cash,100,0,,false
T005403,2025-12-30T20:36:00,S02,M000533,store,credit_card,175,0,,false
T005404,2025-12-30T11:28:00,S04,M001086,store,line_pay,1439,0,,false
T005405,2025-12-30T19:26:00,S04,M000070,store,credit_card,1420,0,,false
T005406,2025-12-30T21:32:00,S04,M000271,store,cash,1670,0,,false
T005407,2025-12-30T18:59:00,S05,M000050,store,credit_card,290,0,,false
T005408,2025-12-30T19:10:00,S05,M000645,store,mobile_payment,350,0,,false
T005409,2025-12-30T17:19:00,S05,M000340,store,cash,440,0,,false
T005410,2025-12-30T18:33:00,S05,,store,cash,1280,0,,false
T005411,2025-12-30T15:02:00,S06,M000594,store,cash,360,0,,false
T005412,2025-12-30T19:26:00,S06,M000207,store,credit_card,1120,0,,false
T005413,2025-12-30T14:11:00,S99,M000176,online,line_pay,175,0,,false
T005414,2025/12/30 22:59,S99,M001029,online,cash,1265,0,,false
T005415,2025-12-31T19:24:00,S01,M000098,store,cash,710,0,,false
T005416,2025-12-31T19:40:00,S02,M000549,store,credit_card,170,0,,false
T005417,2025-12-31T11:42:00,S02,M000998,store,credit_card,100,0,,false
T005418,2025-12-31T21:10:00,S02,M000227,store,cash,715,0,,false
T005419,2025-12-31T21:08:00,S02,M000093,store,mobile_payment,970,0,,false
T005420,2025-12-31T15:18:00,S02,M000404,store,line_pay,705,0,,false
T005421,2025-12-31T17:49:00,S03,M000799,store,mobile_payment,175,0,,false
T005422,2025-12-31T21:49:00,S03,M000108,store,credit_card,110,0,,false
T005423,2025-12-31T15:22:00,S03,M001098,store,line_pay,95,0,,false
T005424,2025-12-31T18:10:00,S03,M000319,store,line_pay,140,0,,false
T005425,2025-12-31T21:18:00,S03,M000358,store,cash,175,0,,false
T005426,2025-12-31T12:07:00,S03,M001134,store,credit_card,250,0,,false
T005427,2025-12-31T19:14:00,S05,M000313,store,line_pay,1015,0,,false
T005428,2025/12/31 21:14,S05,M000399,store,cash,270,0,,false
T005429,2025-12-31T21:01:00,S05,M000565,store,credit_card,1480,0,,false
T005430,2025-12-31T19:39:00,S05,,store,cash,960,0,,false
T005431,2025-12-31T11:44:00,S06,,store,mobile_payment,480,0,,false
T005432,2025-12-31T19:02:00,S06,,store,credit_card,1320,69,,false
T005433,2025-12-31T20:20:00,S99,M001097,online,credit_card,-320,0,,true
T005434,2026-01-01T12:15:00,S01,M001007,store,line_pay,835,0,,false
T005435,2026-01-01T20:54:00,S01,M000010,store,cash,1285,0,,false
T005436,2026-01-01T18:47:00,S01,,store,mobile_payment,2070,0,,false
T005437,2026-01-01T17:24:00,S01,,store,credit_card,2640,0,,false
T005438,2026-01-01T20:14:00,S02,M001162,store,credit_card,885,0,,false
T005439,2026-01-01T20:12:00,S03,M000903,store,credit_card,130,0,,false
T005440,2026-01-01T18:58:00,S03,M000823,store,line_pay,145,0,,false
T005441,2026-01-01T21:15:00,S03,M000677,store,mobile_payment,105,0,,false
T005442,2026-01-01T11:03:00,S04,M000053,store,credit_card,1159,0,,false
T005443,2026/01/01 17:40,S05,M000024,store,cash,150,0,,false
T005444,2026-01-01T15:20:00,S05,M000815,store,credit_card,270,0,,false
T005445,2026-01-01T21:27:00,S99,M000964,online,cash,130,0,,false
T005446,2026-01-01T20:28:00,S99,M000737,online,cash,130,0,,false
T005447,2026-01-01T21:56:00,S99,M000198,online,credit_card,990,0,,false
T005448,2026-01-01T22:25:00,S99,M000232,online,cash,990,0,,false
T005449,2026-01-02T17:40:00,S01,M000367,store,cash,160,0,,false
T005450,2026-01-02T17:07:00,S01,M000192,store,credit_card,380,0,,false
T005451,2026-01-02T18:45:00,S01,,store,line_pay,1280,0,,false
T005452,2026-01-02T15:50:00,S01,,store,line_pay,1680,0,,false
T005453,2026-01-02T12:29:00,S02,M001144,store,line_pay,130,0,,false
T005454,2026-01-02T12:18:00,S02,M000994,store,credit_card,100,0,,false
T005455,2026-01-02T19:48:00,S02,M000066,store,cash,800,0,,false
T005456,2026-01-02T21:16:00,S02,,store,cash,2293,0,,false
T005457,2026-01-02T15:54:00,S02,,store,cash,1875,0,,false
T005458,2026-01-02T21:06:00,S03,M000547,store,cash,110,0,,false
T005459,2026-01-02T20:18:00,S03,,store,credit_card,2229,0,,false
T005460,2026-01-02T12:36:00,S03,,store,credit_card,1600,0,,false
T005461,2026-01-02T17:57:00,S04,M000771,store,line_pay,175,0,,false
T005462,2026-01-02T11:45:00,S04,M000544,store,cash,855,0,,false
T005463,2026-01-02T12:05:00,S04,M000414,store,cash,1359,0,,false
T005464,2026-01-02T20:50:00,S04,,store,credit_card,2523,36,,false
T005465,2026-01-02T19:39:00,S04,,store,mobile_payment,1912,0,,false
T005466,2026-01-02T12:16:00,S06,M001176,store,cash,160,0,,false
T005467,2026-01-02T20:29:00,S06,M000263,store,credit_card,1345,0,,false
T005468,2026-01-03T12:52:00,S01,M000743,store,credit_card,415,0,,false
T005469,2026-01-03T14:47:00,S01,M000522,store,line_pay,1275,0,,false
T005470,2026-01-03T16:05:00,S01,M000046,store,credit_card,899,0,,false
T005471,2026-01-03T19:31:00,S01,M000029,store,cash,1055,0,,false
T005472,2026-01-03T11:14:00,S02,M000650,store,credit_card,165,0,,false
T005473,2026-01-03T14:25:00,S02,M000980,store,line_pay,1405,0,,false
T005474,2026-01-03T15:52:00,S02,M000282,store,mobile_payment,1015,0,,false
T005475,2026-01-03T19:00:00,S02,M001130,store,cash,565,0,,false
T005476,2026-01-03T12:32:00,S02,M000044,store,cash,930,0,,false
T005477,2026-01-03T16:53:00,S02,M000915,store,credit_card,525,0,,false
T005478,2026-01-03T11:05:00,S03,M000579,store,cash,70,0,,false
T005479,2026-01-03T17:20:00,S03,M000982,store,mobile_payment,160,0,,false
T005480,2026-01-03T14:46:00,S03,M000887,store,cash,165,0,,false
T005481,2026-01-03T11:53:00,S03,M000937,store,cash,110,0,,false
T005482,2026-01-03T12:55:00,S04,M000519,store,credit_card,1555,0,,false
T005483,2026-01-03T16:09:00,S04,M000859,store,credit_card,1260,0,,false
T005484,2026-01-03T14:44:00,S05,M000566,store,line_pay,235,0,,false
T005485,2026-01-03T16:28:00,S06,M000091,store,credit_card,885,0,,false
T005486,2026-01-03T11:15:00,S06,M000411,store,mobile_payment,505,0,,false
T005487,2026-01-03T20:22:00,S06,M000292,store,credit_card,370,0,,false
T005488,2026-01-03T16:22:00,S06,,store,credit_card,1316,0,,false
T005489,2026-01-03T20:17:00,S99,M000416,online,credit_card,1265,0,,false
T005490,2026-01-03T20:43:00,S99,,online,mobile_payment,260,0,,false
T005491,2026-01-04T12:16:00,S01,M000559,store,cash,340,0,,false
T005492,2026-01-04T20:38:00,S02,M000245,store,line_pay,835,0,,false
T005493,2026-01-04T20:36:00,S02,,store,credit_card,-120,0,,true
T005494,2026-01-04T17:46:00,S03,M000230,store,credit_card,35,0,,false
T005495,2026-01-04T12:58:00,S04,M000983,store,cash,1534,0,,false
T005496,2026-01-04T17:24:00,S04,M000288,store,cash,1494,0,,false
T005497,2026-01-04T19:10:00,S04,M000681,store,cash,800,0,,false
T005498,2026-01-04T14:29:00,S05,M001146,store,line_pay,120,0,,false
T005499,2026-01-04T17:30:00,S05,M001024,store,line_pay,240,0,,false
T005500,2026-01-04T17:56:00,S05,M000645,store,cash,440,0,,false
T005501,2026-01-04T20:10:00,S05,M000186,store,credit_card,270,0,,false
T005502,2026-01-04T11:24:00,S05,M000126,store,cash,320,0,,false
T005503,2026-01-04T16:34:00,S05,,store,line_pay,1954,217,,false
T005504,2026-01-04T12:24:00,S06,M000767,store,mobile_payment,110,0,,false
T005505,2026-01-04T12:02:00,S06,M000446,store,credit_card,195,0,,false
T005506,2026-01-04T12:15:00,S99,M000809,online,cash,70,0,,false
T005507,2026-01-04T14:59:00,S99,M000665,online,cash,1110,0,,false
T005508,2026-01-04T22:07:00,S99,M000232,online,mobile_payment,675,0,,false
T005509,2026-01-05T12:40:00,S01,M000059,store,credit_card,350,0,,false
T005510,2026-01-05T17:08:00,S02,M000392,store,line_pay,190,0,,false
T005511,2026-01-05T17:57:00,S03,M000478,store,cash,100,0,,false
T005512,2026-01-05T12:16:00,S03,M000453,store,cash,110,0,,false
T005513,2026-01-05T12:05:00,S03,,store,line_pay,1751,0,,false
T005514,2026-01-05T20:04:00,S03,,store,cash,2150,0,,false
T005515,2026-01-05T19:26:00,S04,M000149,store,credit_card,840,0,,false
T005516,2026-01-05T20:04:00,S04,M000739,store,credit_card,1159,0,,false
T005517,2026-01-05T19:43:00,S04,M000248,store,mobile_payment,1320,0,,false
T005518,2026/01/05 17:55,S05,M000357,store,line_pay,390,0,,false
T005519,2026-01-05T15:18:00,S06,M000753,store,mobile_payment,505,0,,false
T005520,2026-01-05T19:49:00,S06,,store,mobile_payment,1931,0,,false
T005521,2026-01-05T09:32:00,S99,M000170,online,mobile_payment,190,0,,false
T005522,2026-01-06T19:14:00,S01,M000291,store,credit_card,180,0,,false
T005523,2026-01-06T19:18:00,S02,M000218,store,credit_card,135,0,,false
T005524,2026-01-06T21:18:00,S02,M000928,store,line_pay,990,0,,false
T005525,2026-01-06T15:39:00,S02,,store,cash,1827,0,,false
T005526,2026-01-06T18:42:00,S03,M001153,store,cash,165,0,,false
T005527,2026-01-06T19:03:00,S03,M000256,store,mobile_payment,35,0,,false
T005528,2026-01-06T19:21:00,S03,M001054,store,credit_card,160,0,,false
T005529,2026-01-06T18:03:00,S04,M000975,store,cash,1319,0,,false
T005530,2026-01-06T11:57:00,S04,M001128,store,credit_card,1339,0,,false
T005531,2026-01-06T17:05:00,S04,M000299,store,credit_card,1659,0,,false
T005532,2026-01-06T15:55:00,S04,M000414,store,mobile_payment,875,0,,false
T005533,2026-01-06T17:16:00,S04,M000820,store,mobile_payment,-180,0,,true
T005534,2026-01-06T11:17:00,S05,M000643,store,credit_card,1370,0,,false
T005535,2026-01-06T18:30:00,S05,M000599,store,cash,820,0,,false
T005536,2026-01-06T20:30:00,S05,M000672,store,credit_card,260,0,,false
T005537,2026-01-06T15:20:00,S05,M000575,store,cash,1355,0,,false
T005538,2026-01-06T14:43:00,S99,M000582,online,credit_card,940,0,,false
T005539,2026-01-07T18:07:00,S01,M001070,store,credit_card,325,0,,false
T005540,2026-01-07T20:24:00,S03,M000089,store,line_pay,110,0,,false
T005541,2026-01-07T19:28:00,S04,,store,credit_card,480,0,,false
T005542,2026-01-07T19:04:00,S05,,store,line_pay,1330,0,,false
T005543,2026-01-07T12:49:00,S06,M000708,store,credit_card,175,0,,false
T005544,2026-01-07T20:32:00,S99,M000867,online,line_pay,160,0,,false
T005545,2026-01-08T11:28:00,S01,M000581,store,credit_card,405,0,,false
T005546,2026-01-08T20:50:00,S01,,store,mobile_payment,1681,0,,false
T005547,2026-01-08T19:03:00,S02,M000573,store,cash,95,0,,false
T005548,2026-01-08T11:27:00,S02,,store,credit_card,2146,0,,false
T005549,2026-01-08T15:13:00,S03,M000081,store,credit_card,70,0,,false
T005550,2026/01/08 18:35,S03,M000027,store,cash,695,0,,false
T005551,2026-01-08T21:20:00,S04,M000178,store,cash,880,0,,false
T005552,2026-01-08T19:20:00,S04,M000242,store,cash,1659,0,,false
T005553,2026-01-08T17:01:00,S05,M000427,store,credit_card,150,0,,false
T005554,2026-01-09T19:06:00,S01,M000007,store,credit_card,365,0,,false
T005555,2026-01-09T11:06:00,S01,M000993,store,line_pay,370,0,,false
T005556,2026-01-09T21:08:00,S01,M000110,store,cash,930,0,,false
T005557,2026-01-09T19:44:00,S01,M001105,store,line_pay,855,0,,false
T005558,2026-01-09T18:04:00,S01,,store,credit_card,1280,0,,false
T005559,2026-01-09T20:35:00,S01,,store,cash,1665,0,,false
T005560,2026-01-09T19:58:00,S02,M000805,store,mobile_payment,105,0,,false
T005561,2026-01-09T20:55:00,S02,M000507,store,cash,1010,0,,false
T005562,2026-01-09T21:11:00,S03,M000165,store,cash,70,0,,false
T005563,2026-01-09T21:47:00,S03,M001163,store,cash,190,0,,false
T005564,2026-01-09T20:57:00,S03,M000108,store,cash,175,0,,false
T005565,2026-01-09T17:55:00,S03,M000436,store,credit_card,160,0,,false
T005566,2026-01-09T18:30:00,S03,M000487,store,cash,175,0,,false
T005567,2026-01-09T12:40:00,S03,M000924,store,mobile_payment,1185,0,,false
T005568,2026-01-09T18:00:00,S04,M000001,store,credit_card,100,0,,false
T005569,2026-01-09T20:46:00,S04,M000526,store,credit_card,920,0,,false
T005570,2026-01-09T20:08:00,S05,M001100,store,cash,390,0,,false
T005571,2026-01-09T18:00:00,S05,,store,credit_card,1156,24,,false
T005572,2026-01-09T19:44:00,S06,M000365,store,cash,140,0,,false
T005573,2026-01-10T14:36:00,S01,M000429,store,mobile_payment,470,0,,false
T005574,2026-01-10T12:06:00,S01,M001189,store,cash,350,0,,false
T005575,2026-01-10T15:44:00,S01,,store,credit_card,2051,227,,false
T005576,2026-01-10T19:42:00,S01,,store,credit_card,-58,0,,true
T005577,2026-01-10T15:39:00,S02,M000560,store,cash,195,0,,false
T005578,2026-01-10T17:41:00,S02,M000362,store,credit_card,1460,0,,false
T005579,2026-01-10T12:56:00,S03,M000403,store,cash,35,0,,false
T005580,2026-01-10T11:51:00,S03,M000592,store,cash,105,0,,false
T005581,2026-01-10T19:29:00,S05,M000357,store,mobile_payment,300,0,,false
T005582,2026-01-10T20:09:00,S05,M000047,store,credit_card,390,0,,false
T005583,2026-01-10T14:34:00,S05,M001109,store,credit_card,390,0,,false
T005584,2026-01-10T19:33:00,S05,M000852,store,mobile_payment,260,0,,false
T005585,2026-01-10T20:53:00,S05,,store,credit_card,2139,186,,false
T005586,2026-01-10T19:41:00,S06,M001170,store,mobile_payment,1450,0,,false
T005587,2026-01-10T22:30:00,S99,M000212,online,credit_card,715,0,,false
T005588,2026-01-10T22:22:00,S99,,online,credit_card,1064,0,,false
T005589,2026-01-11T16:55:00,S01,M000723,store,cash,410,0,,false
T005590,2026-01-11T17:07:00,S01,M000214,store,credit_card,825,0,,false
T005591,2026-01-11T11:25:00,S01,,store,credit_card,1855,0,,false
T005592,2026-01-11T17:36:00,S02,M000202,store,line_pay,110,0,,false
T005593,2026-01-11T17:38:00,S02,M000080,store,cash,170,0,,false
T005594,2026-01-11T17:57:00,S02,M000348,store,credit_card,720,0,,false
T005595,2026-01-11T11:34:00,S03,M000532,store,cash,95,0,,false
T005596,2026-01-11T20:39:00,S03,M000602,store,line_pay,145,0,,false
T005597,2026-01-11T12:16:00,S03,M000816,store,cash,460,0,,false
T005598,2026-01-11T17:15:00,S04,M001036,store,cash,130,0,,false
T005599,2026-01-11T14:45:00,S04,M000544,store,credit_card,1359,0,,false
T005600,2026-01-11T20:31:00,S04,M000373,store,cash,1560,0,,false
T005601,2026-01-11T21:28:00,S99,M000437,online,credit_card,760,0,,false
T005602,2026-01-11T09:44:00,S99,M000920,online,credit_card,690,0,,false
T005603,2026/01/12 21:35,S01,M001073,store,cash,1420,0,,false
T005604,2026-01-12T18:18:00,S01,M000039,store,cash,425,0,,false
T005605,2026-01-12T18:23:00,S01,,store,cash,2483,0,,false
T005606,2026-01-12T12:57:00,S01,,store,cash,1717,0,,false
T005607,2026-01-12T20:24:00,S02,M000066,store,line_pay,640,0,,false
T005608,2026-01-12T18:23:00,S02,,store,cash,3120,0,,false
T005609,2026-01-12T11:40:00,S03,M000465,store,credit_card,95,0,,false
T005610,2026-01-12T11:55:00,S03,M000185,store,credit_card,130,0,,false
T005611,2026-01-12T15:57:00,S03,M001065,store,cash,100,0,,false
T005612,2026-01-12T11:07:00,S03,M000031,store,cash,105,0,,false
T005613,2026-01-12T19:28:00,S03,M000648,store,cash,130,0,,false
T005614,2026-01-12T18:44:00,S03,M000025,store,mobile_payment,1100,0,,false
T005615,2026-01-12T17:41:00,S05,M001102,store,cash,960,0,,false
T005616,2026-01-12T17:49:00,S05,M000286,store,cash,1380,0,,false
T005617,2026-01-12T21:41:00,S06,M001085,store,mobile_payment,130,0,,false
T005618,2026/01/12 22:56,S99,M001047,online,credit_card,110,0,,false
T005619,2026-01-13T17:06:00,S01,M000644,store,cash,470,0,,false
T005620,2026-01-13T17:33:00,S01,M000002,store,cash,435,0,,false
T005621,2026-01-13T11:48:00,S01,M000912,store,cash,430,0,,false
T005622,2026-01-13T20:06:00,S01,M000368,store,line_pay,415,0,,false
T005623,2026-01-13T20:51:00,S01,M001149,store,credit_card,800,0,,false
T005624,2026-01-13T15:20:00,S01,M001191,store,credit_card,1190,0,,false
T005625,2026-01-13T19:07:00,S03,M000458,store,credit_card,70,0,,false
T005626,2026-01-13T18:15:00,S03,M000757,store,credit_card,110,0,,false
T005627,2026-01-13T20:57:00,S03,M001180,store,mobile_payment,1540,0,,false
T005628,2026-01-13T15:25:00,S04,M000178,store,line_pay,1379,0,,false
T005629,2026-01-13T18:06:00,S04,M000997,store,mobile_payment,1099,0,,false
T005630,2026-01-13T19:44:00,S04,M001045,store,cash,1285,0,,false
T005631,2026-01-13T18:08:00,S04,M000454,store,line_pay,415,0,,false
T005632,2026-01-13T19:27:00,S05,M000359,store,cash,440,0,,false
T005633,2026-01-13T19:03:00,S05,M000371,store,cash,275,0,,false
T005634,2026-01-13T11:31:00,S06,M000083,store,credit_card,810,0,,false
T005635,2026-01-13T12:33:00,S06,M000608,store,cash,700,0,,false
T005636,2026-01-13T19:32:00,S06,,store,cash,1599,0,,false
T005637,2026-01-14T17:16:00,S01,M000685,store,line_pay,840,0,,false
T005638,2026-01-14T19:13:00,S01,M001008,store,credit_card,370,0,,false
T005639,2026-01-14T20:05:00,S03,M000488,store,credit_card,35,0,,false
T005640,2026-01-14T15:21:00,S03,M000589,store,mobile_payment,145,0,,false
T005641,2026/01/14 20:41,S03,M000254,store,cash,165,0,,false
T005642,2026-01-14T19:13:00,S04,M001148,store,credit_card,1574,0,,false
T005643,2026-01-14T15:05:00,S04,M000466,store,credit_card,1359,0,,false
T005644,2026-01-14T20:17:00,S04,M001114,store,credit_card,1399,0,,false
T005645,2026-01-14T19:57:00,S04,M000030,store,mobile_payment,1439,0,,false
T005646,2026-01-14T19:46:00,S05,M000976,store,credit_card,140,0,,false
T005647,2026-01-14T19:41:00,S05,M000380,store,credit_card,995,0,,false
T005648,2026-01-14T17:26:00,S05,M000674,store,mobile_payment,1070,0,,false
T005649,2026-01-14T18:18:00,S05,M000148,store,line_pay,390,0,,false
T005650,2026-01-14T11:20:00,S05,M000935,store,credit_card,150,0,,false
T005651,2026-01-14T20:31:00,S99,M000812,online,credit_card,110,0,,false
T005652,2026-01-15T19:48:00,S01,M000898,store,credit_card,290,0,,false
T005653,2026-01-15T15:46:00,S03,M000660,store,cash,175,0,,false
T005654,2026-01-15T17:25:00,S03,M001160,store,line_pay,130,0,,false
T005655,2026-01-15T20:58:00,S03,,store,cash,1858,0,,false
T005656,2026-01-15T15:35:00,S04,M000696,store,mobile_payment,475,0,,false
T005657,2026-01-15T12:36:00,S06,M000668,store,cash,160,0,,false
T005658,2026-01-15T12:25:00,S06,M000510,store,cash,1135,0,,false
T005659,2026-01-16T21:11:00,S01,M000895,store,line_pay,395,0,,false
T005660,2026-01-16T15:34:00,S02,M001010,store,cash,1530,0,,false
T005661,2026-01-16T15:57:00,S03,M001106,store,cash,110,0,,false
T005662,2026-01-16T12:15:00,S03,M000736,store,credit_card,35,0,,false
T005663,2026-01-16T17:26:00,S03,M000518,store,cash,35,0,,false
T005664,2026-01-16T19:37:00,S03,M000808,store,cash,1015,0,,false
T005665,2026-01-16T12:01:00,S04,M000242,store,credit_card,820,0,,false
T005666,2026-01-16T20:40:00,S04,M000777,store,cash,734,0,,false
T005667,2026-01-16T20:01:00,S05,M000337,store,cash,325,0,,false
T005668,2026-01-16T20:30:00,S05,M000145,store,cash,1309,0,,false
T005669,2026-01-16T17:33:00,S05,M000122,store,mobile_payment,1280,0,,false
T005670,2026-01-16T20:54:00,S05,M000759,store,mobile_payment,840,0,,false
T005671,2026-01-16T19:15:00,S05,,store,line_pay,2684,0,,false
T005672,2026-01-16T17:48:00,S06,M000475,store,credit_card,175,0,,false
T005673,2026-01-16T21:50:00,S06,M000171,store,cash,1300,0,,false
T005674,2026-01-16T15:00:00,S06,,store,cash,554,0,,false
T005675,2026-01-16T21:54:00,S99,M001101,online,line_pay,1190,0,,false
T005676,2026-01-17T16:49:00,S01,M000746,store,cash,455,0,,false
T005677,2026-01-17T17:26:00,S01,M000491,store,credit_card,515,0,,false
T005678,2026-01-17T19:57:00,S01,M000711,store,cash,815,0,,false
T005679,2026-01-17T11:54:00,S01,,store,credit_card,1601,0,,false
T005680,2026-01-17T15:32:00,S02,,store,credit_card,1254,0,,false
T005681,2026-01-17T19:37:00,S02,,store,cash,2329,56,,false
T005682,2026-01-17T16:21:00,S03,M000406,store,credit_card,35,0,,false
T005683,2026-01-17T11:24:00,S03,M000906,store,credit_card,100,0,,false
T005684,2026-01-17T19:28:00,S03,M000960,store,mobile_payment,170,0,,false
T005685,2026-01-17T12:18:00,S04,M000466,store,cash,880,0,,false
T005686,2026-01-17T12:52:00,S04,M000384,store,credit_card,1494,0,,false
T005687,2026-01-17T11:51:00,S04,M000551,store,cash,1434,0,,false
T005688,2026-01-17T19:21:00,S04,M000681,store,mobile_payment,585,0,,false
T005689,2026-01-17T15:08:00,S05,M000776,store,cash,130,0,,false
T005690,2026-01-17T20:51:00,S05,M000872,store,cash,270,0,,false
T005691,2026-01-17T11:45:00,S05,M000386,store,line_pay,265,0,,false
T005692,2026-01-17T16:05:00,S05,M000307,store,credit_card,580,0,,false
T005693,2026-01-17T11:12:00,S05,,store,line_pay,2100,0,,false
T005694,2026-01-17T21:18:00,S99,M001061,online,credit_card,1319,0,,false
T005695,2026-01-17T20:09:00,S99,M000121,online,credit_card,935,0,,false
T005696,2026-01-18T14:58:00,S01,M000612,store,cash,1480,0,,false
T005697,2026-01-18T14:10:00,S01,M000139,store,cash,385,0,,false
T005698,2026-01-18T12:59:00,S01,M000784,store,credit_card,1155,0,,false
T005699,2026-01-18T16:07:00,S01,,store,credit_card,2230,0,,false
T005700,2026-01-18T15:18:00,S02,M001072,store,cash,820,0,,false
T005701,2026-01-18T20:06:00,S03,M001138,store,credit_card,70,0,,false
T005702,2026-01-18T14:55:00,S04,M000710,store,cash,1214,0,,false
T005703,2026-01-18T15:07:00,S04,M000777,store,credit_card,1927,101,,false
T005704,2026-01-18T11:18:00,S05,M001142,store,mobile_payment,1090,0,,false
T005705,2026-01-18T20:55:00,S05,,store,credit_card,2610,0,,false
T005706,2026-01-18T16:12:00,S06,,store,credit_card,2111,0,,false
T005707,2026-01-19T21:46:00,S01,M001149,store,credit_card,635,0,,false
T005708,2026-01-19T11:40:00,S02,M000066,store,cash,1040,0,,false
T005709,2026-01-19T18:09:00,S03,M000057,store,credit_card,145,0,,false
T005710,2026-01-19T19:08:00,S03,M000238,store,credit_card,195,0,,false
T005711,2026-01-19T18:44:00,S03,M000253,store,line_pay,145,0,,false
T005712,2026-01-19T12:38:00,S03,M000610,store,credit_card,175,0,,false
T005713,2026-01-19T11:54:00,S04,M001128,store,credit_card,540,0,,false
T005714,2026-01-19T17:10:00,S04,M001086,store,cash,1359,0,,false
T005715,2026-01-19T18:33:00,S04,M000893,store,credit_card,1500,0,,false
T005716,2026-01-19T20:29:00,S04,M000541,store,credit_card,1280,0,,false
T005717,2026-01-19T21:35:00,S05,M001179,store,credit_card,175,0,,false
T005718,2026-01-19T17:20:00,S05,M000749,store,cash,1015,0,,false
T005719,2026-01-19T20:58:00,S05,,store,credit_card,2441,0,,false
T005720,2026-01-19T12:33:00,S06,M000886,store,cash,245,0,,false
T005721,2026/01/19 20:30,S06,,store,line_pay,1170,0,,false
T005722,2026-01-19T21:59:00,S99,M000049,online,cash,1530,0,,false
T005723,2026-01-20T18:14:00,S01,M000858,store,mobile_payment,465,0,,false
T005724,2026-01-20T18:22:00,S01,M001189,store,cash,-65,0,,true
T005725,2026-01-20T17:20:00,S01,,store,credit_card,1435,0,,false
T005726,2026-01-20T18:31:00,S02,M000811,store,cash,130,0,,false
T005727,2026/01/20 21:04,S03,M000562,store,credit_card,100,0,,false
T005728,2026-01-20T11:17:00,S03,M000765,store,cash,455,0,,false
T005729,2026-01-20T19:37:00,S04,M000053,store,mobile_payment,1659,0,,false
T005730,2026-01-20T12:17:00,S05,M000972,store,credit_card,180,0,,false
T005731,2026-01-20T11:09:00,S05,M001140,store,credit_card,290,0,,false
T005732,2026/01/20 12:13,S05,M000619,store,line_pay,390,0,,false
T005733,2026-01-20T17:57:00,S05,M000702,store,cash,440,0,,false
T005734,2026-01-20T11:03:00,S05,,store,mobile_payment,1732,0,,false
T005735,2026-01-20T19:48:00,S05,,store,credit_card,1805,200,,false
T005736,2026-01-20T20:11:00,S05,,store,cash,1746,49,,false
T005737,2026-01-20T19:32:00,S05,,store,credit_card,1498,28,,false
T005738,2026-01-20T12:36:00,S06,M000255,store,cash,105,0,,false
T005739,2026-01-20T21:51:00,S06,M000171,store,credit_card,-380,0,,true
T005740,2026-01-20T17:50:00,S06,,store,cash,2052,0,,false
T005741,2026-01-21T12:44:00,S01,M000884,store,cash,475,0,,false
T005742,2026-01-21T12:00:00,S01,M000754,store,line_pay,770,0,,false
T005743,2026-01-21T19:13:00,S01,M000442,store,cash,415,0,,false
T005744,2026-01-21T11:22:00,S03,M000830,store,credit_card,105,0,,false
T005745,2026-01-21T19:34:00,S03,M000779,store,credit_card,110,0,,false
T005746,2026-01-21T17:20:00,S03,M000636,store,mobile_payment,480,0,,false
T005747,2026-01-21T18:10:00,S03,,store,credit_card,2217,64,,false
T005748,2026-01-21T17:29:00,S03,,store,cash,2375,0,,false
T005749,2026-01-21T15:52:00,S05,M000894,store,line_pay,830,0,,false
T005750,2026-01-21T20:36:00,S05,M000504,store,credit_card,240,0,,false
T005751,2026-01-21T17:09:00,S06,,store,line_pay,1989,0,,false
T005752,2026-01-21T21:23:00,S99,M001135,online,cash,135,0,,false
T005753,2026-01-22T18:54:00,S01,M001074,store,cash,405,0,,false
T005754,2026-01-22T18:11:00,S02,M001125,store,cash,1040,0,,false
T005755,2026-01-22T18:17:00,S02,M001064,store,credit_card,735,0,,false
T005756,2026-01-22T11:36:00,S03,M000721,store,credit_card,170,0,,false
T005757,2026-01-22T21:05:00,S03,M000199,store,line_pay,95,0,,false
T005758,2026-01-22T20:16:00,S03,M000717,store,cash,100,0,,false
T005759,2026-01-22T11:22:00,S03,M000452,store,line_pay,70,0,,false
T005760,2026-01-22T18:53:00,S04,M000288,store,cash,1494,0,,false
T005761,2026-01-22T18:47:00,S05,M000868,store,line_pay,175,0,,false
T005762,2026-01-22T11:22:00,S06,M000443,store,credit_card,110,0,,false
T005763,2026-01-22T18:51:00,S06,M000929,store,mobile_payment,110,0,,false
T005764,2026-01-22T12:29:00,S06,M000207,store,credit_card,980,0,,false
T005765,2026-01-23T15:49:00,S01,M001000,store,mobile_payment,365,0,,false
T005766,2026-01-23T12:52:00,S01,M000789,store,credit_card,445,0,,false
T005767,2026-01-23T19:47:00,S01,M000942,store,credit_card,975,0,,false
T005768,2026-01-23T12:07:00,S01,,store,credit_card,480,0,,false
T005769,2026-01-23T19:56:00,S01,,store,cash,1712,0,,false
T005770,2026-01-23T11:34:00,S02,M000691,store,cash,160,0,,false
T005771,2026-01-23T11:12:00,S02,,store,credit_card,1226,0,,false
T005772,2026-01-23T20:55:00,S03,M000597,store,credit_card,130,0,,false
T005773,2026-01-23T11:18:00,S03,M001071,store,credit_card,170,0,,false
T005774,2026-01-23T12:21:00,S03,M000233,store,line_pay,620,0,,false
T005775,2026-01-23T12:44:00,S04,M000269,store,line_pay,1240,0,,false
T005776,2026-01-23T17:55:00,S05,M000479,store,credit_card,240,0,,false
T005777,2026-01-23T12:48:00,S05,M001159,store,line_pay,270,0,,false
T005778,2026-01-23T18:20:00,S05,M000333,store,credit_card,390,0,,false
T005779,2026-01-23T19:55:00,S05,M001122,store,cash,225,0,,false
T005780,2026-01-23T19:14:00,S05,M001057,store,cash,390,0,,false
T005781,2026-01-24T16:34:00,S01,M000689,store,mobile_payment,180,0,,false
T005782,2026-01-24T15:16:00,S01,M000016,store,credit_card,390,0,,false
T005783,2026-01-24T20:22:00,S01,M000114,store,credit_card,1070,0,,false
T005784,2026-01-24T14:36:00,S02,,store,line_pay,1705,0,,false
T005785,2026-01-24T12:31:00,S02,,store,line_pay,1155,0,,false
T005786,2026-01-24T15:18:00,S03,M001167,store,cash,105,0,,false
T005787,2026-01-24T16:10:00,S04,M000079,store,cash,130,0,,false
T005788,2026-01-24T14:57:00,S04,,store,cash,3764,0,,false
T005789,2026-01-24T19:48:00,S04,,store,cash,1024,89,,false
T005790,2026-01-24T20:40:00,S99,M000582,online,credit_card,515,0,,false
T005791,2026-01-24T20:31:00,S99,M000233,online,line_pay,1784,0,,false
T005792,2026-01-25T19:37:00,S01,M000525,store,cash,435,0,,false
T005793,2026-01-25T14:28:00,S01,M001113,store,mobile_payment,400,0,,false
T005794,2026-01-25T11:22:00,S01,M001164,store,credit_card,1090,0,,false
T005795,2026-01-25T20:38:00,S01,,store,line_pay,1280,0,,false
T005796,2026-01-25T12:55:00,S02,M000336,store,line_pay,845,0,,false
T005797,2026-01-25T17:27:00,S03,M000609,store,cash,145,0,,false
T005798,2026-01-25T20:40:00,S03,M001023,store,cash,35,0,,false
T005799,2026-01-25T14:51:00,S03,,store,cash,2681,62,,false
T005800,2026-01-25T20:11:00,S04,M000414,store,line_pay,1214,0,,false
T005801,2026-01-25T17:47:00,S04,M000989,store,credit_card,1110,0,,false
T005802,2026-01-25T20:32:00,S05,M000290,store,mobile_payment,320,0,,false
T005803,2026-01-25T16:11:00,S05,M000759,store,mobile_payment,-260,0,,true
T005804,2026-01-25T12:44:00,S06,M001015,store,cash,190,0,,false
T005805,2026-01-25T22:12:00,S99,M000022,online,cash,145,0,,false
T005806,2026/01/26 17:30,S01,M000339,store,cash,445,0,,false
T005807,2026-01-26T12:20:00,S02,M000404,store,cash,310,0,,false
T005808,2026/01/26 21:19,S02,M000245,store,credit_card,495,0,,false
T005809,2026-01-26T19:38:00,S03,M000086,store,line_pay,190,0,,false
T005810,2026-01-26T11:19:00,S03,M000513,store,line_pay,70,0,,false
T005811,2026-01-26T21:01:00,S03,M000463,store,credit_card,130,0,,false
T005812,2026-01-26T19:24:00,S03,,store,line_pay,480,0,,false
T005813,2026-01-26T19:20:00,S04,M000466,store,cash,740,0,,false
T005814,2026/01/26 20:22,S04,M000975,store,credit_card,1494,0,,false
T005815,2026-01-26T15:58:00,S04,M000242,store,line_pay,1474,0,,false
T005816,2026-01-26T12:19:00,S04,,store,credit_card,2578,0,,false
T005817,2026-01-26T18:22:00,S05,M000940,store,mobile_payment,390,0,,false
T005818,2026-01-26T19:36:00,S05,M000661,store,cash,440,0,,false
T005819,2026-01-26T12:48:00,S05,M000679,store,cash,295,0,,false
T005820,2026-01-26T20:22:00,S06,M000018,store,cash,190,0,,false
T005821,2026/01/26 18:44,S06,M000741,store,credit_card,250,0,,false
T005822,2026-01-26T20:51:00,S06,M001009,store,cash,325,0,,false
T005823,2026-01-27T19:17:00,S01,M001014,store,cash,285,0,,false
T005824,2026-01-27T18:55:00,S01,M000727,store,mobile_payment,1030,0,,false
T005825,2026-01-27T18:51:00,S01,,store,cash,1508,32,,false
T005826,2026-01-27T19:42:00,S02,M000417,store,cash,845,0,,false
T005827,2026-01-27T21:12:00,S02,M000915,store,credit_card,470,0,,false
T005828,2026-01-27T21:33:00,S03,M000977,store,line_pay,190,0,,false
T005829,2026-01-27T11:35:00,S03,M000078,store,credit_card,130,0,,false
T005830,2026-01-27T21:21:00,S03,M000447,store,cash,70,0,,false
T005831,2026-01-27T15:47:00,S03,M001172,store,credit_card,105,0,,false
T005832,2026-01-27T11:19:00,S04,M000440,store,credit_card,840,0,,false
T005833,2026-01-27T19:47:00,S04,M000983,store,line_pay,1339,0,,false
T005834,2026-01-27T12:52:00,S04,M001128,store,credit_card,1419,0,,false
T005835,2026-01-27T18:05:00,S04,M000710,store,credit_card,700,0,,false
T005836,2026-01-27T12:40:00,S04,M000834,store,cash,895,0,,false
T005837,2026-01-27T12:35:00,S04,M000719,store,cash,1005,0,,false
T005838,2026-01-27T18:05:00,S05,M000575,store,credit_card,1155,0,,false
T005839,2026-01-27T12:37:00,S05,,store,credit_card,2634,0,,false
T005840,2026-01-27T11:45:00,S06,M000758,store,line_pay,95,0,,false
T005841,2026-01-27T11:33:00,S06,M000715,store,cash,665,0,,false
T005842,2026-01-28T19:12:00,S01,M000798,store,line_pay,340,0,,false
T005843,2026-01-28T12:25:00,S02,,store,credit_card,480,0,,false
T005844,2026-01-28T19:27:00,S03,M000146,store,cash,175,0,,false
T005845,2026-01-28T18:40:00,S03,M000203,store,credit_card,160,0,,false
T005846,2026-01-28T15:24:00,S03,M000295,store,credit_card,100,0,,false
T005847,2026-01-28T20:48:00,S04,M000561,store,cash,840,0,,false
T005848,2026-01-28T19:35:00,S06,M000390,store,credit_card,110,0,,false
T005849,2026-01-29T15:02:00,S01,M000329,store,credit_card,480,0,,false
T005850,2026-01-29T19:01:00,S01,,store,credit_card,1807,0,,false
T005851,2026-01-29T21:28:00,S02,M000530,store,line_pay,935,0,,false
T005852,2026-01-29T19:14:00,S02,M000467,store,credit_card,950,0,,false
T005853,2026-01-29T18:13:00,S03,M000995,store,credit_card,100,0,,false
T005854,2026-01-29T21:51:00,S03,M000951,store,cash,1005,0,,false
T005855,2026-01-29T12:54:00,S05,M000313,store,credit_card,1020,0,,false
T005856,2026-01-29T12:19:00,S05,M000837,store,mobile_payment,1125,0,,false
T005857,2026-01-29T12:57:00,S05,,store,cash,934,103,,false
T005858,2026-01-30T18:17:00,S01,M000370,store,line_pay,95,0,,false
T005859,2026-01-30T18:55:00,S01,M000522,store,credit_card,1240,0,,false
T005860,2026-01-30T18:11:00,S02,M000651,store,credit_card,965,0,,false
T005861,2026-01-30T18:31:00,S03,M001095,store,cash,70,0,,false
T005862,2026-01-30T20:58:00,S03,M000728,store,credit_card,35,0,,false
T005863,2026-01-30T19:45:00,S04,M000299,store,credit_card,1319,0,,false
T005864,2026-01-30T19:26:00,S04,M000299,store,cash,820,0,,false
T005865,2026-01-30T15:53:00,S04,M000271,store,credit_card,1500,0,,false
T005866,2026-01-30T11:45:00,S05,M000709,store,line_pay,855,0,,false
T005867,2026-01-30T12:47:00,S05,M000123,store,credit_card,615,0,,false
T005868,2026-01-30T20:52:00,S06,M000725,store,line_pay,165,0,,false
T005869,2026-01-30T19:08:00,S06,M001043,store,credit_card,540,0,,false
T005870,2026-01-30T09:40:00,S99,,online,cash,1948,0,,false
T005871,2026-01-31T20:56:00,S01,M000428,store,mobile_payment,365,0,,false
T005872,2026-01-31T16:05:00,S01,M000015,store,cash,485,0,,false
T005873,2026-01-31T17:26:00,S01,,store,credit_card,1000,0,,false
T005874,2026-01-31T14:58:00,S02,M000104,store,credit_card,145,0,,false
T005875,2026-01-31T17:54:00,S03,M000140,store,credit_card,105,0,,false
T005876,2026-01-31T17:12:00,S03,M000648,store,credit_card,100,0,,false
T005877,2026-01-31T15:32:00,S03,M000646,store,mobile_payment,110,0,,false
T005878,2026-01-31T11:39:00,S03,M000496,store,credit_card,140,0,,false
T005879,2026-01-31T19:17:00,S04,M000544,store,line_pay,1519,0,,false
T005880,2026-01-31T16:48:00,S04,M001016,store,line_pay,1000,0,,false
T005881,2026-01-31T15:21:00,S04,,store,cash,2512,0,,false
T005882,2026-01-31T15:02:00,S05,M000605,store,credit_card,390,0,,false
T005883,2026-01-31T17:08:00,S05,M000656,store,credit_card,350,0,,false
T005884,2026-01-31T19:05:00,S05,M001042,store,cash,390,0,,false
T005885,2026-01-31T11:28:00,S05,,store,credit_card,3954,0,,false
T005886,2026-01-31T20:09:00,S05,,store,cash,1103,52,,false
T005887,2026-01-31T20:43:00,S06,M000439,store,line_pay,140,0,,false
T005888,2026-01-31T21:12:00,S99,M000603,online,mobile_payment,95,0,,false
T005889,2026-01-31T20:10:00,S99,M000176,online,credit_card,110,0,,false
T005890,2026-01-31T22:48:00,S99,,online,credit_card,1867,0,,false
T005891,2026-02-01T15:58:00,S01,M000581,store,credit_card,395,0,,false
T005892,2026-02-01T15:47:00,S01,M000888,store,line_pay,1490,0,,false
T005893,2026-02-01T15:23:00,S01,M001005,store,cash,450,0,,false
T005894,2026-02-01T16:20:00,S01,M000784,store,cash,-620,0,,true
T005895,2026-02-01T20:16:00,S01,,store,cash,2566,0,,false
T005896,2026-02-01T20:07:00,S01,,store,credit_card,1140,126,,false
T005897,2026-02-01T12:38:00,S01,,store,credit_card,1710,0,,false
T005898,2026-02-01T16:00:00,S01,,store,line_pay,1113,37,,false
T005899,2026-02-01T12:47:00,S02,M001051,store,mobile_payment,540,0,,false
T005900,2026-02-01T11:44:00,S02,,store,cash,2385,0,,false
T005901,2026-02-01T12:28:00,S03,M000183,store,line_pay,145,0,,false
T005902,2026-02-01T20:18:00,S03,M000052,store,credit_card,105,0,,false
T005903,2026-02-01T14:19:00,S03,M000100,store,mobile_payment,140,0,,false
T005904,2026-02-01T15:59:00,S03,M000141,store,credit_card,145,0,,false
T005905,2026-02-01T20:17:00,S03,M000974,store,mobile_payment,95,0,,false
T005906,2026-02-01T16:56:00,S03,M000233,store,credit_card,1310,0,,false
T005907,2026-02-01T15:09:00,S04,M001114,store,cash,1419,0,,false
T005908,2026-02-01T17:45:00,S05,M000327,store,cash,390,0,,false
T005909,2026-02-01T19:36:00,S05,,store,line_pay,1000,0,,false
T005910,2026-02-01T20:30:00,S05,,store,cash,3501,0,,false
T005911,2026-02-01T14:43:00,S06,M000576,store,mobile_payment,160,0,,false
T005912,2026-02-01T20:26:00,S06,,store,mobile_payment,1220,0,,false
T005913,2026-02-02T12:17:00,S01,M000711,store,cash,-95,0,,true
T005914,2026-02-02T19:35:00,S02,M000014,store,credit_card,110,0,,false
T005915,2026-02-02T12:07:00,S02,M000744,store,cash,100,0,,false
T005916,2026-02-02T12:23:00,S02,M000375,store,cash,1430,0,,false
T005917,2026-02-02T18:01:00,S03,M000378,store,line_pay,105,0,,false
T005918,2026-02-02T20:37:00,S03,M000174,store,cash,100,0,,false
T005919,2026-02-02T12:09:00,S03,M000358,store,cash,95,0,,false
T005920,2026-02-02T21:57:00,S03,,store,line_pay,1743,0,,false
T005921,2026-02-02T19:06:00,S04,M000373,store,credit_card,1220,0,,false
T005922,2026-02-02T12:56:00,S04,M001016,store,mobile_payment,1746,194,,false
T005923,2026-02-02T18:17:00,S05,M000119,store,mobile_payment,310,0,,false
T005924,2026-02-02T19:54:00,S05,M000973,store,credit_card,270,0,,false
T005925,2026-02-02T11:08:00,S05,M000938,store,credit_card,120,0,,false
T005926,2026-02-02T21:44:00,S05,M000596,store,credit_card,390,0,,false
T005927,2026-02-02T19:19:00,S05,M001193,store,mobile_payment,615,0,,false
T005928,2026-02-02T20:14:00,S06,M000322,store,cash,100,0,,false
T005929,2026-02-03T18:47:00,S01,M000225,store,credit_card,455,0,,false
T005930,2026-02-03T18:10:00,S01,M000874,store,cash,990,0,,false
T005931,2026-02-03T15:51:00,S01,M000881,store,line_pay,1535,0,,false
T005932,2026/02/03 17:16,S02,M000805,store,line_pay,130,0,,false
T005933,2026-02-03T21:23:00,S03,M000221,store,cash,130,0,,false
T005934,2026-02-03T15:59:00,S03,M000786,store,cash,100,0,,false
T005935,2026-02-03T12:37:00,S03,M000748,store,mobile_payment,105,0,,false
T005936,2026-02-03T12:02:00,S03,M000321,store,mobile_payment,195,0,,false
T005937,2026-02-03T19:09:00,S03,M000106,store,credit_card,160,0,,false
T005938,2026-02-03T19:43:00,S03,M001180,store,cash,1330,0,,false
T005939,2026-02-03T21:07:00,S04,M000178,store,credit_card,1594,0,,false
T005940,2026-02-03T21:03:00,S04,M001148,store,cash,1339,0,,false
T005941,2026-02-03T20:27:00,S04,,store,line_pay,2771,0,,false
T005942,2026-02-03T17:03:00,S05,M000383,store,credit_card,850,0,,false
T005943,2026-02-03T12:44:00,S05,M000505,store,mobile_payment,390,0,,false
T005944,2026-02-03T17:42:00,S05,M000879,store,line_pay,1390,0,,false
T005945,2026-02-03T14:40:00,S99,M000933,online,credit_card,310,0,,false
T005946,2026-02-04T11:23:00,S03,M000196,store,line_pay,175,0,,false
T005947,2026-02-04T15:01:00,S03,M001157,store,credit_card,105,0,,false
T005948,2026-02-04T12:59:00,S03,M000127,store,cash,135,0,,false
T005949,2026-02-04T19:05:00,S03,,store,credit_card,1423,0,,false
T005950,2026-02-04T11:59:00,S04,M000053,store,credit_card,1439,0,,false
T005951,2026-02-04T18:26:00,S04,M000426,store,cash,930,0,,false
T005952,2026-02-04T21:00:00,S05,,store,credit_card,-140,0,,true
T005953,2026-02-05T18:01:00,S01,M000955,store,mobile_payment,110,0,,false
T005954,2026-02-05T15:57:00,S01,M000356,store,cash,110,0,,false
T005955,2026-02-05T19:43:00,S01,M000895,store,credit_card,420,0,,false
T005956,2026-02-05T12:32:00,S02,,store,line_pay,1995,0,,false
T005957,2026-02-05T18:58:00,S03,M001046,store,credit_card,95,0,,false
T005958,2026-02-05T18:58:00,S03,M001003,store,credit_card,180,0,,false
T005959,2026/02/05 21:31,S03,M001032,store,line_pay,70,0,,false
T005960,2026-02-05T20:42:00,S03,M001134,store,cash,305,0,,false
T005961,2026-02-05T11:38:00,S04,M000384,store,credit_card,1418,0,,false
T005962,2026-02-05T20:59:00,S04,M001148,store,credit_card,-599,0,,true
T005963,2026-02-05T21:20:00,S04,,store,line_pay,1775,0,,false
T005964,2026-02-05T18:47:00,S05,M001068,store,credit_card,260,0,,false
T005965,2026-02-05T15:27:00,S05,,store,cash,1955,0,,false
T005966,2026-02-05T19:13:00,S06,,store,credit_card,1475,0,,false
T005967,2026-02-05T20:33:00,S99,,online,cash,1656,0,,false
T005968,2026-02-05T12:14:00,S99,,online,credit_card,1344,0,,false
T005969,2026-02-05T20:50:00,S99,,online,line_pay,195,0,,false
T005970,2026-02-05T14:20:00,S99,,online,cash,-160,0,,true
T005971,2026-02-06T20:30:00,S01,M000072,store,credit_card,435,0,,false
T005972,2026-02-06T19:21:00,S02,M001006,store,cash,110,0,,false
T005973,2026-02-06T18:12:00,S02,,store,cash,960,0,,false
T005974,2026-02-06T17:35:00,S03,M000344,store,line_pay,130,0,,false
T005975,2026-02-06T21:38:00,S03,M000658,store,cash,165,0,,false
T005976,2026-02-06T19:32:00,S03,M001050,store,cash,105,0,,false
T005977,2026-02-06T17:46:00,S03,M001098,store,mobile_payment,95,0,,false
T005978,2026-02-06T19:53:00,S03,M000097,store,cash,145,0,,false
T005979,2026-02-06T20:17:00,S04,M000710,store,credit_card,1559,0,,false
T005980,2026-02-06T19:25:00,S04,M000030,store,cash,1439,0,,false
T005981,2026-02-06T12:38:00,S05,M000088,store,cash,390,0,,false
T005982,2026-02-06T12:46:00,S05,,store,credit_card,2310,0,,false
T005983,2026-02-06T20:18:00,S05,,store,cash,1896,0,,false
T005984,2026-02-06T17:23:00,S06,M000741,store,mobile_payment,615,0,,false
T005985,2026-02-06T20:05:00,S06,,store,cash,811,0,,false
T005986,2026-02-06T21:47:00,S99,M000690,online,cash,320,0,,false
T005987,2026-02-07T16:43:00,S01,M000881,store,line_pay,770,0,,false
T005988,2026-02-07T15:54:00,S01,,store,cash,1904,0,,false
T005989,2026-02-07T12:26:00,S01,,store,line_pay,2090,0,,false
T005990,2026-02-07T20:31:00,S02,M001002,store,line_pay,1515,0,,false
T005991,2026-02-07T17:22:00,S02,M000624,store,credit_card,675,0,,false
T005992,2026-02-07T17:32:00,S03,M000235,store,cash,110,0,,false
T005993,2026-02-07T14:28:00,S03,M000105,store,cash,35,0,,false
T005994,2026-02-07T16:20:00,S03,M000887,store,credit_card,180,0,,false
T005995,2026-02-07T14:46:00,S04,M000564,store,mobile_payment,1030,0,,false
T005996,2026-02-07T16:55:00,S04,M000055,store,cash,975,0,,false
T005997,2026-02-07T15:32:00,S04,M000454,store,cash,575,0,,false
T005998,2026-02-07T20:04:00,S04,,store,cash,2040,0,,false
T005999,2026-02-07T19:45:00,S05,M000398,store,line_pay,270,0,,false
T006000,2026-02-07T14:55:00,S05,M000828,store,cash,390,0,,false
T006001,2026-02-07T19:23:00,S05,M000759,store,line_pay,915,0,,false
T006002,2026-02-07T17:22:00,S05,,store,credit_card,1752,0,,false
T006003,2026-02-07T15:22:00,S05,,store,mobile_payment,804,42,,false
T006004,2026-02-07T12:50:00,S06,M000715,store,line_pay,1320,0,,false
T006005,2026-02-07T19:52:00,S06,,store,mobile_payment,2267,0,,false
T006006,2026-02-07T22:02:00,S99,M001186,online,cash,130,0,,false
T006007,2026-02-07T22:29:00,S99,,online,line_pay,603,52,,false
T006008,2026-02-08T17:46:00,S01,M000442,store,credit_card,-110,0,,true
T006009,2026-02-08T20:07:00,S05,M000704,store,credit_card,230,0,,false
T006010,2026-02-08T17:52:00,S05,M000145,store,credit_card,1580,0,,false
T006011,2026-02-08T14:43:00,S05,,store,cash,950,0,,false
T006012,2026-02-09T17:31:00,S01,M000201,store,mobile_payment,395,0,,false
T006013,2026-02-09T20:26:00,S01,M001171,store,cash,1050,0,,false
T006014,2026-02-09T15:50:00,S01,M000084,store,line_pay,450,0,,false
T006015,2026-02-09T21:29:00,S02,M000806,store,credit_card,190,0,,false
T006016,2026-02-09T12:12:00,S02,,store,credit_card,2100,0,,false
T006017,2026-02-09T12:16:00,S03,M001092,store,credit_card,105,0,,false
T006018,2026-02-09T19:50:00,S03,M000009,store,cash,160,0,,false
T006019,2026-02-09T19:50:00,S03,M000772,store,credit_card,1135,0,,false
T006020,2026-02-09T18:57:00,S03,,store,cash,1714,46,,false
T006021,2026/02/09 17:03,S05,M000460,store,credit_card,1120,0,,false
T006022,2026-02-09T19:33:00,S06,M000017,store,cash,165,0,,false
T006023,2026-02-09T15:18:00,S06,M000611,store,cash,820,0,,false
T006024,2026-02-09T12:30:00,S99,M000416,online,credit_card,1285,0,,false
T006025,2026-02-10T18:47:00,S01,M000858,store,cash,365,0,,false
T006026,2026-02-10T17:54:00,S03,M000849,store,cash,170,0,,false
T006027,2026-02-10T19:49:00,S03,M000167,store,mobile_payment,110,0,,false
T006028,2026-02-10T15:57:00,S03,M000487,store,credit_card,35,0,,false
T006029,2026-02-10T18:35:00,S03,M000435,store,credit_card,1379,0,,false
T006030,2026-02-10T17:52:00,S04,M000414,store,credit_card,440,0,,false
T006031,2026-02-10T19:49:00,S04,M001131,store,line_pay,1050,0,,false
T006032,2026-02-10T19:45:00,S04,M000848,store,cash,1085,0,,false
T006033,2026-02-10T11:22:00,S05,M000693,store,mobile_payment,500,0,,false
T006034,2026-02-10T20:46:00,S99,M000850,online,credit_card,1346,0,,false
T006035,2026-02-11T18:53:00,S01,M000477,store,cash,555,0,,false
T006036,2026-02-11T21:28:00,S01,M000550,store,cash,750,0,,false
T006037,2026-02-11T12:15:00,S01,M000294,store,line_pay,235,0,,false
T006038,2026-02-11T21:15:00,S01,M001164,store,cash,-120,0,,true
T006039,2026-02-11T20:44:00,S01,,store,cash,2377,0,,false
T006040,2026-02-11T20:23:00,S01,,store,line_pay,1266,0,,false
T006041,2026-02-11T21:50:00,S02,M001039,store,line_pay,105,0,,false
T006042,2026-02-11T19:37:00,S02,M000738,store,credit_card,130,0,,false
T006043,2026-02-11T20:46:00,S02,M000014,store,mobile_payment,165,0,,false
T006044,2026-02-11T19:29:00,S03,M000032,store,credit_card,130,0,,false
T006045,2026-02-11T20:24:00,S04,M000288,store,line_pay,1454,0,,false
T006046,2026-02-11T11:54:00,S04,M000551,store,credit_card,1699,0,,false
T006047,2026-02-11T21:37:00,S05,M001082,store,cash,140,0,,false
T006048,2026-02-11T17:23:00,S05,M000627,store,credit_card,260,0,,false
T006049,2026-02-11T15:17:00,S05,M000623,store,cash,300,0,,false
T006050,2026-02-11T19:19:00,S05,M000281,store,credit_card,390,0,,false
T006051,2026-02-11T19:03:00,S05,M000421,store,credit_card,960,0,,false
T006052,2026-02-11T18:47:00,S05,,store,credit_card,1891,0,,false
T006053,2026-02-11T19:28:00,S06,M000669,store,mobile_payment,130,0,,false
T006054,2026-02-11T21:57:00,S99,M000690,online,credit_card,830,0,,false
T006055,2026-02-11T20:13:00,S99,M000482,online,line_pay,425,0,,false
T006056,2026-02-12T18:58:00,S01,M001083,store,credit_card,160,0,,false
T006057,2026-02-12T20:47:00,S01,M000016,store,mobile_payment,405,0,,false
T006058,2026-02-12T12:02:00,S01,M001018,store,cash,820,0,,false
T006059,2026-02-12T21:03:00,S01,M001026,store,cash,1330,0,,false
T006060,2026-02-12T11:00:00,S01,M000234,store,line_pay,1075,0,,false
T006061,2026-02-12T12:12:00,S01,,store,cash,1592,0,,false
T006062,2026-02-12T12:26:00,S02,M000348,store,credit_card,1120,0,,false
T006063,2026-02-12T20:10:00,S02,,store,credit_card,1240,0,,false
T006064,2026/02/12 18:44,S03,M000444,store,mobile_payment,170,0,,false
T006065,2026-02-12T19:02:00,S03,M000011,store,credit_card,165,0,,false
T006066,2026-02-12T11:45:00,S03,M001145,store,credit_card,35,0,,false
T006067,2026-02-12T20:49:00,S03,M000804,store,credit_card,175,0,,false
T006068,2026-02-12T18:03:00,S03,M000701,store,credit_card,1170,0,,false
T006069,2026-02-12T11:09:00,S04,M001066,store,line_pay,1460,0,,false
T006070,2026-02-12T12:10:00,S04,M000769,store,line_pay,1175,0,,false
T006071,2026-02-12T21:28:00,S04,M000360,store,cash,1530,0,,false
T006072,2026-02-12T20:59:00,S05,M000939,store,line_pay,370,0,,false
T006073,2026-02-12T18:23:00,S05,M000628,store,credit_card,290,0,,false
T006074,2026-02-12T15:23:00,S05,M000970,store,mobile_payment,1190,0,,false
T006075,2026/02/12 12:45,S05,M000315,store,cash,480,0,,false
T006076,2026-02-12T17:24:00,S05,M000307,store,line_pay,690,0,,false
T006077,2026-02-12T19:33:00,S06,M000845,store,cash,110,0,,false
T006078,2026-02-12T19:46:00,S06,M001078,store,credit_card,1020,0,,false
T006079,2026-02-12T19:51:00,S06,M000326,store,line_pay,860,0,,false
T006080,2026/02/13 11:14,S01,M000039,store,credit_card,430,0,,false
T006081,2026-02-13T20:02:00,S01,M000795,store,credit_card,470,0,,false
T006082,2026-02-13T15:17:00,S01,M000898,store,cash,365,0,,false
T006083,2026-02-13T18:16:00,S01,M000206,store,cash,975,0,,false
T006084,2026/02/13 20:33,S02,M000054,store,mobile_payment,110,0,,false
T006085,2026/02/13 19:57,S03,M001095,store,cash,105,0,,false
T006086,2026-02-13T15:10:00,S03,M000598,store,mobile_payment,70,0,,false
T006087,2026-02-13T12:49:00,S03,M000190,store,line_pay,175,0,,false
T006088,2026-02-13T21:45:00,S03,M000003,store,mobile_payment,1175,0,,false
T006089,2026-02-13T12:30:00,S03,,store,mobile_payment,1678,0,,false
T006090,2026-02-13T18:46:00,S04,M000782,store,credit_card,160,0,,false
T006091,2026-02-13T19:26:00,S04,M001128,store,cash,1160,0,,false
T006092,2026-02-13T11:11:00,S04,M000147,store,credit_card,820,0,,false
T006093,2026-02-13T20:55:00,S05,M000419,store,mobile_payment,380,0,,false
T006094,2026-02-13T20:06:00,S05,M000123,store,credit_card,835,0,,false
T006095,2026-02-14T12:11:00,S01,M000428,store,line_pay,440,0,,false
T006096,2026-02-14T17:59:00,S01,M000514,store,credit_card,635,0,,false
T006097,2026-02-14T19:30:00,S02,,store,cash,1628,0,,false
T006098,2026-02-14T14:51:00,S02,,store,credit_card,1265,0,,false
T006099,2026-02-14T20:11:00,S03,M000470,store,cash,1455,0,,false
T006100,2026-02-14T12:53:00,S04,M000519,store,line_pay,1445,0,,false
T006101,2026-02-14T16:22:00,S04,M000975,store,mobile_payment,1534,0,,false
T006102,2026-02-14T16:05:00,S04,M000414,store,cash,1299,0,,false
T006103,2026-02-14T20:51:00,S04,M000464,store,credit_card,395,0,,false
T006104,2026-02-14T14:36:00,S05,M000387,store,credit_card,390,0,,false
T006105,2026-02-14T15:33:00,S05,M000275,store,credit_card,500,0,,false
T006106,2026-02-14T12:12:00,S06,M000130,store,line_pay,100,0,,false
T006107,2026-02-14T11:11:00,S06,M000527,store,mobile_payment,130,0,,false
T006108,2026-02-14T19:57:00,S06,M000439,store,cash,95,0,,false
T006109,2026-02-14T20:24:00,S99,M000831,online,cash,1210,0,,false
T006110,2026-02-15T20:47:00,S01,M000889,store,credit_card,180,0,,false
T006111,2026-02-15T11:38:00,S01,M001077,store,cash,190,0,,false
T006112,2026-02-15T12:14:00,S01,M000917,store,mobile_payment,1290,0,,false
T006113,2026-02-15T20:12:00,S01,M000942,store,cash,1450,0,,false
T006114,2026-02-15T16:19:00,S01,,store,credit_card,800,0,,false
T006115,2026-02-15T11:25:00,S02,M001048,store,mobile_payment,1365,0,,false
T006116,2026-02-15T11:13:00,S02,M000404,store,cash,840,0,,false
T006117,2026-02-15T11:49:00,S02,,store,line_pay,2864,0,,false
T006118,2026-02-15T16:47:00,S03,M000195,store,cash,35,0,,false
T006119,2026-02-15T17:33:00,S03,M000823,store,credit_card,145,0,,false
T006120,2026-02-15T12:14:00,S04,M000033,store,credit_card,1040,0,,false
T006121,2026-02-15T14:21:00,S04,M000304,store,mobile_payment,720,0,,false
T006122,2026-02-15T19:09:00,S04,,store,credit_card,1146,60,,false
T006123,2026-02-15T20:40:00,S05,M000307,store,credit_card,675,0,,false
T006124,2026-02-15T12:27:00,S06,M000091,store,credit_card,845,0,,false
T006125,2026-02-16T11:58:00,S01,M001171,store,credit_card,-180,0,,true
T006126,2026-02-16T11:06:00,S01,,store,cash,2203,0,,false
T006127,2026-02-16T19:23:00,S03,M000616,store,credit_card,160,0,,false
T006128,2026-02-16T17:04:00,S03,M000520,store,mobile_payment,140,0,,false
T006129,2026-02-16T19:43:00,S03,M000877,store,credit_card,160,0,,false
T006130,2026/02/16 12:52,S03,M000389,store,cash,1100,0,,false
T006131,2026-02-16T19:15:00,S04,M000242,store,credit_card,1319,0,,false
T006132,2026-02-16T12:44:00,S04,M001114,store,credit_card,875,0,,false
T006133,2026-02-16T12:43:00,S04,M000553,store,cash,1480,0,,false
T006134,2026-02-16T12:29:00,S05,M000643,store,cash,965,0,,false
T006135,2026-02-16T17:18:00,S05,M000722,store,credit_card,355,0,,false
T006136,2026-02-16T11:11:00,S05,M000535,store,credit_card,325,0,,false
T006137,2026-02-16T17:24:00,S05,M000870,store,line_pay,295,0,,false
T006138,2026-02-16T15:16:00,S05,M000687,store,credit_card,270,0,,false
T006139,2026-02-16T19:54:00,S05,,store,credit_card,1480,163,,false
T006140,2026-02-16T19:40:00,S06,M000767,store,cash,100,0,,false
T006141,2026-02-16T20:40:00,S06,M000316,store,mobile_payment,925,0,,false
T006142,2026-02-16T12:09:00,S06,,store,credit_card,-65,0,,true
T006143,2026-02-16T12:35:00,S99,M000833,online,line_pay,940,0,,false
T006144,2026-02-17T11:23:00,S01,M001007,store,cash,835,0,,false
T006145,2026-02-17T20:43:00,S01,,store,cash,800,0,,false
T006146,2026-02-17T17:55:00,S01,,store,credit_card,1312,69,,false
T006147,2026-02-17T20:34:00,S01,,store,credit_card,1870,35,,false
T006148,2026-02-17T20:53:00,S02,M000243,store,credit_card,175,0,,false
T006149,2026-02-17T21:43:00,S03,M000563,store,line_pay,130,0,,false
T006150,2026-02-17T15:11:00,S03,M000583,store,mobile_payment,35,0,,false
T006151,2026-02-17T20:05:00,S03,M001090,store,credit_card,110,0,,false
T006152,2026-02-17T19:25:00,S04,M001128,store,credit_card,1418,0,,false
T006153,2026-02-17T17:25:00,S04,M000197,store,line_pay,1440,0,,false
T006154,2026-02-17T21:21:00,S04,M000070,store,line_pay,1000,0,,false
T006155,2026-02-17T11:56:00,S04,,store,credit_card,720,0,,false
T006156,2026-02-17T20:48:00,S04,,store,mobile_payment,2197,0,,false
T006157,2026-02-17T20:17:00,S05,M000117,store,cash,435,0,,false
T006158,2026-02-17T17:19:00,S05,,store,mobile_payment,769,0,,false
T006159,2026-02-17T18:48:00,S06,M000750,store,line_pay,180,0,,false
T006160,2026-02-17T20:40:00,S06,,store,credit_card,1472,0,,false
T006161,2026-02-17T09:32:00,S99,,online,credit_card,1843,160,,false
T006162,2026-02-18T17:05:00,S01,M000506,store,credit_card,130,0,,false
T006163,2026-02-18T12:31:00,S01,M001070,store,mobile_payment,465,0,,false
T006164,2026-02-18T20:14:00,S01,M001008,store,mobile_payment,355,0,,false
T006165,2026-02-18T18:10:00,S02,M000537,store,cash,130,0,,false
T006166,2026-02-18T17:56:00,S02,,store,line_pay,2691,44,,false
T006167,2026-02-18T17:11:00,S02,,store,credit_card,1740,39,,false
T006168,2026-02-18T19:15:00,S03,M000589,store,cash,180,0,,false
T006169,2026-02-18T15:18:00,S03,M000162,store,credit_card,130,0,,false
T006170,2026-02-18T19:30:00,S03,M000394,store,line_pay,175,0,,false
T006171,2026-02-18T21:55:00,S03,M000677,store,credit_card,95,0,,false
T006172,2026-02-18T18:04:00,S03,,store,cash,1925,10,,false
T006173,2026-02-18T15:01:00,S04,M000778,store,credit_card,1430,0,,false
T006174,2026-02-18T15:47:00,S04,M000353,store,line_pay,480,0,,false
T006175,2026-02-18T18:59:00,S05,M001024,store,line_pay,440,0,,false
T006176,2026-02-18T12:01:00,S05,M000050,store,credit_card,390,0,,false
T006177,2026-02-18T21:14:00,S05,,store,credit_card,2025,0,,false
T006178,2026-02-18T20:29:00,S06,M000188,store,cash,130,0,,false
T006179,2026/02/18 12:09,S06,M001170,store,credit_card,980,0,,false
T006180,2026-02-18T15:20:00,S06,,store,cash,925,0,,false
T006181,2026-02-18T12:49:00,S99,M000863,online,cash,980,0,,false
T006182,2026-02-18T12:03:00,S99,M001196,online,cash,350,0,,false
T006183,2026-02-18T22:40:00,S99,M000473,online,cash,775,0,,false
T006184,2026-02-19T19:48:00,S02,M000998,store,line_pay,140,0,,false
T006185,2026-02-19T19:46:00,S02,M000282,store,credit_card,1005,0,,false
T006186,2026-02-19T18:45:00,S03,M000660,store,credit_card,35,0,,false
T006187,2026-02-19T11:23:00,S04,M000983,store,mobile_payment,1579,0,,false
T006188,2026-02-19T20:31:00,S04,M001012,store,mobile_payment,1115,0,,false
T006189,2026-02-19T20:59:00,S05,M000129,store,credit_card,110,0,,false
T006190,2026-02-19T22:00:00,S99,,online,cash,1000,0,,false
T006191,2026-02-20T12:56:00,S01,M000144,store,mobile_payment,1310,0,,false
T006192,2026-02-20T20:44:00,S02,M000404,store,credit_card,370,0,,false
T006193,2026-02-20T19:23:00,S03,M000165,store,credit_card,110,0,,false
T006194,2026-02-20T18:34:00,S03,M000081,store,credit_card,130,0,,false
T006195,2026-02-20T12:12:00,S03,M000996,store,credit_card,70,0,,false
T006196,2026-02-20T11:23:00,S03,M000757,store,credit_card,145,0,,false
T006197,2026-02-20T20:35:00,S03,M000109,store,cash,95,0,,false
T006198,2026-02-20T17:34:00,S03,,store,line_pay,3107,0,,false
T006199,2026-02-20T17:32:00,S04,M000033,store,line_pay,290,0,,false
T006200,2026-02-20T11:24:00,S04,M000300,store,line_pay,910,0,,false
T006201,2026-02-20T18:22:00,S06,M001176,store,cash,110,0,,false
T006202,2026-02-20T14:36:00,S99,M001174,online,line_pay,1025,0,,false
T006203,2026-02-21T19:03:00,S01,M000884,store,cash,375,0,,false
T006204,2026-02-21T16:29:00,S01,M000999,store,mobile_payment,445,0,,false
T006205,2026-02-21T20:58:00,S01,,store,cash,2523,0,,false
T006206,2026-02-21T20:11:00,S02,M000965,store,cash,1010,0,,false
T006207,2026-02-21T17:50:00,S02,M000245,store,cash,405,0,,false
T006208,2026-02-21T20:03:00,S03,M000927,store,cash,95,0,,false
T006209,2026-02-21T14:34:00,S03,M000592,store,credit_card,160,0,,false
T006210,2026-02-21T17:49:00,S04,M001114,store,mobile_payment,1319,0,,false
T006211,2026/02/21 16:07,S04,M000544,store,credit_card,1379,0,,false
T006212,2026-02-21T11:19:00,S05,M000815,store,mobile_payment,265,0,,false
T006213,2026-02-21T11:09:00,S05,,store,line_pay,4241,0,,false
T006214,2026-02-21T21:50:00,S99,M000198,online,credit_card,1070,0,,false
T006215,2026-02-22T17:48:00,S01,M000963,store,credit_card,160,0,,false
T006216,2026-02-22T12:47:00,S01,M000491,store,cash,365,0,,false
T006217,2026-02-22T17:38:00,S01,M000684,store,credit_card,880,0,,false
T006218,2026-02-22T19:38:00,S01,,store,credit_card,2159,56,,false
T006219,2026-02-22T17:06:00,S02,M001168,store,credit_card,130,0,,false
T006220,2026-02-22T16:45:00,S02,,store,line_pay,766,0,,false
T006221,2026-02-22T16:58:00,S03,M000308,store,credit_card,170,0,,false
T006222,2026-02-22T15:46:00,S03,M000078,store,cash,145,0,,false
T006223,2026-02-22T16:40:00,S04,M000818,store,line_pay,760,0,,false
T006224,2026-02-22T14:26:00,S05,M000599,store,credit_card,1420,0,,false
T006225,2026-02-22T17:33:00,S05,M000024,store,line_pay,350,0,,false
T006226,2026-02-22T17:37:00,S05,M000399,store,line_pay,265,0,,false
T006227,2026-02-22T17:46:00,S05,M000340,store,cash,320,0,,false
T006228,2026-02-22T14:31:00,S05,M000126,store,credit_card,380,0,,false
T006229,2026-02-22T20:23:00,S05,M000383,store,credit_card,-65,0,,true
T006230,2026-02-22T12:56:00,S06,,store,credit_card,1414,0,,false
T006231,2026-02-23T21:49:00,S01,M000329,store,credit_card,385,0,,false
T006232,2026-02-23T19:25:00,S01,M000819,store,credit_card,1560,0,,false
T006233,2026-02-23T19:18:00,S01,M000498,store,credit_card,290,0,,false
T006234,2026-02-23T20:55:00,S01,M000477,store,credit_card,960,0,,false
T006235,2026/02/23 11:07,S02,M000469,store,line_pay,110,0,,false
T006236,2026-02-23T20:13:00,S02,M000318,store,cash,160,0,,false
T006237,2026-02-23T19:09:00,S02,M000811,store,line_pay,110,0,,false
T006238,2026-02-23T19:14:00,S03,M000721,store,credit_card,95,0,,false
T006239,2026-02-23T21:51:00,S03,M000982,store,mobile_payment,95,0,,false
T006240,2026-02-23T18:27:00,S03,M000089,store,cash,70,0,,false
T006241,2026-02-23T20:47:00,S03,M000961,store,credit_card,70,0,,false
T006242,2026-02-23T12:45:00,S04,M001148,store,line_pay,1479,0,,false
T006243,2026-02-23T21:22:00,S04,M000299,store,line_pay,1319,0,,false
T006244,2026-02-23T18:43:00,S04,M000657,store,credit_card,800,0,,false
T006245,2026-02-23T17:30:00,S04,M001127,store,credit_card,1120,0,,false
T006246,2026-02-23T18:13:00,S05,M000674,store,cash,920,0,,false
T006247,2026-02-23T20:12:00,S05,M000173,store,cash,370,0,,false
T006248,2026-02-23T17:32:00,S05,M000672,store,credit_card,370,0,,false
T006249,2026-02-23T11:46:00,S05,M001034,store,cash,1069,0,,false
T006250,2026-02-23T11:27:00,S06,M000527,store,cash,105,0,,false
T006251,2026-02-23T18:40:00,S06,M000263,store,line_pay,1110,0,,false
T006252,2026-02-23T21:11:00,S06,M000038,store,credit_card,625,0,,false
T006253,2026-02-24T17:02:00,S01,M000413,store,cash,145,0,,false
T006254,2026-02-24T18:09:00,S01,M000644,store,cash,285,0,,false
T006255,2026-02-24T20:42:00,S01,M000339,store,mobile_payment,410,0,,false
T006256,2026-02-24T20:56:00,S01,M000477,store,cash,1120,0,,false
T006257,2026-02-24T17:08:00,S01,M000850,store,cash,360,0,,false
T006258,2026-02-24T18:06:00,S01,M000514,store,cash,285,0,,false
T006259,2026-02-24T19:54:00,S01,M000727,store,credit_card,1260,0,,false
T006260,2026-02-24T20:21:00,S01,M000063,store,credit_card,1110,0,,false
T006261,2026-02-24T18:45:00,S02,M000650,store,cash,160,0,,false
T006262,2026-02-24T21:52:00,S03,M000141,store,cash,70,0,,false
T006263,2026-02-24T15:12:00,S03,M000256,store,credit_card,100,0,,false
T006264,2026-02-24T20:46:00,S03,M000610,store,line_pay,165,0,,false
T006265,2026-02-24T17:36:00,S03,M001017,store,cash,740,0,,false
T006266,2026-02-24T15:21:00,S03,,store,cash,3104,186,,false
T006267,2026-02-24T21:45:00,S04,M000053,store,credit_card,1214,0,,false
T006268,2026-02-24T21:36:00,S04,M000178,store,credit_card,1319,0,,false
T006269,2026-02-24T20:01:00,S04,M001148,store,cash,700,0,,false
T006270,2026-02-24T17:17:00,S04,M000859,store,cash,1030,0,,false
T006271,2026-02-24T15:55:00,S04,M000543,store,credit_card,1035,0,,false
T006272,2026-02-24T12:09:00,S04,M000384,store,credit_card,-220,0,,true
T006273,2026-02-24T15:11:00,S05,M000251,store,credit_card,1270,0,,false
T006274,2026-02-24T19:02:00,S06,,store,credit_card,2456,79,,false
T006275,2026-02-24T20:04:00,S99,M000665,online,credit_card,1310,0,,false
T006276,2026-02-25T20:34:00,S01,M000835,store,credit_card,195,0,,false
T006277,2026-02-25T20:55:00,S01,,store,cash,1400,0,,false
T006278,2026-02-25T20:06:00,S02,M000369,store,cash,175,0,,false
T006279,2026-02-25T18:51:00,S02,,store,mobile_payment,1480,128,,false
T006280,2026-02-25T20:17:00,S02,,store,credit_card,1293,67,,false
T006281,2026-02-25T15:01:00,S03,M000458,store,credit_card,35,0,,false
T006282,2026/02/25 21:38,S05,M000493,store,mobile_payment,195,0,,false
T006283,2026-02-25T18:30:00,S05,M000137,store,cash,160,0,,false
T006284,2026-02-25T21:29:00,S06,M000346,store,credit_card,160,0,,false
T006285,2026-02-26T21:31:00,S01,M001073,store,credit_card,980,0,,false
T006286,2026-02-26T21:19:00,S01,M000789,store,line_pay,380,0,,false
T006287,2026-02-26T12:11:00,S01,M000354,store,credit_card,530,0,,false
T006288,2026-02-26T15:51:00,S01,M000881,store,credit_card,1060,0,,false
T006289,2026-02-26T17:29:00,S02,M000259,store,credit_card,110,0,,false
T006290,2026-02-26T21:31:00,S02,M000157,store,credit_card,110,0,,false
T006291,2026-02-26T15:10:00,S02,M000076,store,line_pay,949,0,,false
T006292,2026-02-26T19:41:00,S02,M000355,store,mobile_payment,455,0,,false
T006293,2026-02-26T15:11:00,S02,,store,cash,2024,78,,false
T006294,2026-02-26T19:40:00,S02,,store,credit_card,1845,0,,false
T006295,2026-02-26T17:10:00,S03,M000090,store,credit_card,180,0,,false
T006296,2026-02-26T20:39:00,S03,M000031,store,cash,175,0,,false
T006297,2026-02-26T18:13:00,S03,M000906,store,line_pay,140,0,,false
T006298,2026-02-26T15:42:00,S03,M000588,store,line_pay,890,0,,false
T006299,2026-02-26T20:27:00,S04,M000384,store,cash,1619,0,,false
T006300,2026-02-26T21:24:00,S05,M001146,store,line_pay,290,0,,false
T006301,2026-02-26T17:49:00,S05,M000566,store,credit_card,440,0,,false
T006302,2026-02-26T20:58:00,S05,M000645,store,cash,390,0,,false
T006303,2026/02/26 19:23,S05,M000944,store,credit_card,455,0,,false
T006304,2026-02-26T20:30:00,S05,,store,line_pay,2178,0,,false
T006305,2026-02-26T19:51:00,S06,M000617,store,credit_card,175,0,,false
T006306,2026-02-26T21:07:00,S06,M000886,store,line_pay,290,0,,false
T006307,2026/02/26 20:21,S06,M000326,store,line_pay,960,0,,false
T006308,2026-02-27T19:47:00,S01,M000895,store,credit_card,315,0,,false
T006309,2026-02-27T18:25:00,S03,M000185,store,mobile_payment,135,0,,false
T006310,2026-02-27T20:18:00,S03,M000913,store,line_pay,35,0,,false
T006311,2026/02/27 21:45,S03,M000230,store,cash,100,0,,false
T006312,2026-02-27T19:06:00,S04,M000053,store,credit_card,500,0,,false
T006313,2026-02-27T18:51:00,S04,M000030,store,credit_card,1159,0,,false
T006314,2026-02-27T18:42:00,S04,M001012,store,credit_card,1030,0,,false
T006315,2026-02-27T18:30:00,S04,,store,line_pay,1944,0,,false
T006316,2026-02-27T20:11:00,S05,M001112,store,credit_card,1220,0,,false
T006317,2026-02-27T17:04:00,S06,M000456,store,credit_card,920,0,,false
T006318,2026-02-27T12:32:00,S99,M000863,online,line_pay,560,0,,false
T006319,2026-02-27T20:32:00,S99,M000232,online,credit_card,485,0,,false
T006320,2026-02-28T12:07:00,S01,M001177,store,cash,95,0,,false
T006321,2026-02-28T16:52:00,S02,M000517,store,credit_card,170,0,,false
T006322,2026-02-28T14:04:00,S02,M000921,store,mobile_payment,170,0,,false
T006323,2026/02/28 20:02,S03,M000177,store,line_pay,100,0,,false
T006324,2026-02-28T20:29:00,S03,M001163,store,credit_card,70,0,,false
T006325,2026-02-28T20:16:00,S03,,store,credit_card,2382,0,,false
T006326,2026-02-28T19:41:00,S03,,store,line_pay,1945,0,,false
T006327,2026-02-28T19:20:00,S04,M000164,store,credit_card,1419,0,,false
T006328,2026-02-28T16:46:00,S04,M000551,store,cash,1379,0,,false
T006329,2026-02-28T14:02:00,S04,M001020,store,credit_card,1155,0,,false
T006330,2026-02-28T16:26:00,S04,M000792,store,credit_card,700,0,,false
T006331,2026-02-28T11:49:00,S05,M001109,store,line_pay,390,0,,false
T006332,2026-02-28T19:35:00,S05,M000853,store,line_pay,260,0,,false
T006333,2026-02-28T14:24:00,S99,M001135,online,mobile_payment,145,0,,false
T006334,2026-03-01T17:04:00,S01,M000229,store,cash,175,0,,false
T006335,2026-03-01T19:57:00,S01,,store,credit_card,1280,0,,false
T006336,2026-03-01T20:27:00,S01,,store,line_pay,2133,136,,false
T006337,2026-03-01T17:44:00,S01,,store,line_pay,2215,0,,false
T006338,2026-03-01T20:24:00,S02,M000417,store,cash,995,0,,false
T006339,2026-03-01T19:47:00,S03,M000279,store,cash,95,0,,false
T006340,2026-03-01T11:32:00,S03,M000728,store,line_pay,105,0,,false
T006341,2026-03-01T11:06:00,S03,M001157,store,cash,175,0,,false
T006342,2026-03-01T19:06:00,S03,M000808,store,mobile_payment,1245,0,,false
T006343,2026-03-01T19:08:00,S03,M000772,store,mobile_payment,1090,0,,false
T006344,2026-03-01T19:50:00,S04,M000777,store,cash,740,0,,false
T006345,2026-03-01T17:59:00,S05,M000136,store,line_pay,175,0,,false
T006346,2026-03-01T19:59:00,S06,M000451,store,credit_card,635,0,,false
T006347,2026-03-01T20:31:00,S99,M000556,online,line_pay,1764,0,,false
T006348,2026-03-02T17:08:00,S01,M000727,store,cash,-120,0,,true
T006349,2026-03-02T19:26:00,S03,M000962,store,cash,130,0,,false
T006350,2026-03-02T15:06:00,S03,M000903,store,credit_card,135,0,,false
T006351,2026-03-02T19:54:00,S03,M000319,store,cash,180,0,,false
T006352,2026-03-02T15:56:00,S03,M000463,store,cash,180,0,,false
T006353,2026-03-02T15:25:00,S03,M000168,store,line_pay,735,0,,false
T006354,2026-03-02T21:42:00,S04,M000638,store,credit_card,1000,0,,false
T006355,2026-03-02T18:34:00,S04,,store,credit_card,1617,0,,false
T006356,2026-03-02T21:11:00,S05,M000872,store,mobile_payment,225,0,,false
T006357,2026-03-02T12:15:00,S05,M000186,store,line_pay,390,0,,false
T006358,2026-03-02T19:06:00,S05,M000379,store,cash,1170,0,,false
T006359,2026-03-02T15:25:00,S06,M000810,store,credit_card,100,0,,false
T006360,2026-03-02T12:23:00,S99,M001081,online,credit_card,1110,0,,false
T006361,2026-03-03T17:37:00,S01,M000685,store,credit_card,1455,0,,false
T006362,2026-03-03T20:36:00,S01,M000477,store,credit_card,995,0,,false
T006363,2026-03-03T12:01:00,S02,,store,credit_card,2082,112,,false
T006364,2026-03-03T12:10:00,S03,M000406,store,credit_card,195,0,,false
T006365,2026-03-03T20:47:00,S04,M000197,store,line_pay,1179,0,,false
T006366,2026-03-03T17:05:00,S04,M000777,store,cash,870,0,,false
T006367,2026-03-03T19:48:00,S04,,store,cash,2792,0,,false
T006368,2026-03-03T11:44:00,S05,M000357,store,cash,390,0,,false
T006369,2026-03-03T21:08:00,S05,M001031,store,mobile_payment,495,0,,false
T006370,2026-03-03T14:57:00,S99,M000964,online,cash,145,0,,false
T006371,2026-03-03T20:53:00,S99,M001194,online,cash,830,0,,false
T006372,2026-03-04T21:56:00,S02,M000950,store,credit_card,100,0,,false
T006373,2026-03-04T12:07:00,S02,,store,line_pay,1839,0,,false
T006374,2026-03-04T12:20:00,S03,M000799,store,line_pay,165,0,,false
T006375,2026-03-04T20:14:00,S03,M001032,store,line_pay,190,0,,false
T006376,2026-03-04T21:37:00,S04,M000288,store,cash,1439,0,,false
T006377,2026-03-04T17:58:00,S05,M000048,store,cash,390,0,,false
T006378,2026-03-04T18:13:00,S05,M000338,store,mobile_payment,300,0,,false
T006379,2026-03-04T19:42:00,S05,,store,line_pay,2571,0,,false
T006380,2026-03-04T17:18:00,S05,,store,cash,1259,0,,false
T006381,2026-03-04T20:55:00,S05,,store,credit_card,1740,0,,false
T006382,2026-03-04T09:38:00,S99,,online,credit_card,860,0,,false
T006383,2026-03-05T18:33:00,S02,M000227,store,cash,750,0,,false
T006384,2026-03-05T19:40:00,S02,M000093,store,credit_card,290,0,,false
T006385,2026-03-05T12:55:00,S02,M000289,store,cash,814,0,,false
T006386,2026-03-05T18:12:00,S02,M000245,store,cash,620,0,,false
T006387,2026-03-05T20:52:00,S03,M000488,store,mobile_payment,130,0,,false
T006388,2026-03-05T20:12:00,S03,M000146,store,credit_card,105,0,,false
T006389,2026-03-05T20:34:00,S03,M000108,store,cash,105,0,,false
T006390,2026-03-05T18:49:00,S03,M000487,store,mobile_payment,100,0,,false
T006391,2026-03-05T18:38:00,S04,M000710,store,cash,1279,0,,false
T006392,2026-03-05T19:25:00,S04,M000414,store,line_pay,1279,0,,false
T006393,2026-03-05T17:29:00,S05,M001102,store,cash,1000,0,,false
T006394,2026-03-05T15:33:00,S05,M000894,store,line_pay,960,0,,false
T006395,2026-03-05T20:19:00,S05,M001140,store,line_pay,440,0,,false
T006396,2026/03/05 17:04,S05,M000427,store,credit_card,270,0,,false
T006397,2026-03-05T19:05:00,S06,,store,cash,1438,0,,false
T006398,2026-03-05T12:01:00,S99,M000341,online,mobile_payment,1510,0,,false
T006399,2026-03-05T22:15:00,S99,M000232,online,credit_card,870,0,,false
T006400,2026-03-05T21:26:00,S99,M000425,online,credit_card,435,0,,false
T006401,2026-03-06T21:25:00,S01,,store,cash,1848,0,,false
T006402,2026-03-06T18:27:00,S01,,store,line_pay,1794,0,,false
T006403,2026/03/06 18:03,S03,M001153,store,cash,35,0,,false
T006404,2026-03-06T17:15:00,S03,M000035,store,line_pay,180,0,,false
T006405,2026-03-06T15:05:00,S03,M000602,store,line_pay,100,0,,false
T006406,2026-03-06T19:43:00,S03,M000025,store,credit_card,1190,0,,false
T006407,2026-03-06T18:55:00,S03,M000924,store,line_pay,1320,0,,false
T006408,2026-03-06T20:24:00,S03,,store,credit_card,1453,0,,false
T006409,2026-03-06T15:24:00,S03,,store,cash,2786,0,,false
T006410,2026-03-06T11:35:00,S04,M000374,store,cash,680,0,,false
T006411,2026-03-06T18:33:00,S04,,store,line_pay,2700,0,,false
T006412,2026-03-06T18:41:00,S05,M000386,store,mobile_payment,150,0,,false
T006413,2026-03-06T17:53:00,S05,M000424,store,line_pay,615,0,,false
T006414,2026-03-06T15:04:00,S05,M000722,store,line_pay,-130,0,,true
T006415,2026-03-06T11:17:00,S05,M000535,store,credit_card,-65,0,,true
T006416,2026-03-06T12:53:00,S05,,store,cash,2028,0,,false
T006417,2026-03-06T20:41:00,S06,M001200,store,mobile_payment,1590,0,,false
T006418,2026-03-06T15:40:00,S06,,store,line_pay,1195,0,,false
T006419,2026/03/06 12:29,S06,,store,cash,1100,0,,false
T006420,2026-03-07T12:52:00,S01,M000522,store,credit_card,1320,0,,false
T006421,2026-03-07T17:30:00,S01,,store,cash,3456,133,,false
T006422,2026-03-07T16:36:00,S02,M000549,store,credit_card,175,0,,false
T006423,2026-03-07T20:13:00,S02,M000915,store,credit_card,970,0,,false
T006424,2026/03/07 12:03,S03,M000452,store,mobile_payment,105,0,,false
T006425,2026-03-07T11:34:00,S03,M000620,store,cash,1185,0,,false
T006426,2026-03-07T17:03:00,S03,M000613,store,credit_card,1130,0,,false
T006427,2026-03-07T16:34:00,S04,M001128,store,cash,1514,0,,false
T006428,2026-03-07T12:56:00,S04,M000060,store,cash,935,0,,false
T006429,2026-03-07T14:38:00,S05,M000504,store,line_pay,440,0,,false
T006430,2026-03-07T19:48:00,S05,M001100,store,cash,350,0,,false
T006431,2026-03-08T17:08:00,S01,M001030,store,credit_card,900,0,,false
T006432,2026-03-08T14:42:00,S01,,store,credit_card,1999,0,,false
T006433,2026-03-08T11:16:00,S02,M000076,store,credit_card,630,0,,false
T006434,2026-03-08T16:07:00,S02,,store,credit_card,2627,0,,false
T006435,2026-03-08T20:00:00,S02,,store,credit_card,2065,0,,false
T006436,2026-03-08T15:16:00,S03,M000221,store,credit_card,70,0,,false
T006437,2026-03-08T17:00:00,S03,M001172,store,credit_card,105,0,,false
T006438,2026/03/08 15:08,S05,M000036,store,line_pay,110,0,,false
T006439,2026-03-08T15:32:00,S05,M000972,store,cash,175,0,,false
T006440,2026-03-08T20:53:00,S05,M000380,store,line_pay,1415,0,,false
T006441,2026-03-08T17:17:00,S05,M000383,store,line_pay,930,0,,false
T006442,2026-03-08T14:09:00,S05,M001159,store,cash,335,0,,false
T006443,2026-03-09T15:39:00,S01,M000844,store,mobile_payment,700,0,,false
T006444,2026-03-09T20:53:00,S02,M000560,store,cash,135,0,,false
T006445,2026-03-09T18:27:00,S02,,store,credit_card,3178,167,,false
T006446,2026-03-09T18:25:00,S02,,store,cash,1511,81,,false
T006447,2026-03-09T19:00:00,S03,M000199,store,line_pay,175,0,,false
T006448,2026-03-09T19:54:00,S03,,store,line_pay,2189,0,,false
T006449,2026-03-09T18:33:00,S04,M000242,store,credit_card,1454,0,,false
T006450,2026-03-09T12:32:00,S04,M000544,store,cash,1419,0,,false
T006451,2026-03-09T17:31:00,S04,M000834,store,cash,1395,0,,false
T006452,2026-03-09T21:05:00,S04,M001131,store,credit_card,355,0,,false
T006453,2026-03-09T21:09:00,S04,M000703,store,credit_card,870,0,,false
T006454,2026-03-09T17:01:00,S04,M000926,store,line_pay,860,0,,false
T006455,2026/03/09 20:25,S05,M000131,store,credit_card,100,0,,false
T006456,2026-03-09T11:20:00,S05,M000286,store,credit_card,985,0,,false
T006457,2026-03-09T12:57:00,S05,M000359,store,cash,370,0,,false
T006458,2026-03-09T19:47:00,S06,M000402,store,credit_card,105,0,,false
T006459,2026-03-09T17:45:00,S06,M000984,store,credit_card,1390,0,,false
T006460,2026-03-09T12:26:00,S06,M000715,store,cash,325,0,,false
T006461,2026-03-10T12:37:00,S01,,store,credit_card,1928,37,,false
T006462,2026-03-10T20:31:00,S03,M000579,store,credit_card,65,0,,false
T006463,2026-03-10T12:24:00,S03,M000009,store,cash,35,0,,false
T006464,2026-03-10T12:20:00,S03,M001145,store,cash,165,0,,false
T006465,2026-03-10T19:58:00,S03,M000295,store,line_pay,70,0,,false
T006466,2026-03-10T17:26:00,S03,M000003,store,cash,980,0,,false
T006467,2026-03-10T19:12:00,S04,M000021,store,credit_card,1280,0,,false
T006468,2026-03-10T12:26:00,S04,M000249,store,cash,760,0,,false
T006469,2026-03-10T18:11:00,S04,M001197,store,mobile_payment,825,0,,false
T006470,2026-03-10T19:31:00,S05,M000709,store,credit_card,1450,0,,false
T006471,2026-03-10T19:18:00,S05,,store,cash,1146,44,,false
T006472,2026-03-10T21:39:00,S06,M000083,store,line_pay,1345,0,,false
T006473,2026-03-10T21:50:00,S99,M000829,online,credit_card,130,0,,false
T006474,2026-03-10T22:29:00,S99,M001194,online,line_pay,1070,0,,false
T006475,2026-03-11T20:06:00,S01,M000781,store,cash,775,0,,false
T006476,2026-03-11T17:21:00,S02,M000347,store,cash,175,0,,false
T006477,2026-03-11T20:11:00,S03,M000196,store,credit_card,175,0,,false
T006478,2026-03-11T11:37:00,S03,M000626,store,credit_card,195,0,,false
T006479,2026-03-11T17:57:00,S03,M000779,store,credit_card,110,0,,false
T006480,2026-03-11T19:08:00,S03,M000003,store,mobile_payment,715,0,,false
T006481,2026-03-11T19:49:00,S04,M000440,store,credit_card,890,0,,false
T006482,2026-03-11T18:01:00,S04,M000033,store,cash,720,0,,false
T006483,2026-03-11T21:56:00,S05,M000569,store,credit_card,1030,0,,false
T006484,2026-03-11T18:13:00,S05,M001031,store,credit_card,630,0,,false
T006485,2026-03-11T21:56:00,S05,M000590,store,mobile_payment,935,0,,false
T006486,2026-03-12T17:05:00,S01,,store,line_pay,1357,68,,false
T006487,2026-03-12T20:26:00,S02,,store,credit_card,1840,0,,false
T006488,2026/03/12 15:38,S03,M000609,store,cash,175,0,,false
T006489,2026-03-12T19:23:00,S03,M000830,store,mobile_payment,110,0,,false
T006490,2026-03-12T15:50:00,S03,M001138,store,line_pay,65,0,,false
T006491,2026-03-12T20:31:00,S03,M000169,store,cash,70,0,,false
T006492,2026-03-12T18:24:00,S03,M001060,store,line_pay,700,0,,false
T006493,2026-03-12T18:08:00,S04,M000299,store,cash,1494,0,,false
T006494,2026-03-12T12:22:00,S04,M000222,store,cash,1599,0,,false
T006495,2026-03-12T11:05:00,S04,M001127,store,line_pay,720,0,,false
T006496,2026-03-12T19:44:00,S04,M001012,store,credit_card,-320,0,,true
T006497,2026-03-12T17:09:00,S04,,store,credit_card,1706,0,,false
T006498,2026-03-12T20:10:00,S05,,store,mobile_payment,2100,0,,false
T006499,2026-03-13T12:51:00,S01,M000612,store,cash,930,0,,false
T006500,2026-03-13T20:39:00,S01,M001084,store,cash,1020,0,,false
T006501,2026-03-13T21:46:00,S01,,store,cash,900,0,,false
T006502,2026-03-13T19:02:00,S03,M000547,store,line_pay,110,0,,false
T006503,2026/03/13 19:46,S03,,store,line_pay,2385,0,,false
T006504,2026-03-13T11:39:00,S04,M001148,store,cash,1494,0,,false
T006505,2026-03-13T21:39:00,S04,M001114,store,mobile_payment,1599,0,,false
T006506,2026-03-13T15:54:00,S04,M000544,store,credit_card,780,0,,false
T006507,2026-03-13T18:48:00,S04,M000997,store,line_pay,1139,0,,false
T006508,2026-03-13T17:53:00,S04,M001188,store,line_pay,975,0,,false
T006509,2026-03-13T12:51:00,S04,M000893,store,cash,1500,0,,false
T006510,2026-03-13T17:53:00,S04,M000777,store,line_pay,630,0,,false
T006511,2026-03-13T17:49:00,S04,,store,cash,1876,34,,false
T006512,2026-03-13T12:16:00,S05,M000148,store,line_pay,440,0,,false
T006513,2026-03-13T18:20:00,S05,M000935,store,credit_card,120,0,,false
T006514,2026/03/13 20:56,S05,,store,cash,1601,84,,false
T006515,2026-03-13T20:01:00,S05,,store,credit_card,1600,0,,false
T006516,2026-03-13T18:24:00,S06,M000451,store,line_pay,580,0,,false
T006517,2026-03-13T21:06:00,S99,,online,credit_card,1631,0,,false
T006518,2026-03-14T16:07:00,S01,M001105,store,cash,3026,0,,false
T006519,2026-03-14T11:04:00,S01,,store,credit_card,1215,135,,false
T006520,2026-03-14T15:56:00,S02,,store,cash,960,0,,false
T006521,2026-03-14T15:43:00,S03,M001052,store,mobile_payment,65,0,,false
T006522,2026-03-14T16:12:00,S03,M001106,store,line_pay,145,0,,false
T006523,2026-03-14T15:32:00,S03,M000052,store,credit_card,35,0,,false
T006524,2026-03-14T12:50:00,S03,M000982,store,cash,190,0,,false
T006525,2026-03-14T15:25:00,S04,M000147,store,credit_card,1300,0,,false
T006526,2026-03-14T12:09:00,S04,M001012,store,credit_card,695,0,,false
T006527,2026-03-14T11:26:00,S04,M000818,store,line_pay,365,0,,false
T006528,2026-03-14T16:05:00,S04,M000777,store,line_pay,2834,0,,false
T006529,2026-03-14T15:01:00,S04,,store,credit_card,1394,0,,false
T006530,2026-03-14T17:54:00,S04,,store,cash,1916,0,,false
T006531,2026-03-14T20:12:00,S05,M000333,store,credit_card,270,0,,false
T006532,2026-03-14T20:18:00,S05,M000123,store,line_pay,785,0,,false
T006533,2026-03-14T09:32:00,S99,M000265,online,line_pay,365,0,,false
T006534,2026-03-14T20:31:00,S99,M000265,online,credit_card,405,0,,false
T006535,2026-03-14T20:40:00,S99,M000232,online,cash,730,0,,false
T006536,2026-03-15T15:53:00,S01,M000689,store,mobile_payment,95,0,,false
T006537,2026-03-15T11:12:00,S01,M000010,store,line_pay,1220,0,,false
T006538,2026-03-15T17:50:00,S01,M001105,store,line_pay,2448,189,,false
T006539,2026/03/15 12:09,S01,,store,credit_card,2568,50,,false
T006540,2026-03-15T14:56:00,S02,M000651,store,credit_card,835,0,,false
T006541,2026-03-15T16:52:00,S02,M000375,store,line_pay,1040,0,,false
T006542,2026-03-15T17:59:00,S03,M000235,store,line_pay,35,0,,false
T006543,2026-03-15T11:55:00,S03,M000403,store,credit_card,165,0,,false
T006544,2026-03-15T12:10:00,S03,M000168,store,credit_card,1000,0,,false
T006545,2026-03-15T15:24:00,S04,M000531,store,credit_card,160,0,,false
T006546,2026-03-15T14:33:00,S04,M000719,store,line_pay,1045,0,,false
T006547,2026-03-15T19:22:00,S04,M001197,store,cash,605,0,,false
T006548,2026-03-15T15:19:00,S04,M000033,store,credit_card,415,0,,false
T006549,2026-03-15T20:37:00,S04,M000454,store,credit_card,900,0,,false
T006550,2026-03-15T17:21:00,S04,M000302,store,cash,440,0,,false
T006551,2026-03-15T20:27:00,S04,M000777,store,mobile_payment,3380,0,,false
T006552,2026-03-15T12:41:00,S04,M000997,store,credit_card,-599,0,,true
T006553,2026-03-15T12:10:00,S04,,store,mobile_payment,1073,0,,false
T006554,2026-03-15T14:00:00,S05,M000702,store,credit_card,150,0,,false
T006555,2026-03-16T20:13:00,S01,,store,cash,1560,0,,false
T006556,2026-03-16T15:42:00,S02,M000507,store,cash,1094,0,,false
T006557,2026-03-16T19:14:00,S02,M000980,store,cash,1555,0,,false
T006558,2026-03-16T18:23:00,S03,M000478,store,cash,95,0,,false
T006559,2026-03-16T19:47:00,S03,M000597,store,credit_card,105,0,,false
T006560,2026-03-16T15:14:00,S03,M000470,store,cash,940,0,,false
T006561,2026-03-16T11:58:00,S03,M000765,store,cash,355,0,,false
T006562,2026-03-16T20:23:00,S04,M000053,store,line_pay,1419,0,,false
T006563,2026-03-16T18:28:00,S04,M000164,store,credit_card,1399,0,,false
T006564,2026-03-16T20:32:00,S05,M000680,store,credit_card,390,0,,false
T006565,2026-03-16T20:50:00,S06,M000725,store,cash,130,0,,false
T006566,2026-03-16T21:36:00,S06,M001104,store,credit_card,995,0,,false
T006567,2026-03-16T21:08:00,S99,M000226,online,cash,1185,0,,false
T006568,2026-03-17T21:35:00,S02,M000336,store,line_pay,1425,0,,false
T006569,2026-03-17T11:32:00,S02,M000044,store,line_pay,775,0,,false
T006570,2026-03-17T20:39:00,S02,,store,credit_card,1581,0,,false
T006571,2026-03-17T15:40:00,S03,M000458,store,credit_card,35,0,,false
T006572,2026-03-17T18:11:00,S03,M001065,store,cash,35,0,,false
T006573,2026-03-17T19:42:00,S03,M000518,store,credit_card,175,0,,false
T006574,2026-03-17T20:11:00,S03,M000937,store,mobile_payment,95,0,,false
T006575,2026-03-17T11:50:00,S04,M000178,store,cash,1559,0,,false
T006576,2026-03-17T17:22:00,S04,,store,cash,1329,0,,false
T006577,2026-03-17T19:31:00,S05,M001058,store,mobile_payment,335,0,,false
T006578,2026-03-17T18:53:00,S05,M000575,store,cash,1100,0,,false
T006579,2026-03-17T17:28:00,S05,M000494,store,cash,815,0,,false
T006580,2026-03-17T18:36:00,S05,,store,cash,1530,0,,false
T006581,2026-03-17T21:07:00,S06,,store,line_pay,960,0,,false
T006582,2026-03-17T21:36:00,S99,M001029,online,cash,1205,0,,false
T006583,2026-03-18T19:06:00,S02,M000023,store,cash,990,0,,false
T006584,2026-03-18T20:58:00,S03,M000849,store,credit_card,190,0,,false
T006585,2026-03-18T21:16:00,S03,M001160,store,cash,35,0,,false
T006586,2026-03-18T18:43:00,S05,,store,line_pay,2643,0,,false
T006587,2026-03-18T12:46:00,S06,M000929,store,cash,135,0,,false
T006588,2026-03-18T19:18:00,S06,,store,credit_card,2515,0,,false
T006589,2026-03-18T22:35:00,S99,,online,credit_card,1584,0,,false
T006590,2026-03-19T19:56:00,S01,M000175,store,cash,1155,0,,false
T006591,2026-03-19T20:23:00,S02,M000202,store,credit_card,135,0,,false
T006592,2026-03-19T20:36:00,S02,M000044,store,cash,840,0,,false
T006593,2026-03-19T21:15:00,S02,,store,cash,1220,0,,false
T006594,2026-03-19T12:46:00,S03,M000057,store,cash,165,0,,false
T006595,2026-03-19T20:13:00,S03,M000174,store,credit_card,105,0,,false
T006596,2026-03-19T11:44:00,S04,M000492,store,credit_card,160,0,,false
T006597,2026-03-19T19:18:00,S04,M000384,store,cash,1534,0,,false
T006598,2026/03/19 19:23,S04,M000431,store,line_pay,800,0,,false
T006599,2026-03-19T18:53:00,S05,M000479,store,credit_card,330,0,,false
T006600,2026-03-19T15:10:00,S05,,store,line_pay,4375,0,,false
T006601,2026-03-19T18:26:00,S05,,store,credit_card,1213,0,,false
T006602,2026-03-19T18:05:00,S06,M000293,store,credit_card,810,0,,false
T006603,2026-03-19T17:28:00,S06,M000548,store,cash,1085,0,,false
T006604,2026-03-20T17:46:00,S01,M000367,store,credit_card,130,0,,false
T006605,2026-03-20T20:12:00,S03,M001180,store,line_pay,1020,0,,false
T006606,2026-03-20T18:20:00,S04,M000657,store,cash,895,0,,false
T006607,2026-03-20T20:47:00,S05,M000656,store,credit_card,330,0,,false
T006608,2026-03-20T11:32:00,S05,M001122,store,mobile_payment,390,0,,false
T006609,2026-03-21T19:33:00,S01,M000433,store,line_pay,530,0,,false
T006610,2026-03-21T17:00:00,S02,M001089,store,mobile_payment,1140,0,,false
T006611,2026-03-21T17:24:00,S02,M000092,store,credit_card,1000,0,,false
T006612,2026-03-21T12:24:00,S02,,store,mobile_payment,1243,0,,false
T006613,2026-03-21T19:56:00,S02,,store,credit_card,2035,0,,false
T006614,2026-03-21T17:17:00,S03,M000562,store,line_pay,165,0,,false
T006615,2026-03-21T11:32:00,S04,M000771,store,cash,190,0,,false
T006616,2026-03-21T17:34:00,S04,M000551,store,cash,1419,0,,false
T006617,2026-03-21T15:56:00,S05,M000505,store,cash,235,0,,false
T006618,2026-03-21T11:38:00,S05,M000973,store,cash,290,0,,false
T006619,2026-03-21T14:21:00,S05,M000661,store,cash,390,0,,false
T006620,2026-03-21T16:47:00,S05,M000879,store,credit_card,1035,0,,false
T006621,2026-03-21T09:19:00,S99,M000809,online,cash,145,0,,false
T006622,2026-03-22T19:54:00,S01,M001124,store,mobile_payment,180,0,,false
T006623,2026-03-22T17:05:00,S01,M000298,store,cash,140,0,,false
T006624,2026-03-22T19:43:00,S01,M001022,store,cash,860,0,,false
T006625,2026-03-22T19:28:00,S02,M000573,store,credit_card,110,0,,false
T006626,2026-03-22T19:17:00,S02,M000044,store,credit_card,1190,0,,false
T006627,2026-03-22T11:33:00,S03,M000238,store,credit_card,105,0,,false
T006628,2026-03-22T11:49:00,S04,M000150,store,credit_card,1280,0,,false
T006629,2026-03-22T12:01:00,S04,,store,line_pay,3001,0,,false
T006630,2026-03-22T12:26:00,S05,M000619,store,cash,255,0,,false
T006631,2026-03-22T11:44:00,S05,M000938,store,credit_card,390,0,,false
T006632,2026-03-22T20:53:00,S05,M000596,store,line_pay,390,0,,false
T006633,2026-03-23T19:47:00,S02,M001002,store,credit_card,965,0,,false
T006634,2026-03-23T20:34:00,S02,,store,mobile_payment,2932,0,,false
T006635,2026-03-23T19:56:00,S03,M000916,store,cash,145,0,,false
T006636,2026-03-23T17:41:00,S03,M001023,store,credit_card,105,0,,false
T006637,2026-03-23T20:23:00,S03,M000648,store,line_pay,110,0,,false
T006638,2026-03-23T21:58:00,S03,M000717,store,line_pay,105,0,,false
T006639,2026-03-23T20:44:00,S03,M000358,store,line_pay,100,0,,false
T006640,2026-03-23T12:22:00,S04,M000030,store,credit_card,1359,0,,false
T006641,2026/03/23 15:44,S04,M000678,store,cash,355,0,,false
T006642,2026-03-23T12:26:00,S04,,store,mobile_payment,2227,66,,false
T006643,2026-03-23T12:22:00,S05,M000313,store,cash,820,0,,false
T006644,2026-03-23T18:15:00,S05,M000605,store,line_pay,260,0,,false
T006645,2026-03-23T21:59:00,S06,M000608,store,line_pay,850,0,,false
T006646,2026-03-24T17:18:00,S01,M000506,store,credit_card,170,0,,false
T006647,2026-03-24T19:29:00,S02,M001096,store,cash,880,0,,false
T006648,2026-03-24T12:46:00,S03,M000032,store,line_pay,130,0,,false
T006649,2026-03-24T12:50:00,S03,M000646,store,cash,175,0,,false
T006650,2026-03-24T17:41:00,S03,M000974,store,cash,70,0,,false
T006651,2026-03-24T12:33:00,S03,M000675,store,mobile_payment,1230,0,,false
T006652,2026-03-24T12:02:00,S03,M000470,store,credit_card,-220,0,,true
T006653,2026-03-24T15:51:00,S04,M000271,store,cash,620,0,,false
T006654,2026-03-24T18:03:00,S04,,store,cash,2129,0,,false
T006655,2026-03-24T15:09:00,S05,M000940,store,cash,360,0,,false
T006656,2026-03-24T12:56:00,S05,M000290,store,line_pay,390,0,,false
T006657,2026-03-24T21:23:00,S99,M000867,online,line_pay,105,0,,false
T006658,2026-03-24T20:39:00,S99,M001135,online,cash,110,0,,false
T006659,2026-03-24T14:53:00,S99,M000049,online,line_pay,1060,0,,false
T006660,2026-03-25T19:45:00,S01,M000947,store,mobile_payment,1380,0,,false
T006661,2026-03-25T19:47:00,S01,M000499,store,credit_card,925,0,,false
T006662,2026-03-25T20:03:00,S02,M001087,store,credit_card,160,0,,false
T006663,2026-03-25T17:16:00,S02,M000691,store,credit_card,95,0,,false
T006664,2026-03-25T12:31:00,S03,M001167,store,credit_card,165,0,,false
T006665,2026-03-25T12:47:00,S03,M000960,store,credit_card,195,0,,false
T006666,2026-03-25T12:29:00,S04,M000519,store,credit_card,855,0,,false
T006667,2026-03-25T19:33:00,S04,M000414,store,credit_card,1379,0,,false
T006668,2026-03-25T19:59:00,S05,M000828,store,cash,240,0,,false
T006669,2026-03-25T15:22:00,S05,M001068,store,line_pay,260,0,,false
T006670,2026-03-25T12:10:00,S06,M000316,store,credit_card,1500,0,,false
T006671,2026-03-25T14:53:00,S99,M000311,online,line_pay,515,0,,false
T006672,2026-03-25T12:23:00,S99,M000217,online,mobile_payment,475,0,,false
T006673,2026-03-26T19:02:00,S01,,store,line_pay,2010,0,,false
T006674,2026-03-26T11:35:00,S03,M000465,store,credit_card,110,0,,false
T006675,2026-03-26T11:10:00,S03,M001092,store,credit_card,35,0,,false
T006676,2026-03-26T18:36:00,S03,M001050,store,line_pay,95,0,,false
T006677,2026-03-26T17:25:00,S03,M000757,store,credit_card,70,0,,false
T006678,2026-03-26T20:59:00,S03,M000254,store,credit_card,160,0,,false
T006679,2026-03-26T19:08:00,S04,M001036,store,cash,160,0,,false
T006680,2026-03-26T21:48:00,S04,,store,cash,1285,0,,false
T006681,2026-03-26T20:40:00,S05,M000327,store,mobile_payment,265,0,,false
T006682,2026-03-26T15:04:00,S05,M000281,store,credit_card,380,0,,false
T006683,2026-03-26T17:38:00,S05,M000970,store,line_pay,1005,0,,false
T006684,2026-03-26T21:01:00,S06,,store,cash,1160,0,,false
T006685,2026-03-26T12:14:00,S99,M000306,online,cash,105,0,,false
T006686,2026-03-26T20:45:00,S99,M000372,online,credit_card,160,0,,false
T006687,2026-03-27T21:48:00,S01,M000850,store,credit_card,355,0,,false
T006688,2026-03-27T18:21:00,S01,M000571,store,line_pay,655,0,,false
T006689,2026-03-27T21:12:00,S02,M000854,store,cash,175,0,,false
T006690,2026-03-27T17:22:00,S02,,store,mobile_payment,860,0,,false
T006691,2026-03-27T20:39:00,S03,M000598,store,cash,145,0,,false
T006692,2026-03-27T20:19:00,S04,M000288,store,credit_card,1659,0,,false
T006693,2026-03-27T19:13:00,S04,M000373,store,cash,1430,0,,false
T006694,2026-03-27T19:30:00,S04,M000248,store,line_pay,1240,0,,false
T006695,2026-03-27T12:10:00,S06,M000091,store,credit_card,1020,0,,false
T006696,2026-03-27T20:02:00,S06,,store,cash,2811,147,,false
T006697,2026-03-27T11:41:00,S06,,store,cash,654,56,,false
T006698,2026-03-28T14:19:00,S01,,store,credit_card,1770,0,,false
T006699,2026-03-28T19:25:00,S03,M000406,store,mobile_payment,110,0,,false
T006700,2026-03-28T14:31:00,S03,M000616,store,credit_card,165,0,,false
T006701,2026-03-28T17:53:00,S03,M000589,store,line_pay,105,0,,false
T006702,2026-03-28T16:12:00,S03,M001098,store,cash,110,0,,false
T006703,2026-03-28T17:17:00,S04,M000544,store,credit_card,1339,0,,false
T006704,2026-03-28T11:02:00,S04,M000454,store,cash,355,0,,false
T006705,2026-03-28T19:28:00,S04,,store,mobile_payment,2400,0,,false
T006706,2026-03-28T11:54:00,S05,M001042,store,cash,390,0,,false
T006707,2026-03-28T11:57:00,S05,,store,line_pay,1202,0,,false
T006708,2026-03-28T16:41:00,S06,M000171,store,credit_card,920,0,,false
T006709,2026-03-28T16:26:00,S06,M000451,store,credit_card,1120,0,,false
T006710,2026-03-28T12:58:00,S06,M000714,store,cash,1270,0,,false
T006711,2026-03-28T22:47:00,S99,M000198,online,credit_card,1040,0,,false
T006712,2026-03-29T15:14:00,S01,M000888,store,credit_card,1495,0,,false
T006713,2026-03-29T11:53:00,S01,,store,credit_card,960,0,,false
T006714,2026-03-29T11:27:00,S02,M000392,store,credit_card,130,0,,false
T006715,2026-03-29T19:01:00,S02,M000994,store,mobile_payment,145,0,,false
T006716,2026-03-29T16:32:00,S02,M001048,store,mobile_payment,1545,0,,false
T006717,2026-03-29T16:54:00,S02,M001064,store,line_pay,850,0,,false
T006718,2026-03-29T20:25:00,S03,M000344,store,credit_card,165,0,,false
T006719,2026-03-29T14:45:00,S03,M000991,store,credit_card,165,0,,false
T006720,2026-03-29T17:06:00,S03,M000496,store,line_pay,65,0,,false
T006721,2026-03-29T16:03:00,S04,M000647,store,credit_card,980,0,,false
T006722,2026-03-29T15:59:00,S05,M000776,store,cash,170,0,,false
T006723,2026-03-29T17:28:00,S05,M000119,store,cash,260,0,,false
T006724,2026-03-29T14:42:00,S05,M000693,store,line_pay,120,0,,false
T006725,2026-03-29T16:24:00,S05,M000940,store,mobile_payment,-130,0,,true
T006726,2026-03-29T12:22:00,S05,,store,credit_card,1237,107,,false
T006727,2026-03-29T14:15:00,S05,,store,cash,3092,0,,false
T006728,2026-03-29T17:28:00,S06,M000668,store,line_pay,135,0,,false
T006729,2026-03-29T17:28:00,S06,M000758,store,credit_card,110,0,,false
T006730,2026-03-29T15:42:00,S06,M000017,store,credit_card,110,0,,false
T006731,2026-03-29T19:25:00,S06,M001078,store,mobile_payment,1045,0,,false
T006732,2026-03-29T20:46:00,S99,M000521,online,credit_card,135,0,,false
T006733,2026-03-30T12:53:00,S01,M000291,store,credit_card,130,0,,false
T006734,2026-03-30T21:28:00,S01,M000209,store,credit_card,1180,0,,false
T006735,2026-03-30T20:16:00,S01,M001019,store,credit_card,560,0,,false
T006736,2026-03-30T15:08:00,S01,M000006,store,credit_card,1225,0,,false
T006737,2026-03-30T20:33:00,S02,M000401,store,credit_card,475,0,,false
T006738,2026-03-30T12:13:00,S03,M000378,store,mobile_payment,145,0,,false
T006739,2026-03-30T18:47:00,S03,M000736,store,cash,130,0,,false
T006740,2026-03-30T20:42:00,S03,M001003,store,cash,70,0,,false
T006741,2026-03-30T19:07:00,S03,M000887,store,mobile_payment,110,0,,false
T006742,2026-03-30T18:14:00,S03,M000253,store,cash,70,0,,false
T006743,2026-03-30T19:25:00,S04,M000756,store,credit_card,900,0,,false
T006744,2026-03-30T19:38:00,S05,M000398,store,credit_card,260,0,,false
T006745,2026-03-30T19:57:00,S05,M000623,store,cash,360,0,,false
T006746,2026-03-30T20:55:00,S05,M000088,store,credit_card,390,0,,false
T006747,2026-03-30T20:46:00,S06,M000845,store,credit_card,135,0,,false
T006748,2026-03-31T20:13:00,S01,M000370,store,credit_card,110,0,,false
T006749,2026-03-31T19:09:00,S01,,store,credit_card,2030,0,,false
T006750,2026-03-31T18:56:00,S02,M000405,store,cash,815,0,,false
T006751,2026-03-31T19:44:00,S03,M000196,store,credit_card,165,0,,false
T006752,2026-03-31T20:43:00,S03,M000977,store,credit_card,35,0,,false
T006753,2026-03-31T11:13:00,S03,M000444,store,credit_card,70,0,,false
T006754,2026-03-31T11:57:00,S03,M000011,store,mobile_payment,130,0,,false
T006755,2026/03/31 12:04,S03,M000081,store,credit_card,100,0,,false
T006756,2026-03-31T20:18:00,S03,M000520,store,credit_card,100,0,,false
T006757,2026-03-31T18:50:00,S03,,store,cash,1107,0,,false
T006758,2026-03-31T21:26:00,S03,,store,cash,1566,0,,false
T006759,2026-03-31T20:35:00,S04,M000564,store,cash,1545,0,,false
T006760,2026-03-31T15:24:00,S06,M001085,store,credit_card,110,0,,false
T006761,2026-03-31T18:57:00,S06,M000617,store,line_pay,100,0,,false
T006762,2026-04-01T15:27:00,S01,,store,mobile_payment,960,0,,false
T006763,2026-04-01T15:59:00,S02,M000806,store,cash,105,0,,false
T006764,2026-04-01T20:28:00,S04,M000164,store,credit_card,900,0,,false
T006765,2026-04-01T20:24:00,S04,M001128,store,line_pay,1339,0,,false
T006766,2026-04-01T18:40:00,S04,M000438,store,line_pay,1250,0,,false
T006767,2026-04-01T15:55:00,S04,M000958,store,cash,920,0,,false
T006768,2026-04-01T15:40:00,S04,,store,credit_card,3475,0,,false
T006769,2026/04/01 21:50,S05,M000643,store,credit_card,985,0,,false
T006770,2026-04-01T21:36:00,S99,M000335,online,credit_card,605,0,,false
T006771,2026-04-02T18:34:00,S02,,store,line_pay,992,0,,false
T006772,2026-04-02T12:15:00,S03,M000513,store,cash,105,0,,false
T006773,2026-04-02T18:15:00,S04,M000053,store,cash,1099,0,,false
T006774,2026-04-02T15:01:00,S04,M001148,store,credit_card,1434,0,,false
T006775,2026-04-02T12:50:00,S04,M000975,store,cash,700,0,,false
T006776,2026-04-02T18:14:00,S04,,store,cash,1744,151,,false
T006777,2026-04-02T19:11:00,S04,,store,cash,1995,100,,false
T006778,2026-04-02T12:16:00,S05,M000627,store,mobile_payment,290,0,,false
T006779,2026-04-02T20:33:00,S05,M000387,store,credit_card,260,0,,false
T006780,2026-04-02T11:49:00,S05,M000145,store,credit_card,1460,0,,false
T006781,2026-04-02T20:00:00,S06,,store,credit_card,960,0,,false
T006782,2026-04-03T15:50:00,S01,M000477,store,line_pay,570,0,,false
T006783,2026-04-03T15:47:00,S01,,store,line_pay,2106,0,,false
T006784,2026-04-03T19:53:00,S02,M000915,store,cash,980,0,,false
T006785,2026-04-03T15:49:00,S03,M000610,store,line_pay,35,0,,false
T006786,2026-04-03T19:10:00,S04,M000926,store,cash,760,0,,false
T006787,2026-04-03T15:41:00,S04,,store,credit_card,2287,0,,false
T006788,2026-04-03T17:07:00,S05,,store,credit_card,3820,0,,false
T006789,2026-04-03T15:42:00,S05,,store,line_pay,2228,0,,false
T006790,2026-04-03T21:42:00,S05,,store,line_pay,1323,72,,false
T006791,2026-04-03T20:32:00,S99,M001196,online,line_pay,1030,0,,false
T006792,2026-04-04T12:55:00,S02,M000533,store,cash,95,0,,false
T006793,2026-04-04T19:50:00,S03,M000532,store,cash,130,0,,false
T006794,2026-04-04T15:07:00,S03,M000032,store,cash,110,0,,false
T006795,2026-04-04T12:10:00,S03,M000321,store,mobile_payment,175,0,,false
T006796,2026-04-04T20:09:00,S03,M001071,store,cash,145,0,,false
T006797,2026-04-04T19:20:00,S03,M001054,store,line_pay,180,0,,false
T006798,2026-04-04T14:12:00,S04,M000178,store,mobile_payment,1519,0,,false
T006799,2026-04-04T12:17:00,S04,M000299,store,cash,1479,0,,false
T006800,2026-04-04T17:07:00,S04,M000222,store,credit_card,1418,0,,false
T006801,2026-04-04T15:19:00,S04,,store,cash,1688,0,,false
T006802,2026-04-04T16:33:00,S05,,store,credit_card,2462,0,,false
T006803,2026-04-04T16:15:00,S05,,store,credit_card,2005,0,,false
T006804,2026-04-04T19:18:00,S05,,store,credit_card,2248,102,,false
T006805,2026-04-04T11:40:00,S06,M001170,store,cash,870,0,,false
T006806,2026-04-04T11:04:00,S06,,store,line_pay,1308,0,,false
T006807,2026-04-04T22:24:00,S99,M000161,online,line_pay,510,0,,false
T006808,2026-04-05T17:55:00,S01,M001073,store,mobile_payment,1545,0,,false
T006809,2026-04-05T17:41:00,S01,M000476,store,credit_card,770,0,,false
T006810,2026-04-05T15:42:00,S02,M000968,store,credit_card,160,0,,false
T006811,2026-04-05T12:42:00,S02,M000549,store,credit_card,175,0,,false
T006812,2026-04-05T15:47:00,S02,,store,cash,2923,111,,false
T006813,2026-04-05T14:52:00,S03,M000003,store,credit_card,1200,0,,false
T006814,2026-04-05T17:27:00,S03,,store,line_pay,1486,0,,false
T006815,2026-04-05T15:58:00,S04,M001114,store,cash,1534,0,,false
T006816,2026-04-05T16:41:00,S05,M000628,store,mobile_payment,280,0,,false
T006817,2026-04-05T16:24:00,S06,M001009,store,credit_card,750,0,,false
T006818,2026-04-05T19:05:00,S06,,store,credit_card,2055,0,,false
T006819,2026-04-06T17:51:00,S01,M001007,store,cash,870,0,,false
T006820,2026-04-06T11:39:00,S01,M000449,store,mobile_payment,695,0,,false
T006821,2026-04-06T21:35:00,S01,,store,credit_card,1310,0,,false
T006822,2026-04-06T18:31:00,S03,M000592,store,line_pay,35,0,,false
T006823,2026-04-06T18:37:00,S03,M000453,store,credit_card,105,0,,false
T006824,2026-04-06T19:15:00,S04,M001114,store,line_pay,700,0,,false
T006825,2026-04-06T20:10:00,S04,M000553,store,cash,1030,0,,false
T006826,2026-04-06T20:30:00,S04,M001012,store,cash,1290,0,,false
T006827,2026-04-06T18:13:00,S05,M000939,store,credit_card,390,0,,false
T006828,2026-04-06T12:58:00,S06,M000443,store,credit_card,110,0,,false
T006829,2026-04-06T21:17:00,S06,M000293,store,line_pay,900,0,,false
T006830,2026-04-06T09:55:00,S99,M000170,online,cash,165,0,,false
T006831,2026-04-06T09:16:00,S99,M001123,online,mobile_payment,1135,0,,false
T006832,2026-04-07T12:19:00,S01,M000408,store,line_pay,160,0,,false
T006833,2026-04-07T20:40:00,S01,M000356,store,cash,105,0,,false
T006834,2026-04-07T20:14:00,S01,M000819,store,credit_card,1285,0,,false
T006835,2026-04-07T15:31:00,S01,M000947,store,line_pay,420,0,,false
T006836,2026-04-07T12:22:00,S01,,store,credit_card,3513,0,,false
T006837,2026-04-07T20:10:00,S01,,store,cash,2090,0,,false
T006838,2026-04-07T19:12:00,S02,M000218,store,credit_card,175,0,,false
T006839,2026-04-07T20:11:00,S03,M000105,store,credit_card,165,0,,false
T006840,2026-04-07T12:47:00,S03,M000786,store,mobile_payment,175,0,,false
T006841,2026-04-07T12:52:00,S04,M001197,store,cash,920,0,,false
T006842,2026-04-07T21:31:00,S05,M000599,store,credit_card,885,0,,false
T006843,2026-04-07T20:39:00,S05,M000722,store,credit_card,240,0,,false
T006844,2026-04-07T19:00:00,S05,M000535,store,line_pay,350,0,,false
T006845,2026-04-07T17:18:00,S05,M000704,store,cash,120,0,,false
T006846,2026-04-07T11:04:00,S05,,store,cash,1738,0,,false
T006847,2026-04-08T18:48:00,S01,,store,credit_card,2800,0,,false
T006848,2026-04-08T19:04:00,S02,,store,cash,1160,0,,false
T006849,2026-04-08T15:30:00,S03,M000962,store,cash,145,0,,false
T006850,2026-04-08T17:09:00,S03,M000140,store,cash,70,0,,false
T006851,2026-04-08T21:34:00,S03,M000279,store,mobile_payment,70,0,,false
T006852,2026-04-08T20:17:00,S03,M000660,store,mobile_payment,135,0,,false
T006853,2026-04-08T15:39:00,S04,M000551,store,mobile_payment,1599,0,,false
T006854,2026-04-08T12:12:00,S04,M000989,store,cash,1325,0,,false
T006855,2026-04-08T19:22:00,S05,M000421,store,line_pay,1430,0,,false
T006856,2026-04-08T18:32:00,S05,M000251,store,cash,995,0,,false
T006857,2026-04-08T09:21:00,S99,M000800,online,cash,1350,0,,false
T006858,2026-04-09T17:41:00,S01,M000324,store,line_pay,395,0,,false
T006859,2026-04-09T19:51:00,S01,M000449,store,cash,-220,0,,true
T006860,2026-04-09T15:37:00,S02,M000600,store,mobile_payment,745,0,,false
T006861,2026-04-09T15:42:00,S02,,store,credit_card,3431,0,,false
T006862,2026-04-09T21:51:00,S03,M000203,store,cash,180,0,,false
T006863,2026-04-09T20:36:00,S04,M000412,store,cash,110,0,,false
T006864,2026-04-09T12:33:00,S04,M000164,store,line_pay,1379,0,,false
T006865,2026-04-09T17:29:00,S04,M001045,store,credit_card,1425,0,,false
T006866,2026-04-09T19:15:00,S04,M001152,store,cash,920,0,,false
T006867,2026-04-09T17:33:00,S04,,store,cash,1280,0,,false
T006868,2026-04-09T17:59:00,S04,,store,cash,2061,0,,false
T006869,2026-04-09T21:56:00,S05,M000050,store,credit_card,390,0,,false
T006870,2026-04-09T17:54:00,S05,M000870,store,line_pay,320,0,,false
T006871,2026-04-09T20:18:00,S06,M000446,store,cash,105,0,,false
T006872,2026-04-09T20:16:00,S06,,store,mobile_payment,1943,0,,false
T006873,2026-04-10T15:02:00,S01,,store,credit_card,1136,69,,false
T006874,2026-04-10T20:35:00,S02,M000915,store,cash,940,0,,false
T006875,2026-04-10T11:21:00,S02,,store,line_pay,1790,0,,false
T006876,2026-04-10T21:57:00,S03,M000721,store,mobile_payment,130,0,,false
T006877,2026-04-10T20:26:00,S03,M000995,store,line_pay,70,0,,false
T006878,2026-04-10T12:59:00,S03,M000748,store,mobile_payment,70,0,,false
T006879,2026-04-10T17:30:00,S03,M000447,store,credit_card,135,0,,false
T006880,2026-04-10T20:26:00,S03,M001032,store,cash,180,0,,false
T006881,2026-04-10T12:02:00,S03,,store,credit_card,2231,0,,false
T006882,2026-04-10T17:19:00,S04,M000001,store,line_pay,145,0,,false
T006883,2026-04-10T18:43:00,S04,,store,cash,2040,0,,false
T006884,2026-04-10T11:36:00,S05,M000894,store,mobile_payment,1585,0,,false
T006885,2026-04-10T17:04:00,S05,M000815,store,cash,295,0,,false
T006886,2026-04-11T14:03:00,S02,M000375,store,cash,1365,0,,false
T006887,2026-04-11T17:03:00,S02,M000276,store,mobile_payment,680,0,,false
T006888,2026-04-11T19:23:00,S03,M000903,store,cash,135,0,,false
T006889,2026-04-11T20:37:00,S03,M001095,store,cash,105,0,,false
T006890,2026-04-11T12:34:00,S03,M000613,store,cash,870,0,,false
T006891,2026-04-11T16:16:00,S03,M000613,store,cash,880,0,,false
T006892,2026-04-11T17:42:00,S03,M000237,store,cash,910,0,,false
T006893,2026-04-11T12:43:00,S05,M001179,store,mobile_payment,190,0,,false
T006894,2026-04-11T15:56:00,S05,M000399,store,line_pay,240,0,,false
T006895,2026-04-11T12:42:00,S05,M000687,store,cash,325,0,,false
T006896,2026-04-11T12:40:00,S05,M000123,store,mobile_payment,630,0,,false
T006897,2026-04-11T21:33:00,S99,M000261,online,credit_card,790,0,,false
T006898,2026-04-12T17:30:00,S01,M000181,store,cash,1310,0,,false
T006899,2026-04-12T19:37:00,S01,,store,cash,1805,0,,false
T006900,2026-04-12T20:15:00,S01,,store,cash,1716,24,,false
T006901,2026-04-12T11:20:00,S02,,store,credit_card,2813,194,,false
T006902,2026-04-12T14:03:00,S03,M000086,store,credit_card,145,0,,false
T006903,2026-04-12T17:26:00,S03,M000183,store,cash,70,0,,false
T006904,2026-04-12T19:55:00,S03,M000195,store,cash,170,0,,false
T006905,2026-04-12T17:28:00,S03,M000127,store,credit_card,95,0,,false
T006906,2026-04-12T11:09:00,S03,M000435,store,cash,1250,0,,false
T006907,2026-04-12T12:48:00,S04,M000901,store,credit_card,800,0,,false
T006908,2026-04-12T20:57:00,S05,M001082,store,credit_card,95,0,,false
T006909,2026-04-12T12:59:00,S05,M000674,store,cash,995,0,,false
T006910,2026-04-12T14:13:00,S05,M000275,store,cash,390,0,,false
T006911,2026-04-12T12:12:00,S05,M000126,store,line_pay,300,0,,false
T006912,2026-04-12T16:19:00,S05,M000419,store,cash,390,0,,false
T006913,2026-04-12T17:18:00,S06,M000439,store,line_pay,190,0,,false
T006914,2026-04-12T22:38:00,S99,M000665,online,cash,1085,0,,false
T006915,2026-04-12T20:56:00,S99,M000311,online,line_pay,1100,0,,false
T006916,2026-04-13T19:24:00,S01,M000006,store,cash,-560,0,,true
T006917,2026-04-13T18:36:00,S01,,store,cash,2630,0,,false
T006918,2026/04/13 18:30,S02,M000259,store,cash,160,0,,false
T006919,2026-04-13T19:47:00,S02,M000393,store,credit_card,440,0,,false
T006920,2026-04-13T17:58:00,S03,M000563,store,line_pay,130,0,,false
T006921,2026-04-13T15:00:00,S03,M001157,store,credit_card,70,0,,false
T006922,2026-04-13T18:05:00,S04,,store,credit_card,2059,0,,false
T006923,2026-04-13T21:34:00,S04,,store,line_pay,1999,28,,false
T006924,2026-04-13T19:28:00,S05,M000173,store,line_pay,305,0,,false
T006925,2026-04-13T12:50:00,S05,M000340,store,credit_card,440,0,,false
T006926,2026-04-13T15:38:00,S05,,store,credit_card,2863,0,,false
T006927,2026-04-13T20:27:00,S06,M000527,store,line_pay,190,0,,false
T006928,2026-04-13T20:36:00,S99,M000582,online,mobile_payment,600,0,,false
T006929,2026-04-14T20:27:00,S01,M001156,store,cash,1065,0,,false
T006930,2026-04-14T18:57:00,S02,M000968,store,credit_card,130,0,,false
T006931,2026-04-14T12:33:00,S03,M000185,store,cash,165,0,,false
T006932,2026-04-14T17:05:00,S03,M000108,store,cash,70,0,,false
T006933,2026-04-14T15:53:00,S03,M000583,store,line_pay,35,0,,false
T006934,2026-04-14T18:55:00,S04,M000222,store,cash,820,0,,false
T006935,2026-04-14T15:50:00,S05,M000024,store,credit_card,300,0,,false
T006936,2026-04-14T18:31:00,S05,M000837,store,credit_card,1425,0,,false
T006937,2026-04-14T12:40:00,S05,M000307,store,cash,565,0,,false
T006938,2026-04-14T21:17:00,S05,M000751,store,cash,765,0,,false
T006939,2026-04-14T20:47:00,S06,M000936,store,cash,815,0,,false
T006940,2026-04-14T21:13:00,S99,M001194,online,line_pay,2218,0,,false
T006941,2026-04-15T18:01:00,S03,M000772,store,cash,1630,0,,false
T006942,2026-04-15T18:21:00,S04,M000414,store,mobile_payment,1139,0,,false
T006943,2026-04-15T18:25:00,S04,M000030,store,mobile_payment,1299,0,,false
T006944,2026-04-15T21:02:00,S04,M000703,store,cash,1095,0,,false
T006945,2026-04-15T12:53:00,S04,,store,credit_card,2425,127,,false
T006946,2026-04-15T17:25:00,S05,M000123,store,credit_card,400,0,,false
T006947,2026-04-15T20:48:00,S06,M000708,store,cash,175,0,,false
T006948,2026-04-15T19:02:00,S06,M000608,store,credit_card,750,0,,false
T006949,2026-04-16T15:04:00,S01,M000685,store,credit_card,870,0,,false
T006950,2026-04-16T12:55:00,S02,M000328,store,cash,175,0,,false
T006951,2026-04-16T20:34:00,S02,M000530,store,cash,1220,0,,false
T006952,2026-04-16T19:30:00,S03,M001090,store,credit_card,70,0,,false
T006953,2026-04-16T15:18:00,S03,M000167,store,line_pay,130,0,,false
T006954,2026-04-16T21:16:00,S04,M000782,store,credit_card,160,0,,false
T006955,2026-04-16T18:19:00,S05,M000136,store,mobile_payment,100,0,,false
T006956,2026-04-16T19:45:00,S05,M001102,store,cash,1630,0,,false
T006957,2026-04-16T17:10:00,S05,M000853,store,mobile_payment,390,0,,false
T006958,2026-04-16T17:18:00,S06,,store,credit_card,1039,0,,false
T006959,2026-04-16T14:06:00,S99,M001047,online,credit_card,190,0,,false
T006960,2026/04/17 15:56,S01,,store,cash,1955,0,,false
T006961,2026-04-17T17:09:00,S02,M000998,store,line_pay,95,0,,false
T006962,2026-04-17T19:04:00,S03,M000547,store,line_pay,190,0,,false
T006963,2026/04/17 19:26,S03,M000162,store,credit_card,35,0,,false
T006964,2026-04-17T12:22:00,S03,M000463,store,credit_card,175,0,,false
T006965,2026-04-17T12:49:00,S03,M000190,store,cash,160,0,,false
T006966,2026-04-17T19:54:00,S04,,store,line_pay,989,0,,false
T006967,2026-04-17T21:13:00,S05,M001025,store,cash,365,0,,false
T006968,2026-04-17T20:41:00,S99,M000407,online,cash,940,0,,false
T006969,2026-04-17T09:57:00,S99,M000666,online,credit_card,855,0,,false
T006970,2026-04-18T14:53:00,S01,M000955,store,cash,165,0,,false
T006971,2026-04-18T15:44:00,S01,M000917,store,credit_card,1080,0,,false
T006972,2026-04-18T15:51:00,S01,,store,credit_card,3906,0,,false
T006973,2026-04-18T14:07:00,S02,,store,credit_card,1540,0,,false
T006974,2026-04-18T20:45:00,S03,M000579,store,cash,35,0,,false
T006975,2026-04-18T17:52:00,S03,M000052,store,credit_card,140,0,,false
T006976,2026-04-18T20:41:00,S03,M000100,store,credit_card,35,0,,false
T006977,2026-04-18T12:41:00,S03,M000358,store,cash,130,0,,false
T006978,2026-04-18T19:07:00,S04,M000544,store,credit_card,1339,0,,false
T006979,2026-04-18T14:07:00,S04,M000454,store,credit_card,860,0,,false
T006980,2026-04-18T19:46:00,S04,M000686,store,credit_card,475,0,,false
T006981,2026-04-18T20:26:00,S04,,store,line_pay,1295,0,,false
T006982,2026-04-18T15:47:00,S05,M001198,store,line_pay,385,0,,false
T006983,2026-04-18T14:42:00,S05,,store,cash,2098,0,,false
T006984,2026-04-18T15:06:00,S05,,store,credit_card,1888,42,,false
T006985,2026-04-18T19:37:00,S06,M000715,store,credit_card,430,0,,false
T006986,2026-04-18T17:21:00,S06,,store,credit_card,1744,0,,false
T006987,2026-04-18T11:31:00,S06,,store,mobile_payment,1675,0,,false
T006988,2026-04-18T14:31:00,S99,M000022,online,cash,65,0,,false
T006989,2026-04-19T20:25:00,S01,M000612,store,credit_card,955,0,,false
T006990,2026-04-19T16:50:00,S01,M000498,store,cash,415,0,,false
T006991,2026-04-19T19:44:00,S01,,store,credit_card,1648,0,,false
T006992,2026-04-19T16:14:00,S02,,store,cash,1459,0,,false
T006993,2026-04-19T15:14:00,S03,M001046,store,line_pay,35,0,,false
T006994,2026-04-19T19:08:00,S04,,store,credit_card,1780,0,,false
T006995,2026-04-19T12:46:00,S06,M000750,store,mobile_payment,195,0,,false
T006996,2026-04-19T11:59:00,S06,M000255,store,mobile_payment,175,0,,false
T006997,2026-04-19T09:21:00,S99,M000176,online,cash,95,0,,false
T006998,2026-04-20T12:07:00,S02,M000318,store,cash,175,0,,false
T006999,2026-04-20T17:02:00,S02,M000202,store,cash,160,0,,false
T007000,2026-04-20T21:31:00,S03,M000009,store,cash,70,0,,false
T007001,2026-04-20T19:20:00,S03,M000287,store,cash,870,0,,false
T007002,2026-04-20T20:41:00,S04,M000288,store,line_pay,1319,0,,false
T007003,2026-04-20T17:07:00,S05,M001140,store,credit_card,350,0,,false
T007004,2026-04-20T15:15:00,S05,M001146,store,cash,335,0,,false
T007005,2026-04-20T17:00:00,S05,M000569,store,mobile_payment,1290,0,,false
T007006,2026-04-20T19:03:00,S05,M000122,store,cash,1480,0,,false
T007007,2026-04-20T15:57:00,S05,,store,credit_card,2088,0,,false
T007008,2026-04-20T12:30:00,S06,M001015,store,credit_card,130,0,,false
T007009,2026-04-20T17:59:00,S06,,store,cash,960,0,,false
T007010,2026-04-20T12:56:00,S99,M000794,online,cash,330,0,,false
T007011,2026-04-21T21:23:00,S03,M001065,store,mobile_payment,105,0,,false
T007012,2026-04-21T12:58:00,S03,M000089,store,line_pay,70,0,,false
T007013,2026-04-21T15:56:00,S03,M000233,store,cash,605,0,,false
T007014,2026-04-21T20:50:00,S04,M001148,store,line_pay,1339,0,,false
T007015,2026-04-21T17:02:00,S04,M000561,store,cash,780,0,,false
T007016,2026-04-21T11:56:00,S04,,store,cash,1801,132,,false
T007017,2026-04-21T17:17:00,S05,M000383,store,cash,1565,0,,false
T007018,2026-04-21T19:53:00,S05,M000186,store,credit_card,330,0,,false
T007019,2026-04-21T17:57:00,S05,M000672,store,line_pay,340,0,,false
T007020,2026-04-21T20:07:00,S05,,store,cash,-95,0,,true
T007021,2026-04-21T21:37:00,S99,M000690,online,credit_card,590,0,,false
T007022,2026-04-21T20:58:00,S99,,online,cash,1594,0,,false
T007023,2026-04-22T21:20:00,S01,M001171,store,line_pay,970,0,,false
T007024,2026-04-22T21:25:00,S02,M000080,store,line_pay,145,0,,false
T007025,2026-04-22T12:05:00,S02,M000345,store,credit_card,750,0,,false
T007026,2026-04-22T19:38:00,S02,,store,credit_card,1728,191,,false
T007027,2026-04-22T18:51:00,S03,M000458,store,credit_card,145,0,,false
T007028,2026-04-22T17:52:00,S03,M000927,store,credit_card,130,0,,false
T007029,2026-04-22T19:08:00,S03,M000031,store,cash,170,0,,false
T007030,2026-04-22T12:39:00,S03,M000961,store,cash,160,0,,false
T007031,2026-04-22T19:58:00,S03,M000487,store,line_pay,35,0,,false
T007032,2026-04-22T21:52:00,S03,,store,credit_card,3211,0,,false
T007033,2026/04/22 15:45,S04,M000440,store,credit_card,1620,0,,false
T007034,2026-04-22T18:05:00,S04,M000178,store,cash,1314,0,,false
T007035,2026-04-22T17:34:00,S04,M001128,store,line_pay,1499,0,,false
T007036,2026-04-22T17:03:00,S04,M000769,store,mobile_payment,1215,0,,false
T007037,2026-04-22T19:35:00,S04,,store,credit_card,2563,0,,false
T007038,2026-04-22T12:33:00,S04,,store,cash,3525,0,,false
T007039,2026-04-22T17:40:00,S05,M000286,store,mobile_payment,1485,0,,false
T007040,2026-04-22T11:35:00,S05,M000566,store,line_pay,390,0,,false
T007041,2026-04-22T19:10:00,S05,M000048,store,cash,300,0,,false
T007042,2026-04-22T20:37:00,S05,M000944,store,cash,370,0,,false
T007043,2026-04-22T19:21:00,S05,M000421,store,cash,1200,0,,false
T007044,2026-04-22T19:47:00,S05,,store,credit_card,2780,0,,false
T007045,2026-04-23T20:54:00,S01,M000889,store,credit_card,95,0,,false
T007046,2026-04-23T15:02:00,S01,M001077,store,credit_card,130,0,,false
T007047,2026-04-23T19:11:00,S02,M000738,store,cash,100,0,,false
T007048,2026-04-23T15:19:00,S02,M000507,store,cash,1480,0,,false
T007049,2026-04-23T15:30:00,S03,M000064,store,cash,525,0,,false
T007050,2026-04-23T18:30:00,S04,M000222,store,credit_card,1419,0,,false
T007051,2026-04-23T18:36:00,S04,,store,credit_card,1665,0,,false
T007052,2026-04-23T12:28:00,S05,M000386,store,cash,270,0,,false
T007053,2026-04-23T17:10:00,S05,,store,cash,1183,62,,false
T007054,2026-04-23T15:58:00,S06,M000083,store,line_pay,1365,0,,false
T007055,2026-04-23T20:53:00,S06,M000451,store,line_pay,535,0,,false
T007056,2026-04-23T14:17:00,S99,M000812,online,cash,95,0,,false
T007057,2026-04-24T15:06:00,S01,,store,cash,1520,80,,false
T007058,2026-04-24T11:29:00,S02,M000336,store,cash,1590,0,,false
T007059,2026-04-24T19:26:00,S02,,store,cash,2218,37,,false
T007060,2026-04-24T12:26:00,S03,M001153,store,credit_card,175,0,,false
T007061,2026-04-24T15:16:00,S03,M000199,store,mobile_payment,70,0,,false
T007062,2026-04-24T11:22:00,S03,M000823,store,line_pay,95,0,,false
T007063,2026-04-24T15:29:00,S03,M000804,store,cash,145,0,,false
T007064,2026-04-24T18:44:00,S03,M000452,store,line_pay,130,0,,false
T007065,2026-04-24T18:49:00,S03,M000613,store,credit_card,470,0,,false
T007066,2026/04/24 21:19,S04,M000740,store,credit_card,1179,0,,false
T007067,2026-04-24T17:44:00,S04,,store,cash,1049,0,,false
T007068,2026-04-24T22:27:00,S99,M000908,online,mobile_payment,1185,0,,false
T007069,2026-04-24T21:42:00,S99,M001194,online,credit_card,2001,0,,false
T007070,2026-04-25T19:30:00,S01,M000413,store,line_pay,95,0,,false
T007071,2026-04-25T17:18:00,S01,,store,cash,2949,0,,false
T007072,2026-04-25T12:48:00,S01,,store,cash,1750,0,,false
T007073,2026-04-25T20:31:00,S02,M000467,store,cash,1520,0,,false
T007074,2026-04-25T20:24:00,S03,M000877,store,cash,105,0,,false
T007075,2026-04-25T12:11:00,S03,M000613,store,line_pay,1020,0,,false
T007076,2026-04-25T15:47:00,S03,,store,line_pay,2399,0,,false
T007077,2026-04-25T17:28:00,S04,M000053,store,cash,1434,0,,false
T007078,2026-04-25T20:42:00,S04,M000778,store,line_pay,1090,0,,false
T007079,2026-04-25T20:16:00,S05,M000872,store,cash,290,0,,false
T007080,2026-04-25T15:35:00,S05,M001100,store,credit_card,390,0,,false
T007081,2026-04-25T16:50:00,S05,M001109,store,line_pay,370,0,,false
T007082,2026-04-25T15:26:00,S05,,store,mobile_payment,1465,0,,false
T007083,2026-04-26T16:24:00,S01,M000874,store,credit_card,1255,0,,false
T007084,2026-04-26T17:14:00,S01,M000942,store,credit_card,1280,0,,false
T007085,2026-04-26T20:21:00,S02,M001168,store,cash,130,0,,false
T007086,2026-04-26T19:20:00,S02,M001010,store,credit_card,1325,0,,false
T007087,2026-04-26T11:20:00,S02,M001125,store,cash,1230,0,,false
T007088,2026-04-26T11:00:00,S03,M000109,store,cash,105,0,,false
T007089,2026-04-26T19:55:00,S05,M000868,store,cash,130,0,,false
T007090,2026-04-26T19:49:00,S05,M000338,store,cash,260,0,,false
T007091,2026-04-26T17:34:00,S06,M000365,store,line_pay,95,0,,false
T007092,2026-04-26T09:31:00,S99,M000142,online,credit_card,1142,0,,false
T007093,2026-04-27T15:53:00,S03,M000658,store,credit_card,35,0,,false
T007094,2026-04-27T19:28:00,S03,M000141,store,line_pay,110,0,,false
T007095,2026-04-27T17:51:00,S03,M001172,store,cash,70,0,,false
T007096,2026-04-27T12:06:00,S03,M000470,store,credit_card,1069,0,,false
T007097,2026-04-27T20:50:00,S04,M000060,store,cash,760,0,,false
T007098,2026-04-27T20:14:00,S04,M001020,store,credit_card,925,0,,false
T007099,2026-04-27T20:10:00,S04,M000438,store,cash,945,0,,false
T007100,2026-04-27T12:42:00,S05,M000645,store,mobile_payment,390,0,,false
T007101,2026-04-27T17:26:00,S05,M000427,store,mobile_payment,370,0,,false
T007102,2026-04-27T19:59:00,S05,,store,credit_card,1280,0,,false
T007103,2026-04-27T11:50:00,S06,,store,line_pay,1079,0,,false
T007104,2026-04-28T19:24:00,S01,,store,mobile_payment,1448,0,,false
T007105,2026-04-28T15:33:00,S02,M000705,store,mobile_payment,100,0,,false
T007106,2026-04-28T19:22:00,S02,,store,credit_card,1824,0,,false
T007107,2026-04-28T18:22:00,S04,M001114,store,line_pay,1319,0,,false
T007108,2026-04-28T18:50:00,S05,M000380,store,cash,1355,0,,false
T007109,2026-04-28T21:35:00,S05,,store,cash,1654,0,,false
T007110,2026-04-28T11:23:00,S06,M000346,store,cash,110,0,,false
T007111,2026-04-28T20:30:00,S06,M000446,store,credit_card,110,0,,false
T007112,2026-04-28T12:42:00,S99,M000603,online,credit_card,190,0,,false
T007113,2026-04-28T21:47:00,S99,M000067,online,mobile_payment,940,0,,false
T007114,2026-04-28T14:18:00,S99,M000582,online,cash,415,0,,false
T007115,2026-04-29T21:55:00,S02,M000805,store,credit_card,175,0,,false
T007116,2026-04-29T17:48:00,S02,M001129,store,mobile_payment,975,0,,false
T007117,2026-04-29T20:36:00,S03,M000579,store,mobile_payment,35,0,,false
T007118,2026-04-29T18:06:00,S03,M000203,store,credit_card,70,0,,false
T007119,2026-04-29T17:17:00,S03,M000677,store,cash,175,0,,false
T007120,2026-04-29T17:01:00,S03,M001160,store,cash,180,0,,false
T007121,2026-04-29T18:25:00,S04,M001016,store,cash,2035,0,,false
T007122,2026-04-29T17:55:00,S05,M000357,store,credit_card,240,0,,false
T007123,2026-04-30T12:21:00,S01,,store,line_pay,1449,0,,false
T007124,2026-04-30T20:41:00,S02,M000369,store,line_pay,130,0,,false
T007125,2026-04-30T12:46:00,S02,M000651,store,credit_card,1020,0,,false
T007126,2026-04-30T19:22:00,S03,M000609,store,cash,95,0,,false
T007127,2026-04-30T18:10:00,S03,M000221,store,cash,100,0,,false
T007128,2026-04-30T21:32:00,S03,M000518,store,mobile_payment,165,0,,false
T007129,2026-04-30T21:16:00,S03,M000436,store,credit_card,175,0,,false
T007130,2026-04-30T20:28:00,S03,M000256,store,cash,130,0,,false
T007131,2026-04-30T18:43:00,S03,M000394,store,credit_card,110,0,,false
T007132,2026-04-30T20:57:00,S03,M000808,store,credit_card,1270,0,,false
T007133,2026-04-30T21:07:00,S03,,store,cash,952,0,,false
T007134,2026-04-30T19:13:00,S04,M000030,store,cash,1699,0,,false
T007135,2026-04-30T19:00:00,S04,M001016,store,line_pay,860,0,,false
T007136,2026-04-30T15:20:00,S04,M000454,store,credit_card,740,0,,false
T007137,2026-04-30T21:03:00,S04,,store,line_pay,1190,0,,false
T007138,2026-04-30T20:48:00,S05,M000972,store,cash,160,0,,false
T007139,2026-04-30T20:03:00,S05,M000709,store,cash,1580,0,,false
T007140,2026-04-30T21:47:00,S05,M000313,store,cash,1025,0,,false
T007141,2026-04-30T20:42:00,S05,M001159,store,credit_card,120,0,,false
T007142,2026-04-30T21:00:00,S05,M000333,store,cash,370,0,,false
T007143,2026-04-30T15:32:00,S05,M000123,store,line_pay,605,0,,false
T007144,2026-04-30T17:04:00,S05,M000082,store,credit_card,760,0,,false
T007145,2026-04-30T19:23:00,S05,M001184,store,credit_card,1005,0,,false
T007146,2026-04-30T18:02:00,S06,M000322,store,credit_card,110,0,,false
T007147,2026-05-01T18:07:00,S02,M000362,store,cash,1410,0,,false
T007148,2026-05-01T17:13:00,S03,M000903,store,mobile_payment,160,0,,false
T007149,2026-05-01T19:07:00,S03,M000602,store,cash,110,0,,false
T007150,2026-05-01T21:05:00,S03,M000471,store,credit_card,1160,0,,false
T007151,2026-05-01T11:59:00,S03,M000620,store,cash,1500,0,,false
T007152,2026-05-01T12:46:00,S04,M000053,store,cash,895,0,,false
T007153,2026-05-01T12:30:00,S04,M000164,store,credit_card,1319,0,,false
T007154,2026-05-01T12:15:00,S04,,store,cash,1815,95,,false
T007155,2026-05-01T18:47:00,S05,M000504,store,credit_card,440,0,,false
T007156,2026-05-01T17:27:00,S05,,store,line_pay,2334,0,,false
T007157,2026-05-01T21:12:00,S06,M001200,store,credit_card,1570,0,,false
T007158,2026-05-02T12:45:00,S01,M000433,store,mobile_payment,425,0,,false
T007159,2026-05-02T14:04:00,S01,,store,credit_card,2210,0,,false
T007160,2026-05-02T20:55:00,S02,M000417,store,cash,1025,0,,false
T007161,2026-05-02T17:25:00,S02,M000915,store,cash,890,0,,false
T007162,2026-05-02T14:19:00,S02,M000987,store,line_pay,1027,0,,false
T007163,2026-05-02T20:08:00,S03,M001052,store,credit_card,110,0,,false
T007164,2026-05-02T12:06:00,S03,M000562,store,credit_card,70,0,,false
T007165,2026-05-02T16:49:00,S03,M000295,store,credit_card,35,0,,false
T007166,2026-05-02T15:07:00,S03,M000228,store,line_pay,890,0,,false
T007167,2026-05-02T20:05:00,S04,M000269,store,cash,875,0,,false
T007168,2026-05-02T20:00:00,S05,,store,cash,3118,0,,false
T007169,2026-05-02T20:26:00,S99,M000833,online,credit_card,1465,0,,false
T007170,2026-05-03T20:28:00,S02,M001039,store,line_pay,110,0,,false
T007171,2026-05-03T16:30:00,S02,M000517,store,credit_card,95,0,,false
T007172,2026-05-03T15:03:00,S02,M000243,store,line_pay,160,0,,false
T007173,2026/05/03 17:20,S03,M000235,store,cash,160,0,,false
T007174,2026-05-03T17:37:00,S03,M000165,store,cash,100,0,,false
T007175,2026-05-03T17:03:00,S03,M000238,store,cash,135,0,,false
T007176,2026-05-03T15:07:00,S03,M000906,store,line_pay,145,0,,false
T007177,2026-05-03T17:24:00,S03,M000626,store,cash,160,0,,false
T007178,2026-05-03T12:38:00,S03,M000230,store,credit_card,170,0,,false
T007179,2026-05-03T15:44:00,S03,M000163,store,cash,1430,0,,false
T007180,2026-05-03T16:26:00,S03,,store,credit_card,896,99,,false
T007181,2026-05-03T12:22:00,S04,M000384,store,credit_card,520,0,,false
T007182,2026/05/03 19:07,S05,M000565,store,credit_card,930,0,,false
T007183,2026-05-03T20:15:00,S05,,store,credit_card,2907,0,,false
T007184,2026-05-03T11:12:00,S05,,store,cash,1401,0,,false
T007185,2026-05-03T22:04:00,S99,M000232,online,line_pay,910,0,,false
T007186,2026/05/04 19:20,S01,M000019,store,cash,1280,0,,false
T007187,2026-05-04T20:13:00,S01,,store,credit_card,480,0,,false
T007188,2026-05-04T21:06:00,S02,M000811,store,line_pay,95,0,,false
T007189,2026/05/04 19:39,S02,M000104,store,cash,110,0,,false
T007190,2026-05-04T17:24:00,S02,M000537,store,mobile_payment,175,0,,false
T007191,2026-05-04T11:18:00,S02,M000395,store,credit_card,1220,0,,false
T007192,2026-05-04T19:34:00,S02,M000508,store,cash,615,0,,false
T007193,2026-05-04T20:12:00,S03,M000106,store,line_pay,105,0,,false
T007194,2026-05-04T17:43:00,S04,M000859,store,line_pay,975,0,,false
T007195,2026-05-04T17:23:00,S05,M000976,store,credit_card,190,0,,false
T007196,2026-05-04T20:50:00,S05,M000702,store,credit_card,350,0,,false
T007197,2026-05-04T20:06:00,S06,M000510,store,mobile_payment,1165,0,,false
T007198,2026-05-05T12:20:00,S01,M000278,store,line_pay,1330,0,,false
T007199,2026-05-05T15:07:00,S01,,store,line_pay,1838,0,,false
T007200,2026-05-05T17:40:00,S02,M001002,store,mobile_payment,1555,0,,false
T007201,2026-05-05T17:28:00,S03,M000177,store,credit_card,70,0,,false
T007202,2026-05-05T18:59:00,S03,,store,cash,1469,163,,false
T007203,2026-05-05T20:57:00,S04,M000414,store,cash,1479,0,,false
T007204,2026-05-05T20:44:00,S04,M000752,store,credit_card,1120,0,,false
T007205,2026-05-05T12:07:00,S04,M000489,store,cash,1310,0,,false
T007206,2026-05-05T17:26:00,S05,M000148,store,cash,270,0,,false
T007207,2026-05-05T17:34:00,S05,M000359,store,credit_card,310,0,,false
T007208,2026/05/05 12:37,S05,M000970,store,mobile_payment,1190,0,,false
T007209,2026-05-05T11:35:00,S05,,store,credit_card,1424,41,,false
T007210,2026-05-05T21:18:00,S99,M001194,online,credit_card,1625,0,,false
T007211,2026-05-06T20:13:00,S01,,store,mobile_payment,800,0,,false
T007212,2026-05-06T11:30:00,S02,M000921,store,credit_card,65,0,,false
T007213,2026-05-06T21:01:00,S02,M001006,store,cash,105,0,,false
T007214,2026-05-06T11:29:00,S02,M000282,store,credit_card,1260,0,,false
T007215,2026-05-06T18:53:00,S02,M000023,store,cash,275,0,,false
T007216,2026-05-06T19:13:00,S02,,store,line_pay,991,86,,false
T007217,2026/05/06 17:54,S02,,store,credit_card,2319,0,,false
T007218,2026-05-06T11:07:00,S03,M001163,store,credit_card,170,0,,false
T007219,2026-05-06T17:27:00,S03,M001023,store,credit_card,175,0,,false
T007220,2026-05-06T12:25:00,S03,M000078,store,cash,145,0,,false
T007221,2026-05-06T18:52:00,S04,M000197,store,cash,1290,0,,false
T007222,2026/05/06 15:10,S04,M000055,store,mobile_payment,915,0,,false
T007223,2026-05-06T17:21:00,S04,M000528,store,mobile_payment,480,0,,false
T007224,2026-05-06T18:22:00,S04,M000718,store,cash,560,0,,false
T007225,2026-05-06T09:55:00,S99,M000867,online,mobile_payment,175,0,,false
T007226,2026-05-06T21:01:00,S99,M000244,online,credit_card,1050,0,,false
T007227,2026-05-07T18:54:00,S01,M001018,store,line_pay,710,0,,false
T007228,2026-05-07T15:37:00,S01,M000899,store,credit_card,1285,0,,false
T007229,2026-05-07T20:03:00,S01,M000468,store,credit_card,1185,0,,false
T007230,2026-05-07T12:57:00,S02,M000650,store,line_pay,180,0,,false
T007231,2026-05-07T20:56:00,S03,M000982,store,line_pay,165,0,,false
T007232,2026-05-07T19:58:00,S03,M000996,store,mobile_payment,140,0,,false
T007233,2026-05-07T21:52:00,S03,M000779,store,line_pay,175,0,,false
T007234,2026-05-07T20:02:00,S04,M000544,store,credit_card,1539,0,,false
T007235,2026-05-07T19:32:00,S04,M000391,store,credit_card,545,0,,false
T007236,2026-05-07T20:00:00,S04,,store,line_pay,1340,0,,false
T007237,2026/05/07 12:43,S05,M000493,store,cash,160,0,,false
T007238,2026-05-07T21:44:00,S05,M000505,store,cash,240,0,,false
T007239,2026/05/07 17:17,S05,M000935,store,line_pay,285,0,,false
T007240,2026-05-07T22:52:00,S99,M000381,online,credit_card,1260,0,,false
T007241,2026-05-08T18:52:00,S01,,store,line_pay,2817,0,,false
T007242,2026-05-08T19:55:00,S03,M000185,store,credit_card,195,0,,false
T007243,2026-05-08T18:54:00,S03,M000660,store,credit_card,130,0,,false
T007244,2026-05-08T21:21:00,S03,M000717,store,mobile_payment,165,0,,false
T007245,2026-05-08T21:06:00,S03,M000320,store,credit_card,1235,0,,false
T007246,2026/05/08 18:24,S04,M001114,store,credit_card,895,0,,false
T007247,2026-05-08T11:59:00,S04,M000249,store,line_pay,1200,0,,false
T007248,2026-05-08T11:59:00,S04,M000257,store,line_pay,870,0,,false
T007249,2026-05-08T20:52:00,S04,M000862,store,cash,1130,0,,false
T007250,2026-05-08T15:36:00,S04,,store,line_pay,-35,0,,true
T007251,2026-05-08T20:01:00,S05,M000940,store,line_pay,390,0,,false
T007252,2026-05-08T12:38:00,S05,M000379,store,credit_card,1000,0,,false
T007253,2026-05-08T20:52:00,S05,,store,credit_card,2449,93,,false
T007254,2026-05-08T18:58:00,S06,M000451,store,line_pay,855,0,,false
T007255,2026-05-08T18:02:00,S06,,store,cash,1000,0,,false
T007256,2026-05-08T21:50:00,S99,,online,credit_card,696,0,,false
T007257,2026-05-09T12:06:00,S01,M001073,store,credit_card,830,0,,false
T007258,2026-05-09T17:16:00,S02,M000469,store,cash,130,0,,false
T007259,2026-05-09T14:45:00,S02,M000950,store,mobile_payment,130,0,,false
T007260,2026-05-09T16:25:00,S02,,store,cash,1241,0,,false
T007261,2026-05-09T12:05:00,S02,,store,credit_card,1280,0,,false
T007262,2026-05-09T14:34:00,S03,M000799,store,line_pay,130,0,,false
T007263,2026-05-09T14:39:00,S03,M000308,store,cash,70,0,,false
T007264,2026-05-09T16:24:00,S03,M000032,store,credit_card,175,0,,false
T007265,2026-05-09T15:03:00,S03,M000757,store,cash,110,0,,false
T007266,2026-05-09T16:37:00,S03,M000174,store,cash,195,0,,false
T007267,2026-05-09T12:09:00,S03,M001145,store,cash,160,0,,false
T007268,2026-05-09T17:41:00,S03,M000635,store,credit_card,1160,0,,false
T007269,2026-05-09T14:01:00,S04,M000519,store,cash,900,0,,false
T007270,2026-05-09T12:08:00,S04,M000564,store,credit_card,1470,0,,false
T007271,2026-05-09T16:02:00,S04,,store,cash,770,0,,false
T007272,2026-05-09T14:15:00,S04,,store,line_pay,2942,0,,false
T007273,2026-05-09T20:24:00,S05,M001122,store,line_pay,320,0,,false
T007274,2026-05-10T17:01:00,S01,M000085,store,credit_card,1085,0,,false
T007275,2026-05-10T19:22:00,S02,M001144,store,line_pay,175,0,,false
T007276,2026-05-10T17:38:00,S02,M000965,store,credit_card,1410,0,,false
T007277,2026-05-10T20:27:00,S03,M000453,store,mobile_payment,175,0,,false
T007278,2026-05-10T15:42:00,S03,M000168,store,credit_card,410,0,,false
T007279,2026-05-10T17:31:00,S04,M000179,store,credit_card,960,0,,false
T007280,2026-05-10T14:14:00,S04,M000803,store,credit_card,1070,0,,false
T007281,2026-05-10T20:26:00,S04,,store,line_pay,2276,224,,false
T007282,2026-05-10T17:07:00,S05,M001058,store,credit_card,415,0,,false
T007283,2026-05-10T19:14:00,S05,M000680,store,cash,440,0,,false
T007284,2026-05-10T19:15:00,S05,M000111,store,mobile_payment,1040,0,,false
T007285,2026-05-10T17:31:00,S05,,store,credit_card,2294,120,,false
T007286,2026-05-10T17:56:00,S06,M000669,store,credit_card,130,0,,false
T007287,2026-05-10T20:58:00,S06,,store,mobile_payment,1640,0,,false
T007288,2026-05-10T14:51:00,S99,M001029,online,mobile_payment,1515,0,,false
T007289,2026-05-10T22:32:00,S99,M000742,online,mobile_payment,625,0,,false
T007290,2026-05-11T21:27:00,S02,,store,line_pay,2035,0,,false
T007291,2026-05-11T19:31:00,S03,M000583,store,line_pay,165,0,,false
T007292,2026-05-11T20:35:00,S04,M000360,store,line_pay,1030,0,,false
T007293,2026-05-11T21:02:00,S05,M000828,store,credit_card,390,0,,false
T007294,2026-05-11T11:03:00,S05,M001068,store,cash,355,0,,false
T007295,2026-05-11T11:49:00,S05,M000596,store,credit_card,320,0,,false
T007296,2026-05-11T20:56:00,S99,M000762,online,credit_card,590,0,,false
T007297,2026-05-11T14:26:00,S99,M000851,online,credit_card,1030,0,,false
T007298,2026-05-12T15:16:00,S01,M000229,store,line_pay,175,0,,false
T007299,2026/05/12 15:08,S01,M000297,store,line_pay,1065,0,,false
T007300,2026-05-12T21:13:00,S03,M000913,store,credit_card,100,0,,false
T007301,2026-05-12T21:55:00,S03,M000057,store,credit_card,175,0,,false
T007302,2026-05-12T12:23:00,S03,M000830,store,line_pay,70,0,,false
T007303,2026-05-12T20:00:00,S03,M000877,store,credit_card,70,0,,false
T007304,2026-05-12T19:32:00,S03,M000613,store,credit_card,530,0,,false
T007305,2026-05-12T15:48:00,S03,,store,cash,1044,0,,false
T007306,2026-05-12T11:26:00,S04,M000079,store,credit_card,105,0,,false
T007307,2026-05-12T18:09:00,S04,M000033,store,cash,430,0,,false
T007308,2026-05-12T15:51:00,S04,,store,credit_card,2240,0,,false
T007309,2026-05-12T18:09:00,S05,M000643,store,credit_card,1380,0,,false
T007310,2026/05/12 17:43,S05,M000479,store,credit_card,300,0,,false
T007311,2026-05-12T18:17:00,S06,M000929,store,cash,195,0,,false
T007312,2026-05-12T21:56:00,S06,M000825,store,credit_card,1030,0,,false
T007313,2026-05-12T20:55:00,S06,,store,line_pay,1333,0,,false
T007314,2026-05-12T20:56:00,S99,M000640,online,cash,1200,0,,false
T007315,2026-05-13T15:07:00,S01,M000689,store,mobile_payment,100,0,,false
T007316,2026-05-13T11:23:00,S01,M000925,store,cash,1440,0,,false
T007317,2026-05-13T18:12:00,S02,M000691,store,line_pay,130,0,,false
T007318,2026/05/13 15:45,S02,M001048,store,line_pay,845,0,,false
T007319,2026-05-13T20:28:00,S03,M000452,store,cash,65,0,,false
T007320,2026-05-13T18:09:00,S04,M000222,store,credit_card,1339,0,,false
T007321,2026-05-13T17:33:00,S04,M000288,store,credit_card,1399,0,,false
T007322,2026-05-13T19:05:00,S04,M001080,store,line_pay,940,0,,false
T007323,2026-05-13T19:08:00,S05,M000973,store,cash,300,0,,false
T007324,2026-05-13T18:43:00,S06,M000188,store,credit_card,95,0,,false
T007325,2026-05-13T14:09:00,S99,M000341,online,cash,1130,0,,false
T007326,2026-05-14T20:51:00,S01,M001156,store,credit_card,1315,0,,false
T007327,2026-05-14T18:07:00,S01,M001022,store,cash,1180,0,,false
T007328,2026-05-14T21:48:00,S01,M000733,store,credit_card,775,0,,false
T007329,2026-05-14T21:53:00,S02,M000363,store,cash,895,0,,false
T007330,2026-05-14T19:32:00,S02,,store,line_pay,999,0,,false
T007331,2026-05-14T18:45:00,S02,,store,cash,1225,106,,false
T007332,2026-05-14T15:35:00,S03,M000196,store,credit_card,130,0,,false
T007333,2026-05-14T18:24:00,S03,M000140,store,credit_card,105,0,,false
T007334,2026-05-14T18:23:00,S03,M000610,store,cash,105,0,,false
T007335,2026-05-14T18:57:00,S03,M000974,store,credit_card,165,0,,false
T007336,2026-05-14T17:51:00,S03,M001056,store,cash,980,0,,false
T007337,2026-05-14T12:35:00,S03,M001180,store,credit_card,1059,0,,false
T007338,2026-05-14T12:41:00,S04,M000834,store,line_pay,1360,0,,false
T007339,2026-05-14T12:55:00,S04,M001041,store,credit_card,1030,0,,false
T007340,2026-05-14T19:10:00,S05,M000656,store,credit_card,295,0,,false
T007341,2026-05-14T20:25:00,S05,M000661,store,credit_card,290,0,,false
T007342,2026-05-15T18:03:00,S01,M000850,store,cash,3106,0,,false
T007343,2026-05-15T18:02:00,S02,M000560,store,credit_card,180,0,,false
T007344,2026-05-15T18:29:00,S02,M000790,store,cash,1247,0,,false
T007345,2026-05-15T15:02:00,S03,M000991,store,cash,165,0,,false
T007346,2026-05-15T12:06:00,S03,M000319,store,credit_card,70,0,,false
T007347,2026-05-15T20:27:00,S03,M001138,store,line_pay,65,0,,false
T007348,2026-05-15T19:10:00,S03,M001167,store,line_pay,105,0,,false
T007349,2026-05-15T15:30:00,S03,M000487,store,mobile_payment,105,0,,false
T007350,2026-05-15T11:16:00,S04,M001036,store,cash,95,0,,false
T007351,2026-05-15T15:08:00,S04,M000926,store,mobile_payment,690,0,,false
T007352,2026-05-15T18:38:00,S05,M000627,store,credit_card,390,0,,false
T007353,2026-05-15T19:54:00,S05,,store,line_pay,2344,0,,false
T007354,2026-05-15T17:59:00,S06,M000810,store,line_pay,130,0,,false
T007355,2026-05-15T18:59:00,S06,M000091,store,mobile_payment,1525,0,,false
T007356,2026-05-15T21:32:00,S99,M000829,online,line_pay,175,0,,false
T007357,2026-05-15T20:03:00,S99,M000737,online,mobile_payment,130,0,,false
T007358,2026-05-16T20:57:00,S01,M000367,store,line_pay,105,0,,false
T007359,2026-05-16T19:19:00,S01,M000729,store,cash,1235,0,,false
T007360,2026-05-16T20:06:00,S01,M001105,store,line_pay,1704,0,,false
T007361,2026-05-16T14:41:00,S01,,store,cash,2503,0,,false
T007362,2026-05-16T11:49:00,S02,M000054,store,line_pay,95,0,,false
T007363,2026-05-16T14:31:00,S02,M000624,store,cash,870,0,,false
T007364,2026/05/16 11:52,S02,,store,credit_card,1526,0,,false
T007365,2026-05-16T15:49:00,S03,M000488,store,cash,175,0,,false
T007366,2026-05-16T20:30:00,S03,M001098,store,cash,110,0,,false
T007367,2026-05-16T15:35:00,S03,,store,cash,1389,0,,false
T007368,2026-05-16T14:23:00,S03,,store,line_pay,2376,0,,false
T007369,2026-05-16T19:01:00,S04,M000053,store,line_pay,1459,0,,false
T007370,2026-05-16T14:29:00,S04,M000983,store,line_pay,1119,0,,false
T007371,2026-05-16T20:53:00,S04,,store,mobile_payment,477,0,,false
T007372,2026-05-16T12:21:00,S05,M000605,store,credit_card,350,0,,false
T007373,2026-05-16T16:58:00,S05,M000119,store,credit_card,295,0,,false
T007374,2026-05-16T20:39:00,S05,M000327,store,cash,350,0,,false
T007375,2026/05/16 15:37,S05,M000290,store,credit_card,240,0,,false
T007376,2026-05-16T15:01:00,S05,M000307,store,credit_card,745,0,,false
T007377,2026-05-16T14:02:00,S05,,store,credit_card,1592,33,,false
T007378,2026-05-16T17:21:00,S06,M000390,store,line_pay,110,0,,false
T007379,2026-05-16T17:33:00,S06,,store,line_pay,1123,124,,false
T007380,2026-05-16T14:46:00,S99,M000265,online,cash,1060,0,,false
T007381,2026-05-16T14:55:00,S99,M001119,online,line_pay,1310,0,,false
T007382,2026-05-17T20:52:00,S03,M000146,store,credit_card,35,0,,false
T007383,2026-05-17T17:25:00,S03,M000887,store,cash,145,0,,false
T007384,2026-05-17T14:19:00,S03,M000695,store,cash,1010,0,,false
T007385,2026-05-17T11:56:00,S04,M000150,store,cash,780,0,,false
T007386,2026-05-17T12:00:00,S04,M000954,store,line_pay,920,0,,false
T007387,2026-05-17T14:04:00,S04,M000838,store,cash,980,0,,false
T007388,2026-05-17T12:05:00,S05,M000619,store,line_pay,150,0,,false
T007389,2026-05-17T19:51:00,S05,M000088,store,credit_card,245,0,,false
T007390,2026-05-17T15:06:00,S06,M000316,store,line_pay,880,0,,false
T007391,2026-05-18T15:43:00,S01,M000450,store,mobile_payment,915,0,,false
T007392,2026-05-18T12:52:00,S02,,store,cash,1702,0,,false
T007393,2026-05-18T21:56:00,S03,M000736,store,line_pay,145,0,,false
T007394,2026-05-18T17:18:00,S03,M000447,store,credit_card,100,0,,false
T007395,2026-05-18T11:33:00,S03,M000358,store,credit_card,130,0,,false
T007396,2026-05-18T12:14:00,S03,M000621,store,credit_card,1400,0,,false
T007397,2026-05-18T12:32:00,S04,M000492,store,credit_card,110,0,,false
T007398,2026-05-18T17:32:00,S04,M000500,store,credit_card,1440,0,,false
T007399,2026-05-18T17:03:00,S04,M000989,store,cash,1140,0,,false
T007400,2026-05-18T15:54:00,S04,M000718,store,credit_card,790,0,,false
T007401,2026-05-18T15:55:00,S04,M000342,store,cash,450,0,,false
T007402,2026-05-18T20:15:00,S05,M000894,store,line_pay,940,0,,false
T007403,2026-05-18T12:35:00,S06,M000576,store,mobile_payment,100,0,,false
T007404,2026-05-18T20:38:00,S06,M000293,store,line_pay,795,0,,false
T007405,2026-05-19T19:34:00,S01,,store,credit_card,1695,0,,false
T007406,2026-05-19T15:02:00,S02,M000854,store,cash,95,0,,false
T007407,2026-05-19T15:28:00,S02,M000744,store,cash,135,0,,false
T007408,2026-05-19T20:53:00,S02,M000375,store,credit_card,1415,0,,false
T007409,2026-05-19T21:49:00,S02,M000184,store,cash,1270,0,,false
T007410,2026-05-19T19:16:00,S03,M000100,store,credit_card,35,0,,false
T007411,2026-05-19T18:11:00,S03,M000598,store,cash,70,0,,false
T007412,2026-05-19T21:15:00,S05,M001042,store,credit_card,390,0,,false
T007413,2026-05-19T17:54:00,S05,,store,mobile_payment,2049,0,,false
T007414,2026-05-19T18:55:00,S06,,store,line_pay,1626,0,,false
T007415,2026-05-20T19:39:00,S01,M000770,store,credit_card,1310,0,,false
T007416,2026-05-20T20:26:00,S01,,store,mobile_payment,2611,0,,false
T007417,2026-05-20T20:01:00,S03,M000458,store,mobile_payment,95,0,,false
T007418,2026-05-20T11:54:00,S03,M000646,store,cash,95,0,,false
T007419,2026-05-20T12:44:00,S03,M000168,store,line_pay,570,0,,false
T007420,2026-05-20T17:43:00,S03,,store,cash,2123,0,,false
T007421,2026-05-20T18:58:00,S04,M001114,store,cash,1559,0,,false
T007422,2026-05-20T11:26:00,S04,M000543,store,cash,1135,0,,false
T007423,2026-05-20T19:53:00,S04,M001131,store,line_pay,385,0,,false
T007424,2026-05-20T17:55:00,S04,,store,cash,1974,0,,false
T007425,2026-05-20T19:49:00,S05,M000398,store,credit_card,320,0,,false
T007426,2026-05-20T19:54:00,S05,M000693,store,credit_card,330,0,,false
T007427,2026-05-20T12:19:00,S05,M000281,store,line_pay,255,0,,false
T007428,2026-05-20T15:27:00,S06,M001078,store,cash,1375,0,,false
T007429,2026-05-20T15:31:00,S06,M000510,store,credit_card,1180,0,,false
T007430,2026-05-20T21:17:00,S99,M001186,online,cash,130,0,,false
T007431,2026-05-20T20:19:00,S99,M000416,online,cash,1292,0,,false
T007432,2026-05-21T12:24:00,S02,M000806,store,cash,175,0,,false
T007433,2026-05-21T11:30:00,S03,M001092,store,line_pay,105,0,,false
T007434,2026-05-21T20:31:00,S03,M000167,store,credit_card,130,0,,false
T007435,2026-05-21T17:33:00,S03,M000716,store,credit_card,1277,0,,false
T007436,2026-05-21T19:07:00,S04,M000178,store,line_pay,1035,0,,false
T007437,2026-05-21T20:26:00,S04,,store,cash,1022,0,,false
T007438,2026-05-21T19:18:00,S05,M001102,store,line_pay,840,0,,false
T007439,2026-05-21T17:26:00,S05,M000599,store,line_pay,1455,0,,false
T007440,2026-05-21T19:13:00,S05,M000938,store,cash,255,0,,false
T007441,2026-05-21T17:53:00,S05,M000879,store,credit_card,1390,0,,false
T007442,2026-05-21T12:58:00,S06,,store,cash,900,0,,false
T007443,2026-05-22T21:05:00,S02,M000915,store,credit_card,995,0,,false
T007444,2026-05-22T11:27:00,S03,M000597,store,credit_card,175,0,,false
T007445,2026-05-22T18:39:00,S03,M000960,store,cash,180,0,,false
T007446,2026-05-22T18:59:00,S03,M000765,store,credit_card,560,0,,false
T007447,2026-05-22T17:50:00,S04,M000777,store,cash,2000,0,,false
T007448,2026-05-22T19:44:00,S05,M000036,store,cash,130,0,,false
T007449,2026-05-22T12:05:00,S05,M000387,store,cash,270,0,,false
T007450,2026-05-22T19:10:00,S05,M001141,store,cash,1170,0,,false
T007451,2026-05-22T19:24:00,S05,,store,cash,1972,55,,false
T007452,2026-05-22T18:19:00,S06,M000018,store,cash,95,0,,false
T007453,2026-05-23T14:35:00,S01,,store,cash,2330,0,,false
T007454,2026-05-23T12:21:00,S01,,store,line_pay,1683,0,,false
T007455,2026-05-23T12:00:00,S01,,store,line_pay,1700,0,,false
T007456,2026-05-23T15:53:00,S02,M000227,store,cash,880,0,,false
T007457,2026-05-23T17:23:00,S02,,store,line_pay,480,0,,false
T007458,2026-05-23T14:21:00,S03,M000105,store,credit_card,110,0,,false
T007459,2026-05-23T12:00:00,S03,M000496,store,credit_card,95,0,,false
T007460,2026-05-23T11:16:00,S03,M000481,store,mobile_payment,1010,0,,false
T007461,2026-05-23T20:25:00,S03,,store,cash,1564,0,,false
T007462,2026-05-23T17:50:00,S04,M000412,store,cash,105,0,,false
T007463,2026-05-23T20:34:00,S04,M000164,store,credit_card,1494,0,,false
T007464,2026-05-23T20:58:00,S04,M000033,store,mobile_payment,600,0,,false
T007465,2026-05-23T16:15:00,S04,,store,credit_card,1346,116,,false
T007466,2026-05-23T12:17:00,S04,,store,cash,2138,0,,false
T007467,2026-05-23T17:25:00,S05,M000623,store,credit_card,290,0,,false
T007468,2026-05-23T20:41:00,S06,M000984,store,credit_card,1385,0,,false
T007469,2026-05-23T20:24:00,S99,M000306,online,mobile_payment,65,0,,false
T007470,2026-05-24T17:10:00,S03,M000465,store,cash,165,0,,false
T007471,2026-05-24T19:19:00,S03,M001071,store,cash,135,0,,false
T007472,2026-05-24T14:17:00,S03,M000025,store,cash,1260,0,,false
T007473,2026-05-24T20:41:00,S03,M000004,store,mobile_payment,1180,0,,false
T007474,2026-05-24T17:28:00,S03,M000004,store,cash,390,0,,false
T007475,2026-05-24T15:52:00,S03,,store,credit_card,776,40,,false
T007476,2026-05-24T12:17:00,S04,M001128,store,cash,540,0,,false
T007477,2026-05-24T12:38:00,S04,M000414,store,credit_card,1619,0,,false
T007478,2026-05-24T14:51:00,S04,M000342,store,credit_card,-150,0,,true
T007479,2026-05-24T15:14:00,S04,,store,cash,2057,108,,false
T007480,2026-05-24T12:04:00,S04,,store,mobile_payment,3581,0,,false
T007481,2026-05-24T12:42:00,S06,M000263,store,credit_card,1080,0,,false
T007482,2026/05/24 19:15,S06,M000293,store,cash,255,0,,false
T007483,2026-05-25T20:40:00,S01,M001083,store,credit_card,110,0,,false
T007484,2026-05-25T12:16:00,S01,M001007,store,cash,1060,0,,false
T007485,2026-05-25T15:24:00,S01,M001147,store,credit_card,940,0,,false
T007486,2026-05-25T12:52:00,S01,,store,cash,1705,0,,false
T007487,2026-05-25T19:42:00,S03,M000108,store,credit_card,105,0,,false
T007488,2026-05-25T18:28:00,S03,M000772,store,cash,1075,0,,false
T007489,2026-05-25T18:43:00,S04,M000440,store,line_pay,1020,0,,false
T007490,2026-05-25T17:19:00,S04,M000710,store,cash,720,0,,false
T007491,2026-05-25T12:55:00,S04,,store,line_pay,2903,0,,false
T007492,2026-05-25T20:38:00,S05,M000628,store,cash,290,0,,false
T007493,2026-05-25T20:31:00,S06,M000132,store,credit_card,920,0,,false
T007494,2026-05-25T15:11:00,S06,M001107,store,mobile_payment,1340,0,,false
T007495,2026-05-25T17:07:00,S06,,store,cash,1564,0,,false
T007496,2026-05-25T22:56:00,S99,M000964,online,cash,110,0,,false
T007497,2026-05-25T22:24:00,S99,M000158,online,credit_card,1240,0,,false
T007498,2026-05-25T20:43:00,S99,M000900,online,credit_card,1300,0,,false
T007499,2026-05-26T17:15:00,S01,M001077,store,credit_card,110,0,,false
T007500,2026-05-26T20:35:00,S02,M001079,store,line_pay,1190,0,,false
T007501,2026-05-26T11:50:00,S02,,store,cash,1689,61,,false
T007502,2026-05-26T15:10:00,S03,M000378,store,line_pay,130,0,,false
T007503,2026-05-26T19:42:00,S03,M000616,store,line_pay,95,0,,false
T007504,2026-05-26T21:48:00,S03,M000648,store,mobile_payment,170,0,,false
T007505,2026-05-26T18:15:00,S03,M000097,store,cash,110,0,,false
T007506,2026-05-26T15:21:00,S05,M000939,store,credit_card,440,0,,false
T007507,2026-05-26T18:42:00,S05,M001055,store,cash,1040,0,,false
T007508,2026-05-26T20:01:00,S06,M001170,store,line_pay,925,0,,false
T007509,2026-05-27T18:27:00,S01,M001177,store,line_pay,195,0,,false
T007510,2026/05/27 15:40,S02,,store,credit_card,1990,0,,false
T007511,2026-05-27T18:25:00,S03,M001052,store,credit_card,105,0,,false
T007512,2026-05-27T15:44:00,S03,M000109,store,cash,110,0,,false
T007513,2026-05-27T21:50:00,S03,M000254,store,credit_card,35,0,,false
T007514,2026-05-27T21:46:00,S03,,store,credit_card,1280,0,,false
T007515,2026-05-27T20:44:00,S04,M000431,store,credit_card,875,0,,false
T007516,2026-05-27T19:30:00,S04,,store,credit_card,2466,0,,false
T007517,2026-05-27T21:17:00,S05,M000312,store,line_pay,365,0,,false
T007518,2026-05-27T15:18:00,S05,,store,mobile_payment,1826,74,,false
T007519,2026-05-27T09:09:00,S99,M000372,online,credit_card,110,0,,false
T007520,2026/05/27 22:36,S99,M000665,online,line_pay,1015,0,,false
T007521,2026-05-27T21:53:00,S99,M000437,online,cash,1020,0,,false
T007522,2026-05-27T20:29:00,S99,M000791,online,mobile_payment,235,0,,false
T007523,2026-05-28T19:28:00,S01,M000094,store,cash,480,0,,false
T007524,2026-05-28T18:38:00,S02,M001087,store,credit_card,175,0,,false
T007525,2026-05-28T20:22:00,S03,M000532,store,credit_card,175,0,,false
T007526,2026-05-28T17:15:00,S03,M000081,store,line_pay,175,0,,false
T007527,2026-05-28T18:40:00,S03,M000717,store,cash,195,0,,false
T007528,2026-05-28T20:14:00,S03,M000463,store,credit_card,95,0,,false
T007529,2026/05/28 15:46,S03,M000190,store,credit_card,70,0,,false
T007530,2026-05-28T17:23:00,S04,M000551,store,credit_card,780,0,,false
T007531,2026-05-28T18:51:00,S04,M000657,store,cash,960,0,,false
T007532,2026-05-28T20:18:00,S04,M000133,store,cash,1470,0,,false
T007533,2026-05-28T18:29:00,S04,M000778,store,mobile_payment,1270,0,,false
T007534,2026-05-28T12:23:00,S04,M000271,store,cash,740,0,,false
T007535,2026-05-28T18:53:00,S04,M000271,store,credit_card,1040,0,,false
T007536,2026-05-28T20:31:00,S04,,store,cash,1662,0,,false
T007537,2026-05-28T20:16:00,S05,M000352,store,credit_card,1320,0,,false
T007538,2026-05-28T15:18:00,S05,M000312,store,credit_card,635,0,,false
T007539,2026-05-28T19:41:00,S06,M000730,store,credit_card,1060,0,,false
T007540,2026-05-28T19:19:00,S06,,store,credit_card,3518,0,,false
T007541,2026-05-28T12:22:00,S99,M001081,online,line_pay,1349,0,,false
T007542,2026-05-28T14:11:00,S99,M000863,online,credit_card,630,0,,false
T007543,2026-05-29T21:50:00,S01,M001013,store,credit_card,480,0,,false
T007544,2026-05-29T19:21:00,S02,,store,credit_card,1565,0,,false
T007545,2026-05-29T18:41:00,S02,,store,credit_card,1698,70,,false
T007546,2026-05-29T21:44:00,S03,M000849,store,credit_card,110,0,,false
T007547,2026-05-29T20:42:00,S03,M000403,store,cash,165,0,,false
T007548,2026-05-29T19:08:00,S03,M000308,store,line_pay,195,0,,false
T007549,2026-05-29T18:48:00,S03,M000436,store,cash,165,0,,false
T007550,2026-05-29T21:36:00,S03,M000127,store,credit_card,140,0,,false
T007551,2026-05-29T18:14:00,S03,M000905,store,cash,1380,0,,false
T007552,2026/05/29 15:48,S04,M000544,store,credit_card,1099,0,,false
T007553,2026-05-29T20:23:00,S05,M000535,store,cash,390,0,,false
T007554,2026-05-29T19:19:00,S05,M000870,store,credit_card,390,0,,false
T007555,2026/05/29 12:38,S05,M000516,store,mobile_payment,415,0,,false
T007556,2026-05-29T19:42:00,S05,,store,cash,2004,0,,false
T007557,2026-05-29T17:03:00,S06,M001176,store,credit_card,130,0,,false
T007558,2026-05-29T19:13:00,S06,M000615,store,credit_card,1170,0,,false
T007559,2026-05-29T14:24:00,S99,,online,line_pay,2184,0,,false
T007560,2026-05-30T14:57:00,S01,M000917,store,credit_card,1300,0,,false
T007561,2026-05-30T20:10:00,S01,M001147,store,cash,-290,0,,true
T007562,2026-05-30T20:12:00,S02,M000998,store,credit_card,165,0,,false
T007563,2026-05-30T19:12:00,S03,M001106,store,mobile_payment,110,0,,false
T007564,2026-05-30T15:28:00,S03,M000721,store,credit_card,195,0,,false
T007565,2026-05-30T11:21:00,S03,M000478,store,credit_card,175,0,,false
T007566,2026-05-30T14:06:00,S04,M000719,store,credit_card,1370,0,,false
T007567,2026-05-30T15:36:00,S04,,store,cash,1724,53,,false
T007568,2026-05-30T19:59:00,S04,,store,credit_card,707,0,,false
T007569,2026-05-30T15:16:00,S05,M000050,store,credit_card,240,0,,false
T007570,2026-05-30T17:25:00,S05,M000704,store,credit_card,300,0,,false
T007571,2026-05-30T12:49:00,S05,,store,cash,1092,0,,false
T007572,2026/05/30 19:02,S05,,store,cash,978,0,,false
T007573,2026-05-30T14:56:00,S06,M000825,store,cash,-280,0,,true
T007574,2026-05-30T14:10:00,S06,,store,mobile_payment,2111,0,,false
T007575,2026-05-30T20:11:00,S99,M000022,online,line_pay,100,0,,false
T007576,2026-05-31T20:15:00,S01,M000819,store,line_pay,1140,0,,false
T007577,2026-05-31T19:46:00,S02,M001010,store,credit_card,1020,0,,false
T007578,2026-05-31T14:07:00,S02,M000066,store,line_pay,805,0,,false
T007579,2026-05-31T15:28:00,S02,,store,cash,1975,0,,false
T007580,2026-05-31T20:53:00,S03,M000086,store,line_pay,105,0,,false
T007581,2026-05-31T15:51:00,S03,M000589,store,credit_card,70,0,,false
T007582,2026-05-31T11:34:00,S03,M000937,store,line_pay,180,0,,false
T007583,2026-05-31T19:47:00,S03,M000435,store,line_pay,1190,0,,false
T007584,2026-05-31T15:04:00,S04,M000377,store,credit_card,900,0,,false
T007585,2026-05-31T11:47:00,S04,M000070,store,credit_card,1195,0,,false
T007586,2026-05-31T12:52:00,S05,,store,line_pay,1205,60,,false
T007587,2026-05-31T12:52:00,S99,,online,line_pay,882,0,,false
T007588,2026-06-01T17:21:00,S01,M000010,store,credit_card,1055,0,,false
T007589,2026-06-01T20:04:00,S01,,store,line_pay,960,0,,false
T007590,2026/06/01 18:21,S03,M000344,store,credit_card,70,0,,false
T007591,2026-06-01T18:59:00,S03,M000995,store,credit_card,135,0,,false
T007592,2026-06-01T19:22:00,S03,M000444,store,credit_card,35,0,,false
T007593,2026-06-01T18:26:00,S03,M000748,store,mobile_payment,105,0,,false
T007594,2026-06-01T18:31:00,S03,M001157,store,cash,110,0,,false
T007595,2026-06-01T15:56:00,S03,M000924,store,credit_card,970,0,,false
T007596,2026-06-01T15:32:00,S04,M000053,store,line_pay,1379,0,,false
T007597,2026-06-01T20:49:00,S04,M001188,store,line_pay,760,0,,false
T007598,2026-06-01T18:09:00,S04,M001131,store,cash,535,0,,false
T007599,2026-06-01T18:05:00,S05,M000024,store,credit_card,260,0,,false
T007600,2026-06-01T15:42:00,S05,M000687,store,cash,260,0,,false
T007601,2026-06-01T21:45:00,S05,,store,cash,1382,0,,false
T007602,2026-06-01T12:58:00,S06,M000845,store,credit_card,190,0,,false
T007603,2026-06-01T21:09:00,S99,M000049,online,line_pay,1590,0,,false
T007604,2026-06-01T20:17:00,S99,,online,mobile_payment,931,0,,false
T007605,2026-06-02T18:50:00,S01,M000963,store,cash,95,0,,false
T007606,2026-06-02T11:34:00,S01,M000413,store,cash,135,0,,false
T007607,2026-06-02T15:38:00,S02,M000259,store,credit_card,110,0,,false
T007608,2026-06-02T15:39:00,S03,M000090,store,cash,35,0,,false
T007609,2026-06-02T19:18:00,S03,M000547,store,mobile_payment,180,0,,false
T007610,2026-06-02T11:11:00,S03,M000677,store,cash,65,0,,false
T007611,2026-06-02T17:00:00,S03,,store,cash,1599,0,,false
T007612,2026-06-02T19:29:00,S05,M000722,store,cash,380,0,,false
T007613,2026-06-02T11:41:00,S05,M000173,store,credit_card,325,0,,false
T007614,2026-06-02T20:14:00,S05,M001193,store,credit_card,335,0,,false
T007615,2026-06-02T17:39:00,S06,M000767,store,credit_card,110,0,,false
T007616,2026-06-02T18:28:00,S06,M000255,store,cash,175,0,,false
T007617,2026-06-03T15:27:00,S02,M000404,store,credit_card,475,0,,false
T007618,2026-06-03T21:39:00,S02,,store,credit_card,2975,0,,false
T007619,2026-06-03T11:46:00,S03,M000728,store,credit_card,180,0,,false
T007620,2026-06-03T15:46:00,S03,M000004,store,credit_card,1200,0,,false
T007621,2026-06-03T11:19:00,S04,M000288,store,credit_card,1554,0,,false
T007622,2026-06-03T20:09:00,S04,M000647,store,mobile_payment,1200,0,,false
T007623,2026-06-03T20:31:00,S05,M000137,store,line_pay,175,0,,false
T007624,2026-06-03T12:57:00,S05,M000398,store,credit_card,-35,0,,true
T007625,2026-06-03T20:38:00,S99,M000067,online,mobile_payment,1060,0,,false
T007626,2026-06-04T12:36:00,S02,M000347,store,mobile_payment,105,0,,false
T007627,2026-06-04T15:47:00,S02,M000994,store,cash,110,0,,false
T007628,2026-06-04T12:12:00,S02,M001089,store,cash,1164,0,,false
T007629,2026-06-04T20:14:00,S02,M000066,store,credit_card,550,0,,false
T007630,2026-06-04T20:15:00,S03,M000927,store,credit_card,195,0,,false
T007631,2026-06-04T21:03:00,S03,M000169,store,credit_card,110,0,,false
T007632,2026-06-04T21:12:00,S03,M000877,store,credit_card,35,0,,false
T007633,2026-06-04T18:46:00,S04,M000222,store,cash,1139,0,,false
T007634,2026-06-04T19:20:00,S04,M000893,store,credit_card,1450,0,,false
T007635,2026-06-04T17:51:00,S05,M000126,store,cash,390,0,,false
T007636,2026-06-04T17:35:00,S05,M000575,store,cash,1460,0,,false
T007637,2026-06-04T12:18:00,S05,M001112,store,cash,1570,0,,false
T007638,2026-06-04T17:41:00,S05,,store,line_pay,2450,128,,false
T007639,2026-06-04T17:27:00,S06,M000130,store,cash,175,0,,false
T007640,2026-06-05T18:22:00,S01,M000506,store,cash,110,0,,false
T007641,2026-06-05T15:54:00,S01,,store,cash,2090,0,,false
T007642,2026-06-05T20:05:00,S01,,store,credit_card,1826,49,,false
T007643,2026-06-05T18:05:00,S02,M000202,store,cash,105,0,,false
T007644,2026-06-05T17:36:00,S03,M000406,store,cash,105,0,,false
T007645,2026-06-05T12:44:00,S03,M000183,store,credit_card,110,0,,false
T007646,2026-06-05T11:44:00,S03,M001050,store,credit_card,70,0,,false
T007647,2026-06-05T20:01:00,S03,M000162,store,credit_card,110,0,,false
T007648,2026-06-05T20:03:00,S03,M000253,store,credit_card,110,0,,false
T007649,2026-06-05T19:21:00,S04,M000710,store,credit_card,875,0,,false
T007650,2026-06-05T15:36:00,S04,M001016,store,credit_card,2068,0,,false
T007651,2026-06-05T21:10:00,S05,M000815,store,credit_card,380,0,,false
T007652,2026-06-05T21:28:00,S05,M000048,store,credit_card,390,0,,false
T007653,2026-06-05T12:15:00,S05,M000340,store,credit_card,390,0,,false
T007654,2026/06/05 19:33,S05,,store,cash,2415,0,,false
T007655,2026-06-06T19:24:00,S01,M000850,store,cash,800,0,,false
T007656,2026/06/06 20:24,S01,M000727,store,credit_card,845,0,,false
T007657,2026-06-06T15:41:00,S01,,store,credit_card,-94,0,,true
T007658,2026-06-06T19:57:00,S02,M000417,store,cash,1090,0,,false
T007659,2026-06-06T11:59:00,S02,M000282,store,cash,1415,0,,false
T007660,2026-06-06T12:18:00,S03,M000052,store,mobile_payment,130,0,,false
T007661,2026-06-06T15:18:00,S03,,store,credit_card,2183,0,,false
T007662,2026-06-06T11:43:00,S03,,store,credit_card,2031,0,,false
T007663,2026-06-06T20:40:00,S04,,store,line_pay,2323,202,,false
T007664,2026-06-06T19:05:00,S05,M000123,store,credit_card,750,0,,false
T007665,2026-06-07T14:29:00,S01,M000685,store,cash,895,0,,false
T007666,2026-06-07T16:13:00,S01,M000612,store,cash,930,0,,false
T007667,2026-06-07T19:20:00,S01,,store,cash,1280,0,,false
T007668,2026-06-07T17:34:00,S03,M000977,store,line_pay,110,0,,false
T007669,2026-06-07T20:30:00,S03,M000804,store,credit_card,110,0,,false
T007670,2026-06-07T16:37:00,S04,M000564,store,credit_card,1020,0,,false
T007671,2026-06-07T14:55:00,S04,M000586,store,credit_card,515,0,,false
T007672,2026-06-07T11:20:00,S04,M001012,store,line_pay,335,0,,false
T007673,2026-06-07T11:47:00,S05,M001146,store,credit_card,355,0,,false
T007674,2026-06-07T14:37:00,S05,M000275,store,line_pay,300,0,,false
T007675,2026-06-07T14:33:00,S06,,store,credit_card,2461,0,,false
T007676,2026-06-07T20:39:00,S99,M000809,online,line_pay,160,0,,false
T007677,2026-06-07T09:11:00,S99,M000760,online,credit_card,420,0,,false
T007678,2026-06-08T15:08:00,S01,,store,credit_card,860,0,,false
T007679,2026-06-08T17:13:00,S02,M000573,store,cash,95,0,,false
T007680,2026-06-08T20:00:00,S02,M001002,store,credit_card,1090,0,,false
T007681,2026-06-08T21:34:00,S03,M000962,store,cash,35,0,,false
T007682,2026-06-08T11:59:00,S03,M000279,store,credit_card,105,0,,false
T007683,2026-06-08T20:54:00,S03,M000199,store,cash,70,0,,false
T007684,2026-06-08T19:30:00,S03,M000583,store,mobile_payment,105,0,,false
T007685,2026-06-08T12:44:00,S03,M000268,store,line_pay,1345,0,,false
T007686,2026-06-08T20:32:00,S03,,store,credit_card,152,0,,false
T007687,2026-06-08T19:35:00,S04,M001114,store,credit_card,1214,0,,false
T007688,2026-06-08T18:00:00,S05,,store,cash,2533,133,,false
T007689,2026-06-08T21:26:00,S99,M000311,online,cash,480,0,,false
T007690,2026-06-09T21:31:00,S01,,store,line_pay,960,0,,false
T007691,2026-06-09T20:09:00,S02,,store,credit_card,1832,0,,false
T007692,2026-06-09T11:36:00,S02,,store,cash,1291,0,,false
T007693,2026-06-09T19:32:00,S05,M000776,store,line_pay,175,0,,false
T007694,2026-06-09T18:29:00,S05,M000383,store,cash,900,0,,false
T007695,2026-06-09T19:03:00,S05,M000399,store,line_pay,350,0,,false
T007696,2026-06-09T17:31:00,S05,M001025,store,cash,235,0,,false
T007697,2026-06-09T18:13:00,S05,,store,line_pay,2218,0,,false
T007698,2026-06-09T21:53:00,S06,M000725,store,credit_card,160,0,,false
T007699,2026-06-09T19:42:00,S06,M000208,store,credit_card,490,0,,false
T007700,2026-06-09T12:24:00,S06,,store,credit_card,1711,0,,false
T007701,2026-06-10T15:19:00,S01,M000557,store,cash,810,0,,false
T007702,2026-06-10T17:12:00,S01,M000768,store,line_pay,985,0,,false
T007703,2026-06-10T12:39:00,S01,,store,cash,480,0,,false
T007704,2026-06-10T20:49:00,S01,,store,cash,800,0,,false
T007705,2026-06-10T12:11:00,S01,,store,line_pay,800,0,,false
T007706,2026-06-10T17:05:00,S03,M000011,store,cash,190,0,,false
T007707,2026-06-10T15:54:00,S03,M000592,store,credit_card,175,0,,false
T007708,2026-06-10T17:42:00,S03,M000916,store,credit_card,105,0,,false
T007709,2026-06-10T20:05:00,S03,M000035,store,credit_card,175,0,,false
T007710,2026-06-10T18:45:00,S04,M000164,store,credit_card,1554,0,,false
T007711,2026-06-10T21:08:00,S04,M000997,store,credit_card,860,0,,false
T007712,2026-06-10T12:08:00,S04,,store,cash,2725,0,,false
T007713,2026-06-10T18:59:00,S05,M000709,store,credit_card,1025,0,,false
T007714,2026-06-10T19:13:00,S05,M001140,store,cash,390,0,,false
T007715,2026-06-10T20:30:00,S05,M000853,store,line_pay,390,0,,false
T007716,2026-06-10T12:49:00,S05,M000569,store,cash,1305,0,,false
T007717,2026-06-10T19:29:00,S06,,store,cash,1166,0,,false
T007718,2026-06-10T12:35:00,S06,,store,cash,1021,88,,false
T007719,2026-06-11T17:23:00,S01,M000655,store,credit_card,1280,0,,false
T007720,2026-06-11T12:55:00,S01,,store,line_pay,480,0,,false
T007721,2026-06-11T19:55:00,S03,,store,cash,960,0,,false
T007722,2026-06-11T20:20:00,S04,M000414,store,credit_card,1214,0,,false
T007723,2026-06-11T18:46:00,S04,M000553,store,credit_card,1275,0,,false
T007724,2026-06-11T11:01:00,S04,M000818,store,mobile_payment,760,0,,false
T007725,2026-06-11T12:33:00,S05,M000674,store,line_pay,1490,0,,false
T007726,2026-06-11T19:24:00,S05,,store,line_pay,757,0,,false
T007727,2026-06-11T19:56:00,S06,M000617,store,credit_card,145,0,,false
T007728,2026-06-11T21:43:00,S99,M000232,online,cash,860,0,,false
T007729,2026-06-12T18:34:00,S01,,store,cash,480,0,,false
T007730,2026-06-12T12:51:00,S02,M001168,store,cash,145,0,,false
T007731,2026-06-12T17:31:00,S02,M000549,store,cash,110,0,,false
T007732,2026-06-12T21:48:00,S02,M000348,store,cash,630,0,,false
T007733,2026-06-12T19:33:00,S03,M000906,store,cash,110,0,,false
T007734,2026-06-12T18:27:00,S03,M000168,store,mobile_payment,495,0,,false
T007735,2026-06-12T17:45:00,S04,,store,mobile_payment,800,0,,false
T007736,2026-06-12T11:04:00,S05,M000645,store,line_pay,295,0,,false
T007737,2026-06-12T11:45:00,S05,M000186,store,line_pay,290,0,,false
T007738,2026-06-12T15:08:00,S05,M000419,store,credit_card,260,0,,false
T007739,2026-06-12T17:11:00,S05,,store,credit_card,1964,0,,false
T007740,2026-06-12T18:29:00,S06,M000171,store,line_pay,1230,0,,false
T007741,2026-06-13T17:57:00,S01,M000209,store,credit_card,670,0,,false
T007742,2026-06-13T14:55:00,S01,M000727,store,line_pay,810,0,,false
T007743,2026-06-13T12:03:00,S01,M000159,store,credit_card,990,0,,false
T007744,2026-06-13T14:59:00,S01,,store,line_pay,1280,0,,false
T007745,2026-06-13T15:15:00,S01,,store,cash,1427,0,,false
T007746,2026-06-13T19:33:00,S02,M000369,store,line_pay,175,0,,false
T007747,2026-06-13T14:14:00,S02,M000404,store,line_pay,520,0,,false
T007748,2026-06-13T11:34:00,S03,M000830,store,line_pay,70,0,,false
T007749,2026-06-13T12:14:00,S03,M000520,store,credit_card,70,0,,false
T007750,2026-06-13T17:37:00,S03,M000295,store,line_pay,95,0,,false
T007751,2026-06-13T19:18:00,S04,,store,cash,1624,0,,false
T007752,2026-06-13T19:54:00,S05,M000386,store,cash,390,0,,false
T007753,2026-06-13T16:46:00,S06,,store,cash,1900,0,,false
T007754,2026-06-14T12:02:00,S01,,store,cash,480,0,,false
T007755,2026-06-14T11:52:00,S01,,store,cash,1280,0,,false
T007756,2026-06-14T20:21:00,S01,,store,cash,960,0,,false
T007757,2026-06-14T14:56:00,S01,,store,cash,480,0,,false
T007758,2026-06-14T12:43:00,S01,,store,credit_card,2050,0,,false
T007759,2026-06-14T12:43:00,S02,M000336,store,cash,785,0,,false
T007760,2026-06-14T12:32:00,S03,M000089,store,line_pay,145,0,,false
T007761,2026-06-14T11:40:00,S03,M001172,store,cash,130,0,,false
T007762,2026-06-14T11:50:00,S03,M000358,store,credit_card,175,0,,false
T007763,2026-06-14T12:12:00,S04,M000586,store,cash,1040,0,,false
T007764,2026-06-14T17:44:00,S04,M001069,store,cash,345,0,,false
T007765,2026-06-14T11:41:00,S04,,store,line_pay,2156,0,,false
T007766,2026-06-14T19:05:00,S04,,store,mobile_payment,3816,0,,false
T007767,2026-06-14T14:46:00,S05,M000566,store,credit_card,240,0,,false
T007768,2026-06-14T19:56:00,S05,M000338,store,credit_card,440,0,,false
T007769,2026-06-14T19:15:00,S05,M000839,store,cash,1120,0,,false
T007770,2026-06-14T15:06:00,S05,,store,credit_card,2820,0,,false
T007771,2026-06-14T20:00:00,S99,M001194,online,cash,2361,0,,false
T007772,2026-06-15T20:54:00,S01,M000370,store,cash,180,0,,false
T007773,2026-06-15T15:51:00,S01,M000835,store,credit_card,145,0,,false
T007774,2026-06-15T19:01:00,S01,,store,cash,800,0,,false
T007775,2026-06-15T17:24:00,S01,,store,line_pay,1476,128,,false
T007776,2026-06-15T17:43:00,S02,M001006,store,cash,190,0,,false
T007777,2026-06-15T12:53:00,S03,M001003,store,mobile_payment,180,0,,false
T007778,2026-06-15T19:39:00,S03,M000903,store,cash,100,0,,false
T007779,2026-06-15T17:51:00,S03,M000887,store,credit_card,140,0,,false
T007780,2026-06-15T12:05:00,S03,M000598,store,cash,180,0,,false
T007781,2026-06-15T15:50:00,S03,M000513,store,line_pay,175,0,,false
T007782,2026-06-15T18:44:00,S03,M000602,store,credit_card,135,0,,false
T007783,2026-06-15T17:15:00,S04,M001066,store,credit_card,1500,0,,false
T007784,2026-06-15T18:38:00,S05,,store,cash,1617,0,,false
T007785,2026-06-15T21:06:00,S06,M000017,store,cash,100,0,,false
T007786,2026-06-16T11:37:00,S01,M000522,store,line_pay,1140,0,,false
T007787,2026-06-16T15:46:00,S01,,store,line_pay,1600,0,,false
T007788,2026-06-16T19:58:00,S01,,store,cash,800,0,,false
T007789,2026-06-16T11:51:00,S03,M000660,store,credit_card,105,0,,false
T007790,2026-06-16T12:58:00,S04,M000740,store,cash,720,0,,false
T007791,2026-06-16T11:58:00,S04,,store,credit_card,2632,49,,false
T007792,2026-06-16T19:29:00,S05,M000944,store,mobile_payment,390,0,,false
T007793,2026-06-16T20:08:00,S05,M000427,store,credit_card,270,0,,false
T007794,2026-06-16T20:50:00,S05,M000645,store,cash,-35,0,,true
T007795,2026-06-16T20:55:00,S05,,store,cash,1566,69,,false
T007796,2026/06/16 19:35,S06,M000475,store,cash,110,0,,false
T007797,2026-06-16T15:47:00,S06,M000083,store,cash,1000,0,,false
T007798,2026-06-16T12:51:00,S06,M000866,store,cash,515,0,,false
T007799,2026-06-16T21:17:00,S99,M000833,online,cash,1055,0,,false
T007800,2026-06-16T12:25:00,S99,M000397,online,credit_card,335,0,,false
T007801,2026-06-16T21:28:00,S99,M000907,online,mobile_payment,905,0,,false
T007802,2026-06-17T21:07:00,S01,M000888,store,line_pay,995,0,,false
T007803,2026-06-17T15:03:00,S01,,store,cash,1868,162,,false
T007804,2026-06-17T21:33:00,S02,,store,cash,1950,0,,false
T007805,2026-06-17T19:00:00,S03,M000177,store,cash,130,0,,false
T007806,2026-06-17T12:42:00,S03,M001054,store,cash,190,0,,false
T007807,2026-06-17T19:48:00,S03,M000025,store,credit_card,1475,0,,false
T007808,2026-06-17T15:50:00,S04,M000544,store,cash,1534,0,,false
T007809,2026-06-17T18:22:00,S04,M000949,store,cash,385,0,,false
T007810,2026-06-17T15:19:00,S05,M000313,store,line_pay,955,0,,false
T007811,2026-06-17T18:03:00,S06,M000708,store,line_pay,100,0,,false
T007812,2026-06-17T14:30:00,S99,M001133,online,line_pay,810,0,,false
T007813,2026-06-18T21:50:00,S01,M000955,store,cash,130,0,,false
T007814,2026-06-18T12:11:00,S01,M000874,store,line_pay,1095,0,,false
T007815,2026-06-18T18:24:00,S01,M001105,store,line_pay,245,0,,false
T007816,2026/06/18 19:30,S01,,store,credit_card,480,0,,false
T007817,2026-06-18T18:35:00,S02,M000641,store,line_pay,415,0,,false
T007818,2026-06-18T18:04:00,S02,,store,line_pay,1359,0,,false
T007819,2026-06-18T18:08:00,S02,,store,credit_card,1382,0,,false
T007820,2026-06-18T12:10:00,S03,M000230,store,line_pay,35,0,,false
T007821,2026-06-18T18:40:00,S05,M000136,store,cash,130,0,,false
T007822,2026-06-18T21:01:00,S05,M000643,store,credit_card,1400,0,,false
T007823,2026-06-18T20:30:00,S05,M000286,store,cash,1415,0,,false
T007824,2026-06-18T12:03:00,S05,M001109,store,cash,280,0,,false
T007825,2026-06-18T11:37:00,S05,M001034,store,line_pay,510,0,,false
T007826,2026-06-18T12:13:00,S05,,store,credit_card,2132,88,,false
T007827,2026-06-18T20:33:00,S99,M001135,online,cash,110,0,,false
T007828,2026-06-19T20:24:00,S01,M000298,store,line_pay,105,0,,false
T007829,2026-06-19T17:01:00,S01,M000942,store,cash,1340,0,,false
T007830,2026-06-19T12:09:00,S02,M000980,store,line_pay,1550,0,,false
T007831,2026-06-19T12:40:00,S03,M000458,store,credit_card,110,0,,false
T007832,2026-06-19T21:50:00,S03,M000235,store,mobile_payment,35,0,,false
T007833,2026-06-19T18:40:00,S03,M000974,store,cash,180,0,,false
T007834,2026-06-19T15:31:00,S03,M000613,store,credit_card,910,0,,false
T007835,2026-06-19T11:31:00,S04,M000053,store,mobile_payment,1699,0,,false
T007836,2026-06-19T18:15:00,S04,M000248,store,cash,1055,0,,false
T007837,2026-06-19T18:10:00,S04,M000586,store,cash,580,0,,false
T007838,2026-06-19T18:01:00,S04,,store,cash,1404,0,,false
T007839,2026-06-19T20:31:00,S05,M000333,store,line_pay,325,0,,false
T007840,2026-06-19T15:24:00,S05,M000672,store,credit_card,440,0,,false
T007841,2026-06-19T19:35:00,S06,,store,cash,1034,114,,false
T007842,2026-06-20T20:48:00,S01,M000947,store,cash,590,0,,false
T007843,2026-06-20T20:12:00,S01,,store,line_pay,2684,0,,false
T007844,2026-06-20T12:29:00,S03,M001095,store,credit_card,70,0,,false
T007845,2026-06-20T12:51:00,S03,M001098,store,cash,105,0,,false
T007846,2026-06-20T11:54:00,S03,M000141,store,line_pay,110,0,,false
T007847,2026-06-20T16:52:00,S04,M000373,store,cash,1510,0,,false
T007848,2026-06-20T17:59:00,S04,M000946,store,cash,700,0,,false
T007849,2026-06-20T17:25:00,S05,M000380,store,line_pay,855,0,,false
T007850,2026/06/20 20:24,S99,M001196,online,line_pay,595,0,,false
T007851,2026-06-20T22:30:00,S99,M001194,online,cash,790,0,,false
T007852,2026-06-20T09:47:00,S99,,online,credit_card,1209,0,,false
T007853,2026-06-21T20:49:00,S01,M001105,store,line_pay,-150,0,,true
T007854,2026-06-21T17:35:00,S01,,store,credit_card,800,0,,false
T007855,2026-06-21T14:16:00,S01,,store,credit_card,1280,0,,false
T007856,2026-06-21T19:01:00,S02,M000921,store,credit_card,105,0,,false
T007857,2026-06-21T14:48:00,S02,M000651,store,mobile_payment,1030,0,,false
T007858,2026-06-21T20:38:00,S02,M000348,store,cash,1137,0,,false
T007859,2026-06-21T11:56:00,S02,,store,line_pay,1380,0,,false
T007860,2026-06-21T20:18:00,S03,M000563,store,mobile_payment,145,0,,false
T007861,2026-06-21T17:31:00,S03,M000906,store,credit_card,160,0,,false
T007862,2026-06-21T17:49:00,S03,M001167,store,credit_card,130,0,,false
T007863,2026-06-21T12:26:00,S03,M000646,store,credit_card,160,0,,false
T007864,2026-06-21T19:57:00,S04,,store,mobile_payment,1075,0,,false
T007865,2026/06/21 19:43,S05,M000357,store,cash,340,0,,false
T007866,2026-06-21T12:39:00,S05,M000148,store,cash,290,0,,false
T007867,2026-06-21T14:28:00,S05,M001100,store,credit_card,390,0,,false
T007868,2026-06-21T22:06:00,S99,M001194,online,cash,1640,0,,false
T007869,2026-06-22T18:40:00,S01,M001073,store,cash,995,0,,false
T007870,2026-06-22T18:43:00,S01,M000498,store,credit_card,810,0,,false
T007871,2026-06-22T20:55:00,S01,,store,cash,1380,0,,false
T007872,2026-06-22T21:35:00,S01,,store,credit_card,1280,0,,false
T007873,2026-06-22T19:46:00,S01,,store,credit_card,960,0,,false
T007874,2026-06-22T20:00:00,S01,,store,credit_card,1560,0,,false
T007875,2026-06-22T21:17:00,S02,M000243,store,cash,195,0,,false
T007876,2026-06-22T19:49:00,S02,M001064,store,mobile_payment,475,0,,false
T007877,2026-06-22T18:54:00,S03,M000221,store,credit_card,95,0,,false
T007878,2026-06-22T19:40:00,S03,M000009,store,credit_card,165,0,,false
T007879,2026-06-22T20:56:00,S03,M000823,store,cash,35,0,,false
T007880,2026-06-22T21:29:00,S04,,store,cash,2874,0,,false
T007881,2026-06-22T15:13:00,S04,,store,cash,2091,79,,false
T007882,2026-06-22T12:44:00,S05,M000872,store,credit_card,390,0,,false
T007883,2026-06-22T20:08:00,S05,M001159,store,credit_card,280,0,,false
T007884,2026-06-23T11:28:00,S01,M000538,store,line_pay,965,0,,false
T007885,2026-06-23T17:44:00,S01,,store,cash,480,0,,false
T007886,2026-06-23T11:00:00,S01,,store,line_pay,960,0,,false
T007887,2026-06-23T15:46:00,S02,M000218,store,cash,95,0,,false
T007888,2026-06-23T11:02:00,S02,M000157,store,credit_card,170,0,,false
T007889,2026-06-23T21:14:00,S02,M000023,store,cash,535,0,,false
T007890,2026-06-23T19:03:00,S02,,store,cash,1830,0,,false
T007891,2026-06-23T20:35:00,S03,M000378,store,cash,145,0,,false
T007892,2026/06/23 20:43,S04,M000647,store,line_pay,-760,0,,true
T007893,2026-06-23T20:31:00,S05,M000702,store,mobile_payment,325,0,,false
T007894,2026-06-23T15:17:00,S06,M001021,store,cash,1300,0,,false
T007895,2026-06-23T21:19:00,S06,M001009,store,credit_card,820,0,,false
T007896,2026-06-24T11:22:00,S01,M001110,store,credit_card,490,0,,false
T007897,2026-06-24T15:19:00,S01,,store,credit_card,3702,0,,false
T007898,2026-06-24T15:56:00,S02,M000469,store,cash,130,0,,false
T007899,2026-06-24T17:38:00,S03,M000195,store,cash,145,0,,false
T007900,2026-06-24T17:54:00,S03,M001065,store,credit_card,195,0,,false
T007901,2026-06-24T20:32:00,S03,M000626,store,mobile_payment,65,0,,false
T007902,2026-06-24T17:37:00,S03,M000487,store,credit_card,35,0,,false
T007903,2026-06-24T20:01:00,S04,M001131,store,credit_card,605,0,,false
T007904,2026-06-24T21:49:00,S04,,store,cash,2003,0,,false
T007905,2026-06-24T12:11:00,S04,,store,credit_card,2354,0,,false
T007906,2026-06-24T12:17:00,S05,M001058,store,cash,350,0,,false
T007907,2026-06-24T17:01:00,S05,M001034,store,line_pay,830,0,,false
T007908,2026-06-24T11:40:00,S05,,store,credit_card,2490,131,,false
T007909,2026-06-24T21:16:00,S99,M000957,online,cash,665,0,,false
T007910,2026-06-25T11:50:00,S01,,store,credit_card,480,0,,false
T007911,2026-06-25T18:57:00,S01,,store,line_pay,800,0,,false
T007912,2026-06-25T17:40:00,S01,,store,line_pay,960,0,,false
T007913,2026-06-25T12:39:00,S01,,store,cash,1584,106,,false
T007914,2026-06-25T12:39:00,S01,,store,cash,913,37,,false
T007915,2026-06-25T12:05:00,S03,M000579,store,line_pay,110,0,,false
T007916,2026-06-25T15:34:00,S04,M000288,store,mobile_payment,1534,0,,false
T007917,2026-06-25T21:39:00,S04,M000269,store,credit_card,995,0,,false
T007918,2026-06-25T20:53:00,S04,M000248,store,cash,-620,0,,true
T007919,2026-06-25T17:33:00,S04,,store,credit_card,2017,0,,false
T007920,2026-06-25T11:15:00,S05,M000837,store,credit_card,1420,0,,false
T007921,2026-06-25T20:53:00,S99,M000211,online,cash,1190,0,,false
T007922,2026-06-26T21:07:00,S01,M000947,store,credit_card,820,0,,false
T007923,2026-06-26T17:44:00,S01,M001105,store,credit_card,1159,0,,false
T007924,2026-06-26T20:24:00,S01,,store,credit_card,960,0,,false
T007925,2026-06-26T17:51:00,S01,,store,credit_card,960,0,,false
T007926,2026-06-26T12:53:00,S01,,store,cash,800,0,,false
T007927,2026-06-26T11:09:00,S02,M000245,store,cash,545,0,,false
T007928,2026-06-26T21:09:00,S03,M000321,store,cash,70,0,,false
T007929,2026-06-26T17:15:00,S03,,store,credit_card,1608,139,,false
T007930,2026-06-26T17:42:00,S04,M000222,store,cash,1359,0,,false
T007931,2026-06-26T12:17:00,S04,M000271,store,credit_card,800,0,,false
T007932,2026-06-26T18:56:00,S04,,store,line_pay,2797,0,,false
T007933,2026-06-26T21:11:00,S04,,store,cash,1470,0,,false
T007934,2026-06-26T18:07:00,S05,,store,credit_card,2565,0,,false
T007935,2026-06-26T18:46:00,S06,M000402,store,cash,175,0,,false
T007936,2026-06-26T19:04:00,S06,M000443,store,line_pay,130,0,,false
T007937,2026-06-27T15:21:00,S01,M001022,store,mobile_payment,1257,0,,false
T007938,2026-06-27T11:10:00,S01,,store,cash,2273,0,,false
T007939,2026-06-27T20:03:00,S02,,store,line_pay,1586,0,,false
T007940,2026-06-27T12:14:00,S03,M001032,store,credit_card,35,0,,false
T007941,2026-06-27T20:03:00,S04,M001036,store,line_pay,95,0,,false
T007942,2026-06-27T17:16:00,S04,,store,line_pay,1362,0,,false
T007943,2026-06-27T15:03:00,S05,M000504,store,credit_card,440,0,,false
T007944,2026-06-27T20:56:00,S05,,store,cash,1462,0,,false
T007945,2026-06-27T12:34:00,S99,M000521,online,line_pay,175,0,,false
T007946,2026-06-28T20:36:00,S01,M000850,store,credit_card,1962,103,,false
T007947,2026-06-28T15:24:00,S01,,store,cash,1795,0,,false
T007948,2026-06-28T12:29:00,S02,M000318,store,mobile_payment,110,0,,false
T007949,2026-06-28T17:28:00,S02,M001010,store,credit_card,1275,0,,false
T007950,2026-06-28T20:55:00,S02,M000530,store,credit_card,1405,0,,false
T007951,2026-06-28T20:11:00,S02,M000362,store,cash,1370,0,,false
T007952,2026-06-28T19:28:00,S02,,store,cash,1166,0,,false
T007953,2026-06-28T20:01:00,S03,M000991,store,credit_card,110,0,,false
T007954,2026-06-28T17:03:00,S03,M000031,store,credit_card,35,0,,false
T007955,2026-06-28T16:20:00,S04,M000053,store,cash,675,0,,false
T007956,2026-06-28T17:29:00,S04,M001197,store,cash,1130,0,,false
T007957,2026-06-28T14:18:00,S04,,store,credit_card,1465,77,,false
T007958,2026-06-28T11:59:00,S05,M000129,store,mobile_payment,160,0,,false
T007959,2026-06-28T19:22:00,S05,,store,line_pay,700,0,,false
T007960,2026-06-28T15:03:00,S05,,store,cash,1870,0,,false
T007961,2026-06-28T11:31:00,S06,M000750,store,cash,160,0,,false
T007962,2026-06-29T12:01:00,S01,,store,cash,1340,0,,false
T007963,2026-06-29T12:28:00,S01,,store,cash,1450,0,,false
T007964,2026-06-29T11:19:00,S01,,store,cash,2189,0,,false
T007965,2026-06-29T18:45:00,S02,,store,line_pay,954,50,,false
T007966,2026-06-29T20:26:00,S03,M000609,store,credit_card,130,0,,false
T007967,2026-06-29T18:56:00,S03,M001092,store,line_pay,100,0,,false
T007968,2026-06-29T20:57:00,S03,M000786,store,mobile_payment,130,0,,false
T007969,2026-06-29T17:43:00,S03,M000032,store,credit_card,70,0,,false
T007970,2026-06-29T12:54:00,S03,M001023,store,mobile_payment,145,0,,false
T007971,2026-06-29T19:32:00,S03,M000167,store,cash,145,0,,false
T007972,2026-06-29T11:43:00,S04,M000519,store,credit_card,850,0,,false
T007973,2026-06-29T11:03:00,S04,M000414,store,mobile_payment,780,0,,false
T007974,2026-06-29T20:53:00,S04,M000147,store,line_pay,860,0,,false
T007975,2026-06-29T20:16:00,S04,M001020,store,cash,1290,0,,false
T007976,2026-06-29T12:40:00,S04,,store,credit_card,1590,0,,false
T007977,2026-06-29T19:36:00,S05,M000131,store,credit_card,165,0,,false
T007978,2026-06-29T20:50:00,S05,M000359,store,line_pay,265,0,,false
T007979,2026-06-29T19:59:00,S05,M000935,store,mobile_payment,260,0,,false
T007980,2026-06-29T15:22:00,S05,M000122,store,credit_card,1330,0,,false
T007981,2026-06-29T11:53:00,S05,,store,line_pay,1121,34,,false
T007982,2026-06-29T20:56:00,S06,,store,line_pay,1935,0,,false
T007983,2026-06-29T21:18:00,S06,,store,mobile_payment,1343,102,,false
T007984,2026-06-29T22:42:00,S99,M001081,online,credit_card,1470,0,,false
T007985,2026-06-30T12:23:00,S01,,store,cash,480,0,,false
T007986,2026-06-30T20:00:00,S01,,store,line_pay,860,0,,false
T007987,2026-06-30T21:54:00,S01,,store,credit_card,800,0,,false
T007988,2026-06-30T11:37:00,S01,,store,line_pay,1041,0,,false
T007989,2026-06-30T18:12:00,S01,,store,line_pay,-380,0,,true
T007990,2026-06-30T21:58:00,S01,,store,line_pay,-320,0,,true
T007991,2026-06-30T17:40:00,S02,M000245,store,credit_card,965,0,,false
T007992,2026-06-30T18:04:00,S03,M000185,store,credit_card,130,0,,false
T007993,2026-06-30T11:18:00,S03,M000203,store,line_pay,160,0,,false
T007994,2026-06-30T18:27:00,S03,M000452,store,line_pay,105,0,,false
T007995,2026-06-30T18:09:00,S04,M001114,store,line_pay,1214,0,,false
T007996,2026-06-30T18:44:00,S04,,store,credit_card,-94,0,,true
T007997,2026-06-30T12:50:00,S06,M000316,store,cash,835,0,,false
T007998,2026-06-30T12:31:00,S06,M000667,store,cash,910,0,,false
T007999,2026-06-30T19:49:00,S06,M000652,store,cash,410,0,,false
T008000,2026-06-30T17:26:00,S06,,store,mobile_payment,-260,0,,true
