txn_id,sku,qty,unit_price,line_amount
T000001,P-H006,1,1080,1080
T000001,P-H002,1,420,420
T000001,P-F004,1,55,55
T000001,P-L012,1,460,460
T000001,P-L014,1,180,180
T000001,P-F001,1,65,65
T000002,P-P014,1,320,320
T000002,P-P011,1,320,320
T000002,P-F003,2,35,70
T000002,P-L022,1,160,160
T000002,P-P007,1,290,290
T000002,P-L008,1,450,450
T000003,P-F011,1,380,380
T000003,P-F006,1,320,320
T000003,P-P004,1,420,420
T000003,P-L014,3,180,540
T000003,P-L003,3,150,450
T000004,P-F008,1,240,240
T000004,P-F011,1,380,380
T000004,P-L014,2,180,360
T000004,P-L019,3,110,330
T000004,P-F002,1,180,180
T000005,P-P007,1,290,290
T000005,P-P019,3,120,360
T000005,P-F014,1,95,95
T000005,P-L019,1,110,110
T000006,P-G009,1,460,460
T000006,P-P001,1,260,260
T000006,P-P004,1,420,420
T000006,P-P008,1,460,460
T000006,P-L004,1,160,160
T000006,P-F019,3,140,420
T000007,P-L010,1,240,240
T000007,P-P026,1,280,280
T000007,P-F020,1,190,190
T000007,P-F012,1,130,130
T000008,P-H024,1,750,750
T000008,P-H017,1,640,640
T000008,P-P012,1,180,180
T000008,P-L018,2,130,260
T000008,P-P008,1,460,460
T000008,P-P012,2,180,360
T000009,P-L014,3,180,540
T000009,P-L001,1,260,260
T000009,P-F012,1,130,130
T000010,P-G002,2,480,960
T000010,P-G005,1,420,420
T000011,P-F006,1,320,320
T000011,P-F004,1,55,55
T000011,P-L018,2,130,260
T000011,P-L019,3,110,330
T000011,P-H010,1,520,520
T000012,P-F006,1,320,320
T000012,P-F011,1,380,380
T000012,P-F014,3,95,285
T000012,P-F016,1,110,110
T000012,P-F001,1,65,65
T000013,P-P016,1,280,280
T000013,P-P027,1,220,220
T000013,P-L014,2,180,360
T000013,P-L018,1,130,130
T000014,P-H001,1,680,680
T000014,P-F018,3,180,540
T000014,P-P021,1,240,240
T000014,P-F003,2,35,70
T000014,P-F010,1,75,75
T000014,P-P014,1,320,320
T000014,P-F019,2,140,280
T000014,P-L021,2,90,180
T000015,P-L021,1,90,90
T000016,P-L011,1,520,520
T000016,P-L021,1,90,90
T000016,P-F014,2,95,190
T000017,P-H001,1,680,680
T000017,P-F007,1,90,90
T000017,P-F011,1,380,380
T000017,P-L002,2,220,440
T000017,P-L012,1,460,460
T000017,P-L010,1,240,240
T000018,P-H004,1,560,560
T000018,P-H002,1,420,420
T000018,P-H003,1,890,890
T000018,P-H020,1,720,720
T000018,P-H009,1,780,780
T000018,P-P029,1,320,320
T000019,P-L024,1,420,420
T000019,P-L003,1,150,150
T000019,P-F015,1,260,260
T000019,P-L014,3,180,540
T000019,P-L009,1,280,280
T000019,P-L014,3,180,540
T000020,P-F015,1,260,260
T000020,P-L012,1,460,460
T000020,P-L003,1,150,150
T000020,P-P023,1,260,260
T000020,P-L004,3,160,480
T000020,P-F001,2,65,130
T000021,P-P019,2,120,240
T000021,P-P005,1,340,340
T000021,P-L019,1,110,110
T000021,P-G003,1,380,380
T000021,P-H021,1,580,580
T000021,P-P028,1,200,200
T000022,P-L004,2,160,320
T000022,P-L019,1,110,110
T000022,P-L021,1,90,90
T000022,P-P012,1,180,180
T000022,P-P013,2,150,300
T000022,P-L021,1,90,90
T000023,P-P019,1,120,120
T000023,P-F016,1,110,110
T000023,P-L021,1,90,90
T000023,P-F006,1,320,320
T000023,P-F019,3,140,420
T000023,P-F012,2,130,260
T000023,P-F001,1,65,65
T000024,P-F019,2,140,280
T000024,P-F001,1,65,65
T000025,P-F014,2,95,190
T000025,P-F016,1,110,110
T000026,P-H006,1,1080,1080
T000026,P-H001,1,680,680
T000026,P-F005,1,150,150
T000026,P-L009,1,280,280
T000026,P-L003,1,150,150
T000026,P-F016,1,110,110
T000027,P-F012,2,130,260
T000027,P-P013,3,150,450
T000027,P-F018,1,180,180
T000027,P-L003,2,150,300
T000027,P-H025,1,480,480
T000027,P-F012,1,130,130
T000028,P-H010,1,520,520
T000028,P-P013,2,150,300
T000028,P-L001,1,260,260
T000028,P-P024,1,540,540
T000028,P-P003,1,780,780
T000028,P-P006,1,250,250
T000029,P-F010,1,75,75
T000029,P-H001,1,680,680
T000029,P-H004,1,560,560
T000029,P-P015,1,220,220
T000029,P-P020,1,350,350
T000029,P-L010,1,240,240
T000030,P-F006,1,320,320
T000030,P-F007,1,90,90
T000030,P-H002,1,420,420
T000030,P-L019,1,110,110
T000030,P-P024,1,540,540
T000030,P-P019,3,120,360
T000031,P-L007,1,320,320
T000031,P-F015,1,260,260
T000031,P-P019,1,120,120
T000031,P-G009,1,460,460
T000031,P-H017,1,640,640
T000031,P-L008,1,450,450
T000032,P-G006,1,560,560
T000032,P-P014,1,320,320
T000032,P-L022,1,160,160
T000032,P-F007,1,90,90
T000032,P-L009,1,280,280
T000032,P-F014,3,95,285
T000032,P-G006,1,560,560
T000033,P-F011,1,380,380
T000033,P-F011,1,380,380
T000033,P-F007,1,90,90
T000033,P-G010,1,1080,1080
T000033,P-P007,1,290,290
T000033,P-L020,1,190,190
T000034,P-H015,1,450,450
T000034,P-L009,1,280,280
T000034,P-P011,1,320,320
T000034,P-F003,2,35,70
T000035,P-L019,1,110,110
T000036,P-P024,1,540,540
T000036,P-L005,3,180,540
T000036,P-P028,1,200,200
T000036,P-F016,2,110,220
T000037,P-F003,2,35,70
T000038,P-P019,1,120,120
T000038,P-F003,3,35,105
T000038,P-P012,2,180,360
T000038,P-L005,2,180,360
T000038,P-P027,1,220,220
T000039,P-F001,1,65,65
T000039,P-F014,1,95,95
T000040,P-F007,1,90,90
T000040,P-F006,1,320,320
T000040,P-F007,1,90,90
T000040,P-L012,1,460,460
T000040,P-H025,1,480,480
T000040,P-G006,1,560,560
T000041,P-F011,1,380,380
T000041,P-F010,1,75,75
T000041,P-F011,1,380,380
T000041,P-P003,1,780,780
T000041,P-P015,2,220,440
T000041,P-F019,1,140,140
T000042,P-H017,1,640,640
T000042,P-P001,1,260,260
T000042,P-P019,1,120,120
T000043,P-H004,1,560,560
T000043,P-H005,1,380,380
T000043,P-H002,1,420,420
T000043,P-P005,1,340,340
T000043,P-G007,1,620,620
T000043,P-H016,1,390,390
T000044,P-F006,1,320,320
T000044,P-G001,1,880,880
T000044,P-L022,2,160,320
T000044,P-P026,1,280,280
T000044,P-F005,1,150,150
T000044,P-H003,1,890,890
T000044,P-L021,3,90,270
T000044,P-F016,2,110,220
T000045,P-F010,1,75,75
T000045,P-F009,1,120,120
T000045,P-P019,3,120,360
T000045,P-G009,1,460,460
T000045,P-F017,1,220,220
T000046,P-P017,1,260,260
T000046,P-L001,1,260,260
T000046,P-F001,1,65,65
T000046,P-F014,2,95,190
T000046,P-P023,1,260,260
T000046,P-L022,1,160,160
T000047,P-L001,1,260,260
T000047,P-L021,3,90,270
T000047,P-F019,2,140,280
T000047,P-F016,1,110,110
T000047,P-F003,2,35,70
T000047,P-L003,2,150,300
T000048,P-F016,1,110,110
T000048,P-P021,1,240,240
T000048,P-L021,3,90,270
T000048,P-G002,1,480,480
T000048,P-P001,1,260,260
T000048,P-L018,3,130,390
T000049,P-L020,1,190,190
T000049,P-L019,1,110,110
T000050,P-F007,1,90,90
T000050,P-F005,1,150,150
T000050,P-H023,1,620,620
T000050,P-P011,1,320,320
T000050,P-F012,2,130,260
T000051,P-L018,3,130,390
T000051,P-P008,1,460,460
T000051,P-L010,1,240,240
T000051,P-L023,1,540,540
T000051,P-L012,1,460,460
T000051,P-P012,3,180,540
T000052,P-L019,3,110,330
T000052,P-P006,1,250,250
T000052,P-P012,2,180,360
T000052,P-P020,1,350,350
T000052,P-P013,1,150,150
T000052,P-F016,1,110,110
T000053,P-L021,1,90,90
T000054,P-F003,2,35,70
T000054,P-F016,1,110,110
T000055,P-P011,1,320,320
T000055,P-P029,1,320,320
T000055,P-F015,1,260,260
T000055,P-P001,1,260,260
T000055,P-H016,1,390,390
T000055,P-P015,1,220,220
T000056,P-G006,1,560,560
T000056,P-L004,3,160,480
T000056,P-L021,1,90,90
T000057,P-H001,1,680,680
T000057,P-L021,1,90,90
T000057,P-L017,1,620,620
T000057,P-P017,1,260,260
T000058,P-F011,1,380,380
T000058,P-P004,1,420,420
T000058,P-L001,1,260,260
T000058,P-P010,1,620,620
T000058,P-F006,1,320,320
T000058,P-P016,1,280,280
T000058,P-F017,1,220,220
T000058,P-P027,1,220,220
T000059,P-L002,1,220,220
T000059,P-F012,1,130,130
T000059,P-F001,1,65,65
T000059,P-F019,3,140,420
T000059,P-F013,3,160,480
T000059,P-F016,3,110,330
T000060,P-L022,2,160,320
T000060,P-P020,1,350,350
T000060,P-F020,1,190,190
T000060,P-P029,1,320,320
T000060,P-P021,1,240,240
T000060,P-L019,1,110,110
T000061,P-F001,1,65,65
T000061,P-L019,1,110,110
T000062,P-L019,1,110,110
T000063,P-B007,2,260,520
T000063,P-B009,1,240,240
T000063,P-B010,1,220,220
T000064,P-F014,2,95,190
T000064,P-L021,1,90,90
T000064,P-F019,1,140,140
T000065,P-F016,3,110,330
T000065,P-P028,1,200,200
T000065,P-L021,1,90,90
T000066,P-L007,1,320,320
T000066,P-L021,2,90,180
T000066,P-F001,2,65,130
T000066,P-P015,1,220,220
T000066,P-L018,1,130,130
T000066,P-F003,3,35,105
T000067,P-F016,1,110,110
T000068,P-P028,1,200,200
T000068,P-F016,1,110,110
T000068,P-F003,3,35,105
T000069,P-P002,1,380,380
T000069,P-L004,1,160,160
T000069,P-P026,2,280,560
T000069,P-P019,1,120,120
T000069,P-L021,1,90,90
T000070,P-F011,1,380,380
T000070,P-P024,1,540,540
T000070,P-P015,1,220,220
T000070,P-L022,2,160,320
T000070,P-F006,1,320,320
T000070,P-G006,1,560,560
T000070,P-L020,1,190,190
T000070,P-P026,1,280,280
T000071,P-P010,1,620,620
T000071,P-H015,2,450,900
T000071,P-P005,1,340,340
T000071,P-P010,1,620,620
T000071,P-P016,1,280,280
T000071,P-F017,1,220,220
T000072,P-F016,1,110,110
T000073,P-F001,1,65,65
T000073,P-L019,1,110,110
T000074,P-B004,1,599,599
T000074,P-B007,1,260,260
T000074,P-B008,1,380,380
T000074,P-B010,1,220,220
T000075,P-F011,1,380,380
T000075,P-F009,1,120,120
T000075,P-F011,1,380,380
T000075,P-L004,1,160,160
T000075,P-L021,3,90,270
T000075,P-F016,1,110,110
T000076,P-H016,1,390,390
T000076,P-P025,1,480,480
T000076,P-P013,2,150,300
T000076,P-P025,1,480,480
T000076,P-G006,1,560,560
T000076,P-F014,1,95,95
T000077,P-F019,1,140,140
T000077,P-L020,1,190,190
T000077,P-F001,3,65,195
T000077,P-P021,1,240,240
T000077,P-L009,1,280,280
T000077,P-P012,3,180,540
T000078,P-L004,3,160,480
T000078,P-F003,3,35,105
T000078,P-L018,3,130,390
T000078,P-F014,1,95,95
T000079,P-L021,1,90,90
T000079,P-F003,1,35,35
T000080,P-F016,1,110,110
T000080,P-F014,2,95,190
T000080,P-L021,1,90,90
T000081,P-P016,1,280,280
T000081,P-L010,1,240,240
T000081,P-P005,1,340,340
T000081,P-L018,2,130,260
T000082,P-H015,1,450,450
T000082,P-P026,1,280,280
T000082,P-L018,2,130,260
T000082,P-L022,1,160,160
T000082,P-P026,1,280,280
T000082,P-F017,1,220,220
T000083,P-F001,1,65,65
T000083,P-L021,1,90,90
T000084,P-B004,1,599,599
T000084,P-B009,1,240,240
T000084,P-B007,1,260,260
T000084,P-B005,1,320,320
T000085,P-H001,1,680,680
T000085,P-F008,1,240,240
T000085,P-F008,1,240,240
T000085,P-P015,1,220,220
T000085,P-F019,1,140,140
T000085,P-L021,1,90,90
T000086,P-L024,1,420,420
T000086,P-P019,1,120,120
T000086,P-L021,1,90,90
T000086,P-P020,1,350,350
T000086,P-L019,2,110,220
T000086,P-P011,1,320,320
T000087,P-F020,1,190,190
T000087,P-L005,3,180,540
T000087,P-F016,1,110,110
T000087,P-L024,1,420,420
T000087,P-G007,1,620,620
T000087,P-P027,1,220,220
T000088,P-F015,1,260,260
T000088,P-P020,1,350,350
T000088,P-H021,1,580,580
T000088,P-P020,1,350,350
T000088,P-P019,1,120,120
T000088,P-F016,1,110,110
T000089,P-P017,1,260,260
T000089,P-L004,3,160,480
T000089,P-P028,1,200,200
T000089,P-F019,3,140,420
T000089,P-L005,1,180,180
T000089,P-P005,1,340,340
T000090,P-L010,1,240,240
T000090,P-L003,3,150,450
T000090,P-P020,1,350,350
T000090,P-P006,1,250,250
T000090,P-L023,1,540,540
T000090,P-L008,1,450,450
T000091,P-F014,1,95,95
T000092,P-F006,1,320,320
T000092,P-F011,1,380,380
T000092,P-F007,1,90,90
T000092,P-L012,1,460,460
T000092,P-F001,3,65,195
T000092,P-P029,1,320,320
T000093,P-F007,1,90,90
T000093,P-F009,1,120,120
T000093,P-P023,1,260,260
T000093,P-F013,1,160,160
T000093,P-L018,1,130,130
T000094,P-H010,1,520,520
T000094,P-L014,1,180,180
T000094,P-F001,1,65,65
T000094,P-P027,1,220,220
T000094,P-P019,1,120,120
T000094,P-F016,1,110,110
T000095,P-F010,1,75,75
T000095,P-H003,1,890,890
T000095,P-P005,1,340,340
T000095,P-L005,3,180,540
T000095,P-F020,1,190,190
T000096,P-G009,1,460,460
T000096,P-L004,1,160,160
T000096,P-L021,1,90,90
T000096,P-L005,2,180,360
T000096,P-P013,1,150,150
T000096,P-L021,3,90,270
T000097,P-L022,1,160,160
T000097,P-L004,2,160,320
T000097,P-F012,1,130,130
T000097,P-H002,1,420,420
T000097,P-H017,1,640,640
T000097,P-P015,1,220,220
T000097,P-F016,3,110,330
T000098,P-G003,1,380,380
T000098,P-F015,1,260,260
T000098,P-F003,3,35,105
T000098,P-P028,1,200,200
T000099,P-F001,1,65,65
T000099,P-F014,1,95,95
T000100,P-F016,1,110,110
T000101,P-F011,1,380,380
T000101,P-H001,1,680,680
T000101,P-L003,1,150,150
T000101,P-L004,1,160,160
T000101,P-G009,1,460,460
T000102,P-H018,1,990,990
T000102,P-L018,3,130,390
T000102,P-L020,1,190,190
T000102,P-F003,3,35,105
T000102,P-H015,1,450,450
T000102,P-L015,1,590,590
T000103,P-F019,3,140,420
T000103,P-H013,1,850,850
T000103,P-F012,3,130,390
T000103,P-F019,2,140,280
T000103,P-P014,1,320,320
T000103,P-P028,1,200,200
T000104,P-F020,1,190,190
T000104,P-L004,1,160,160
T000104,P-F016,1,110,110
T000104,P-H010,1,520,520
T000104,P-L014,2,180,360
T000104,P-F003,3,35,105
T000105,P-F001,2,65,130
T000105,P-L015,1,590,590
T000105,P-P013,2,150,300
T000105,P-L019,1,110,110
T000106,P-H004,1,560,560
T000106,P-F011,1,380,380
T000106,P-H003,1,890,890
T000106,P-P019,1,120,120
T000106,P-H016,1,390,390
T000106,P-F016,1,110,110
T000107,P-F015,1,260,260
T000107,P-L004,1,160,160
T000107,P-L013,1,380,380
T000107,P-P005,1,340,340
T000107,P-L021,1,90,90
T000107,P-F014,3,95,285
T000108,P-F011,1,380,380
T000108,P-F007,1,90,90
T000108,P-H006,1,1080,1080
T000108,P-P023,1,260,260
T000108,P-F016,1,110,110
T000108,P-L019,1,110,110
T000109,P-F014,1,95,95
T000110,P-P013,1,150,150
T000110,P-F003,1,35,35
T000110,P-F016,1,110,110
T000110,P-L019,1,110,110
T000111,P-L022,1,160,160
T000111,P-F019,1,140,140
T000111,P-F014,1,95,95
T000111,P-F001,1,65,65
T000112,P-F003,2,35,70
T000113,P-F003,2,35,70
T000114,P-F003,2,35,70
T000114,P-L021,1,90,90
T000115,P-F014,1,95,95
T000115,P-F003,1,35,35
T000116,P-P015,1,220,220
T000116,P-L019,1,110,110
T000116,P-F014,1,95,95
T000116,P-H003,1,890,890
T000116,P-F014,3,95,285
T000116,P-L008,1,450,450
T000116,P-P023,1,260,260
T000117,P-L013,1,380,380
T000117,P-L021,1,90,90
T000117,P-F014,3,95,285
T000118,P-L021,1,90,90
T000118,P-F001,1,65,65
T000119,P-P015,1,220,220
T000119,P-L019,1,110,110
T000119,P-L021,1,90,90
T000120,P-L018,2,130,260
T000120,P-P001,1,260,260
T000120,P-F016,1,110,110
T000120,P-P016,1,280,280
T000120,P-L001,1,260,260
T000120,P-F019,3,140,420
T000121,P-H012,1,480,480
T000121,P-F002,1,180,180
T000121,P-L019,1,110,110
T000121,P-F016,1,110,110
T000121,P-H007,1,520,520
T000122,P-F003,1,35,35
T000123,P-F003,2,35,70
T000124,P-L013,1,380,380
T000124,P-P021,1,240,240
T000124,P-L007,1,320,320
T000124,P-F013,2,160,320
T000124,P-F001,1,65,65
T000125,P-F001,1,65,65
T000125,P-F003,3,35,105
T000125,P-P006,1,250,250
T000125,P-P020,1,350,350
T000125,P-F015,1,260,260
T000125,P-F001,3,65,195
T000126,P-L014,1,180,180
T000126,P-L019,1,110,110
T000126,P-L018,1,130,130
T000126,P-P016,1,280,280
T000126,P-P017,1,260,260
T000126,P-F001,1,65,65
T000127,P-L021,1,90,90
T000128,P-F016,1,110,110
T000129,P-L021,1,90,90
T000129,P-F014,1,95,95
T000130,P-L022,1,160,160
T000130,P-P019,1,120,120
T000130,P-F003,3,35,105
T000131,P-F009,1,120,120
T000131,P-H005,1,380,380
T000131,P-G009,1,460,460
T000131,P-F003,2,35,70
T000131,P-F012,2,130,260
T000132,P-F006,1,320,320
T000132,P-P011,1,320,320
T000132,P-F002,3,180,540
T000132,P-P021,1,240,240
T000133,P-F016,3,110,330
T000133,P-P014,1,320,320
T000133,P-L012,1,460,460
T000134,P-L008,1,450,450
T000134,P-L022,1,160,160
T000134,P-F016,1,110,110
T000134,P-H004,1,560,560
T000134,P-P014,1,320,320
T000134,P-F020,1,190,190
T000134,P-L019,1,110,110
T000135,P-F003,2,35,70
T000135,P-L021,1,90,90
T000136,P-L022,1,160,160
T000136,P-F016,1,110,110
T000137,P-H004,1,560,560
T000137,P-P016,1,280,280
T000137,P-F016,3,110,330
T000137,P-P014,1,320,320
T000138,P-F009,1,120,120
T000138,P-P005,1,340,340
T000138,P-P013,2,150,300
T000138,P-L019,1,110,110
T000138,P-F005,1,150,150
T000138,P-L009,1,280,280
T000138,P-L008,1,450,450
T000138,P-F001,2,65,130
T000139,P-F003,1,35,35
T000139,P-F016,1,110,110
T000140,P-F001,1,65,65
T000140,P-L019,1,110,110
T000141,P-F016,1,110,110
T000142,P-H006,1,1080,1080
T000142,P-F006,1,320,320
T000142,P-F006,1,320,320
T000142,P-P024,1,540,540
T000142,P-L021,2,90,180
T000142,P-P011,1,320,320
T000143,P-F003,1,35,35
T000143,P-F016,1,110,110
T000144,P-F003,2,35,70
T000144,P-F003,3,35,105
T000145,P-H009,1,780,780
T000145,P-P012,2,180,360
T000145,P-L020,1,190,190
T000145,P-F019,3,140,420
T000145,P-H015,1,450,450
T000145,P-F015,1,260,260
T000146,P-H012,1,480,480
T000146,P-F014,3,95,285
T000146,P-F016,1,110,110
T000147,P-F016,2,110,220
T000147,P-F001,1,65,65
T000147,P-F014,1,95,95
T000148,P-F007,1,90,90
T000148,P-H006,1,1080,1080
T000148,P-G009,1,460,460
T000148,P-P013,2,150,300
T000148,P-L019,1,110,110
T000149,P-F001,3,65,195
T000150,P-F020,1,190,190
T000150,P-P019,1,120,120
T000150,P-F016,1,110,110
T000150,P-F014,1,95,95
T000151,P-F020,1,190,190
T000151,P-L021,1,90,90
T000151,P-F001,2,65,130
T000152,P-L019,1,110,110
T000152,P-L023,1,540,540
T000152,P-P016,1,280,280
T000152,P-L021,3,90,270
T000153,P-F006,1,320,320
T000153,P-L013,1,380,380
T000153,P-H013,1,850,850
T000153,P-P002,1,380,380
T000154,P-H012,1,480,480
T000154,P-F012,3,130,390
T000155,P-H010,1,520,520
T000155,P-P002,1,380,380
T000155,P-P001,1,260,260
T000155,P-L016,1,880,880
T000155,P-L002,1,220,220
T000155,P-P013,3,150,450
T000156,P-F016,1,110,110
T000157,P-F001,2,65,130
T000157,P-L019,1,110,110
T000157,P-F014,1,95,95
T000158,P-H004,1,560,560
T000158,P-H004,1,560,560
T000158,P-P020,1,350,350
T000158,P-H013,1,850,850
T000158,P-P029,1,320,320
T000159,P-H024,1,750,750
T000159,P-P015,1,220,220
T000159,P-L018,1,130,130
T000159,P-F003,1,35,35
T000160,P-F003,3,35,105
T000161,P-L021,1,90,90
T000162,P-L007,1,320,320
T000162,P-P024,1,540,540
T000162,P-L012,1,460,460
T000162,P-F013,1,160,160
T000163,P-F010,1,75,75
T000163,P-F005,1,150,150
T000163,P-F019,1,140,140
T000163,P-F017,1,220,220
T000163,P-F002,2,180,360
T000164,P-G009,1,460,460
T000164,P-P007,1,290,290
T000164,P-F013,3,160,480
T000164,P-F018,3,180,540
T000164,P-H024,1,750,750
T000164,P-F013,3,160,480
T000165,P-L019,3,110,330
T000165,P-L021,1,90,90
T000166,P-P001,1,260,260
T000166,P-L020,1,190,190
T000166,P-L007,1,320,320
T000166,P-P003,1,780,780
T000166,P-F003,2,35,70
T000166,P-L002,1,220,220
T000167,P-P013,1,150,150
T000167,P-L019,3,110,330
T000167,P-P026,1,280,280
T000167,P-F016,1,110,110
T000168,P-L019,1,110,110
T000169,P-F003,3,35,105
T000170,P-P008,1,460,460
T000170,P-L010,1,240,240
T000170,P-L004,1,160,160
T000170,P-F001,1,65,65
T000171,P-F009,1,120,120
T000171,P-F007,1,90,90
T000171,P-F007,1,90,90
T000171,P-L020,1,190,190
T000171,P-F018,1,180,180
T000171,P-L018,1,130,130
T000172,P-F011,1,380,380
T000172,P-H005,1,380,380
T000172,P-P013,2,150,300
T000172,P-H017,1,640,640
T000172,P-P028,1,200,200
T000173,P-L021,2,90,180
T000173,P-F014,1,95,95
T000174,P-P003,1,780,780
T000174,P-L010,1,240,240
T000174,P-L020,1,190,190
T000174,P-P023,1,260,260
T000174,P-H018,1,990,990
T000174,P-P016,1,280,280
T000175,P-L019,1,110,110
T000176,P-H012,1,480,480
T000176,P-L021,3,90,270
T000176,P-L019,1,110,110
T000177,P-P005,1,340,340
T000177,P-L003,3,150,450
T000177,P-F003,3,35,105
T000177,P-L004,3,160,480
T000177,P-L018,1,130,130
T000177,P-L019,1,110,110
T000178,P-L021,2,90,180
T000178,P-L018,1,130,130
T000178,P-F001,1,65,65
T000179,P-H015,1,450,450
T000179,P-P021,1,240,240
T000179,P-F001,3,65,195
T000180,P-F014,1,95,95
T000181,P-L021,1,90,90
T000181,P-F001,1,65,65
T000182,P-H025,1,480,480
T000182,P-P004,1,420,420
T000182,P-L022,1,160,160
T000183,P-L004,3,160,480
T000183,P-F014,1,95,95
T000184,P-L019,1,110,110
T000185,P-L021,1,90,90
T000185,P-F003,1,35,35
T000186,P-P004,1,420,420
T000186,P-L020,1,190,190
T000186,P-F016,1,110,110
T000186,P-L006,1,680,680
T000186,P-L008,1,450,450
T000186,P-L001,1,260,260
T000187,P-F014,2,95,190
T000188,P-H003,1,890,890
T000188,P-F008,1,240,240
T000188,P-F005,1,150,150
T000188,P-P003,1,780,780
T000188,P-P029,1,320,320
T000188,P-L005,1,180,180
T000189,P-P002,1,380,380
T000189,P-F019,2,140,280
T000189,P-L004,2,160,320
T000189,P-F015,1,260,260
T000189,P-P012,1,180,180
T000189,P-L018,1,130,130
T000190,P-F003,3,35,105
T000190,P-F014,1,95,95
T000190,P-L019,1,110,110
T000191,P-F001,1,65,65
T000191,P-F003,1,35,35
T000192,P-F014,1,95,95
T000193,P-F003,2,35,70
T000193,P-L019,1,110,110
T000194,P-P006,1,250,250
T000194,P-L022,2,160,320
T000194,P-L012,1,460,460
T000194,P-L003,1,150,150
T000194,P-L022,1,160,160
T000194,P-P028,1,200,200
T000195,P-F016,1,110,110
T000196,P-F004,1,55,55
T000196,P-F005,1,150,150
T000196,P-P020,1,350,350
T000196,P-F013,3,160,480
T000196,P-F011,1,380,380
T000196,P-P018,1,580,580
T000196,P-L004,2,160,320
T000196,P-F019,1,140,140
T000197,P-L021,-1,90,-90
T000198,P-F005,1,150,150
T000198,P-F006,1,320,320
T000198,P-F007,1,90,90
T000198,P-G003,1,380,380
T000198,P-P006,1,250,250
T000198,P-L002,1,220,220
T000199,P-F003,3,35,105
T000199,P-F001,1,65,65
T000200,P-P011,1,320,320
T000200,P-L018,1,130,130
T000200,P-L007,1,320,320
T000201,P-F003,2,35,70
T000201,P-P019,3,120,360
T000201,P-P010,1,620,620
T000202,P-L022,2,160,320
T000202,P-F014,1,95,95
T000203,P-F016,1,110,110
T000204,P-F003,2,35,70
T000205,P-F003,1,35,35
T000205,P-F016,1,110,110
T000206,P-H017,1,640,640
T000206,P-L019,2,110,220
T000206,P-P029,1,320,320
T000206,P-L018,1,130,130
T000207,P-P022,1,380,380
T000207,P-F017,1,220,220
T000207,P-L019,1,110,110
T000207,P-F003,2,35,70
T000208,P-F010,1,75,75
T000208,P-F011,1,380,380
T000208,P-H005,1,380,380
T000208,P-P001,1,260,260
T000208,P-L020,1,190,190
T000208,P-F003,2,35,70
T000209,P-L019,1,110,110
T000210,P-L014,2,180,360
T000210,P-P023,1,260,260
T000210,P-F014,1,95,95
T000210,P-L013,1,380,380
T000210,P-L003,1,150,150
T000210,P-F003,3,35,105
T000211,P-P013,1,150,150
T000211,P-F016,1,110,110
T000211,P-F001,2,65,130
T000212,P-P004,1,420,420
T000212,P-L022,3,160,480
T000212,P-L019,1,110,110
T000212,P-F001,1,65,65
T000213,P-H002,1,420,420
T000213,P-F004,1,55,55
T000213,P-L008,1,450,450
T000213,P-F014,1,95,95
T000213,P-P020,1,350,350
T000214,P-P003,1,780,780
T000214,P-F015,1,260,260
T000214,P-F002,3,180,540
T000214,P-H025,1,480,480
T000214,P-L008,1,450,450
T000214,P-G006,1,560,560
T000215,P-H013,-1,850,-850
T000216,P-H012,1,480,480
T000216,P-H007,1,520,520
T000217,P-F008,1,240,240
T000217,P-F010,1,75,75
T000217,P-P006,1,250,250
T000217,P-P005,1,340,340
T000217,P-P008,1,460,460
T000218,P-F010,1,75,75
T000218,P-F004,1,55,55
T000218,P-H005,1,380,380
T000218,P-L009,1,280,280
T000218,P-L012,1,460,460
T000218,P-P001,1,260,260
T000219,P-F003,2,35,70
T000220,P-F016,1,110,110
T000220,P-F001,1,65,65
T000221,P-F004,1,55,55
T000221,P-F002,2,180,360
T000221,P-L015,1,590,590
T000221,P-P006,1,250,250
T000221,P-H006,1,1080,1080
T000221,P-P019,3,120,360
T000221,P-L002,1,220,220
T000221,P-G002,1,480,480
T000222,P-F004,1,55,55
T000222,P-H006,1,1080,1080
T000222,P-L023,1,540,540
T000222,P-P029,1,320,320
T000222,P-P025,1,480,480
T000223,P-L011,1,520,520
T000223,P-P008,1,460,460
T000223,P-L009,1,280,280
T000223,P-F018,2,180,360
T000223,P-L018,1,130,130
T000223,P-F014,1,95,95
T000224,P-P009,1,890,890
T000224,P-L004,3,160,480
T000224,P-P013,2,150,300
T000224,P-P011,1,320,320
T000224,P-F016,1,110,110
T000224,P-H016,1,390,390
T000225,P-F005,1,150,150
T000225,P-H005,1,380,380
T000225,P-F010,1,75,75
T000225,P-L003,1,150,150
T000225,P-H017,1,640,640
T000225,P-L021,2,90,180
T000226,P-P013,3,150,450
T000226,P-H015,1,450,450
T000226,P-H025,1,480,480
T000226,P-P022,1,380,380
T000226,P-L024,1,420,420
T000226,P-L003,2,150,300
T000227,P-F003,1,35,35
T000227,P-F014,1,95,95
T000228,P-F003,2,35,70
T000229,P-F003,2,35,70
T000229,P-F003,1,35,35
T000229,P-L021,1,90,90
T000230,P-F004,1,55,55
T000230,P-F006,1,320,320
T000230,P-F013,1,160,160
T000230,P-F020,1,190,190
T000230,P-F014,2,95,190
T000231,P-H012,1,480,480
T000231,P-F013,3,160,480
T000231,P-H007,1,520,520
T000232,P-L017,1,620,620
T000232,P-P026,1,280,280
T000232,P-P004,1,420,420
T000232,P-L008,1,450,450
T000232,P-L010,1,240,240
T000232,P-P002,1,380,380
T000233,P-P022,1,380,380
T000233,P-F018,1,180,180
T000233,P-F003,3,35,105
T000233,P-P002,1,380,380
T000233,P-L009,1,280,280
T000233,P-L003,1,150,150
T000234,P-F014,1,95,95
T000235,P-P021,1,240,240
T000235,P-L010,1,240,240
T000235,P-L003,1,150,150
T000235,P-F003,3,35,105
T000236,P-L007,1,320,320
T000236,P-L018,3,130,390
T000236,P-L019,1,110,110
T000236,P-P029,1,320,320
T000236,P-L007,1,320,320
T000237,P-F016,1,110,110
T000238,P-F014,1,95,95
T000239,P-P015,1,220,220
T000239,P-L021,1,90,90
T000239,P-F003,3,35,105
T000240,P-F002,1,180,180
T000240,P-F014,1,95,95
T000240,P-L021,2,90,180
T000241,P-F005,1,150,150
T000241,P-F004,1,55,55
T000241,P-P025,1,480,480
T000241,P-P021,1,240,240
T000241,P-P012,1,180,180
T000242,P-P015,1,220,220
T000242,P-H024,1,750,750
T000242,P-P006,1,250,250
T000242,P-P017,1,260,260
T000242,P-L019,1,110,110
T000243,P-G003,1,380,380
T000243,P-F003,3,35,105
T000243,P-L021,3,90,270
T000244,P-H006,1,1080,1080
T000244,P-F004,1,55,55
T000244,P-H004,1,560,560
T000244,P-P022,1,380,380
T000244,P-L021,3,90,270
T000245,P-P016,1,280,280
T000245,P-P005,1,340,340
T000245,P-F003,3,35,105
T000245,P-L015,1,590,590
T000245,P-F020,1,190,190
T000245,P-L017,1,620,620
T000246,P-F016,-1,110,-110
T000247,P-G007,1,620,620
T000247,P-P004,1,420,420
T000247,P-F003,2,35,70
T000247,P-F012,1,130,130
T000248,P-G007,1,620,620
T000248,P-P019,1,120,120
T000248,P-L005,2,180,360
T000249,P-G002,1,480,480
T000249,P-P029,1,320,320
T000249,P-P015,1,220,220
T000249,P-P019,1,120,120
T000250,P-H012,1,480,480
T000250,P-L018,2,130,260
T000250,P-F014,1,95,95
T000250,P-L021,1,90,90
T000250,P-H007,1,520,520
T000251,P-F014,1,95,95
T000252,P-P023,1,260,260
T000252,P-P021,1,240,240
T000252,P-P019,1,120,120
T000252,P-F016,1,110,110
T000253,P-L005,1,180,180
T000253,P-F003,2,35,70
T000253,P-F014,1,95,95
T000254,P-H016,1,390,390
T000254,P-P011,1,320,320
T000254,P-F003,2,35,70
T000254,P-P028,1,200,200
T000254,P-L019,1,110,110
T000254,P-L021,1,90,90
T000255,P-F001,2,65,130
T000256,P-F003,2,35,70
T000256,P-F014,1,95,95
T000257,P-P022,1,380,380
T000257,P-F013,3,160,480
T000257,P-L010,1,240,240
T000257,P-F019,2,140,280
T000258,P-F003,2,35,70
T000259,P-L021,1,90,90
T000259,P-F014,1,95,95
T000260,P-L019,1,110,110
T000261,P-F001,1,65,65
T000261,P-F003,1,35,35
T000262,P-L019,1,110,110
T000263,P-F010,1,75,75
T000263,P-H010,1,520,520
T000263,P-F018,3,180,540
T000263,P-P023,1,260,260
T000263,P-L001,1,260,260
T000263,P-L014,3,180,540
T000263,P-L003,2,150,300
T000263,P-L022,3,160,480
T000264,P-F014,1,95,95
T000264,P-F001,1,65,65
T000265,P-L003,1,150,150
T000265,P-F014,1,95,95
T000265,P-F016,1,110,110
T000266,P-F003,2,35,70
T000266,P-L019,1,110,110
T000267,P-F014,1,95,95
T000268,P-F016,3,110,330
T000268,P-F003,1,35,35
T000269,P-F014,3,95,285
T000270,P-P015,1,220,220
T000270,P-P018,1,580,580
T000270,P-L019,3,110,330
T000270,P-L002,1,220,220
T000270,P-P022,1,380,380
T000270,P-P011,1,320,320
T000271,P-F003,2,35,70
T000271,P-F016,1,110,110
T000272,P-L021,1,90,90
T000272,P-F001,1,65,65
T000273,P-F003,1,35,35
T000274,P-L021,1,90,90
T000274,P-F014,1,95,95
T000275,P-L021,1,90,90
T000275,P-F014,1,95,95
T000276,P-G002,2,480,960
T000277,P-F001,3,65,195
T000278,P-F009,1,120,120
T000278,P-F005,1,150,150
T000278,P-F011,1,380,380
T000278,P-G006,1,560,560
T000278,P-L010,1,240,240
T000278,P-F016,1,110,110
T000279,P-P019,3,120,360
T000279,P-F014,1,95,95
T000280,P-F014,1,95,95
T000280,P-P019,3,120,360
T000281,P-F008,1,240,240
T000281,P-F005,1,150,150
T000281,P-H005,1,380,380
T000281,P-L010,1,240,240
T000281,P-P019,1,120,120
T000281,P-F014,1,95,95
T000282,P-F001,1,65,65
T000282,P-F003,1,35,35
T000283,P-H012,1,480,480
T000283,P-L021,3,90,270
T000283,P-L019,1,110,110
T000284,P-F003,2,35,70
T000284,P-L021,1,90,90
T000285,P-F016,1,110,110
T000286,P-L019,1,110,110
T000287,P-F016,1,110,110
T000288,P-F003,2,35,70
T000288,P-L019,1,110,110
T000289,P-L021,1,90,90
T000289,P-F003,1,35,35
T000290,P-F003,1,35,35
T000290,P-L019,3,110,330
T000291,P-F001,1,65,65
T000291,P-L019,1,110,110
T000292,P-H012,1,480,480
T000292,P-F013,3,160,480
T000292,P-H007,1,520,520
T000293,P-L014,1,180,180
T000293,P-L019,1,110,110
T000293,P-F001,1,65,65
T000293,P-F014,1,95,95
T000294,P-F015,1,260,260
T000294,P-L021,1,90,90
T000294,P-F014,1,95,95
T000295,P-H003,1,890,890
T000295,P-F006,1,320,320
T000295,P-F007,1,90,90
T000295,P-L008,1,450,450
T000295,P-F020,1,190,190
T000295,P-L015,1,590,590
T000296,P-F003,4,35,140
T000296,P-L021,1,90,90
T000297,P-H006,1,1080,1080
T000297,P-H013,1,850,850
T000297,P-H016,1,390,390
T000297,P-P012,2,180,360
T000297,P-F001,3,65,195
T000297,P-L018,2,130,260
T000297,P-L014,2,180,360
T000297,P-F001,1,65,65
T000298,P-L010,1,240,240
T000298,P-F012,1,130,130
T000298,P-F003,3,35,105
T000298,P-H021,1,580,580
T000298,P-F017,1,220,220
T000298,P-F003,1,35,35
T000299,P-L021,1,90,90
T000299,P-F003,1,35,35
T000300,P-L006,1,680,680
T000300,P-P006,1,250,250
T000300,P-L018,1,130,130
T000300,P-L003,1,150,150
T000301,P-B006,1,280,280
T000301,P-B008,1,380,380
T000301,P-B010,1,220,220
T000302,P-F016,1,110,110
T000303,P-F003,1,35,35
T000303,P-P007,1,290,290
T000303,P-P013,2,150,300
T000303,P-H023,1,620,620
T000303,P-P026,1,280,280
T000303,P-L003,1,150,150
T000304,P-F011,1,380,380
T000304,P-F019,2,140,280
T000304,P-P029,1,320,320
T000304,P-L014,1,180,180
T000304,P-H005,1,380,380
T000304,P-L022,3,160,480
T000304,P-G009,1,460,460
T000304,P-F019,1,140,140
T000305,P-F016,1,110,110
T000306,P-P003,1,780,780
T000306,P-F017,1,220,220
T000306,P-F019,1,140,140
T000306,P-G006,1,560,560
T000306,P-P005,1,340,340
T000306,P-L019,1,110,110
T000307,P-L005,2,180,360
T000307,P-G003,1,380,380
T000307,P-P016,1,280,280
T000307,P-P022,1,380,380
T000307,P-F020,1,190,190
T000307,P-P006,1,250,250
T000308,P-P005,1,340,340
T000308,P-P012,3,180,540
T000308,P-F012,1,130,130
T000308,P-F001,2,65,130
T000309,P-F001,1,65,65
T000309,P-F014,1,95,95
T000310,P-F003,1,35,35
T000310,P-L019,1,110,110
T000311,P-F001,1,65,65
T000311,P-F016,1,110,110
T000312,P-L009,1,280,280
T000312,P-P021,1,240,240
T000312,P-P010,1,620,620
T000312,P-L014,2,180,360
T000313,P-H002,1,420,420
T000313,P-P017,1,260,260
T000313,P-P013,3,150,450
T000313,P-F018,3,180,540
T000313,P-F008,1,240,240
T000313,P-L020,1,190,190
T000313,P-L022,2,160,320
T000313,P-F019,1,140,140
T000314,P-B004,1,599,599
T000314,P-B010,2,220,440
T000314,P-B008,1,380,380
T000314,P-B007,1,260,260
T000315,P-L017,1,620,620
T000315,P-P011,1,320,320
T000315,P-F001,1,65,65
T000315,P-F013,1,160,160
T000315,P-L019,1,110,110
T000316,P-H012,1,480,480
T000316,P-L004,3,160,480
T000316,P-L021,1,90,90
T000317,P-H016,1,390,390
T000318,P-H012,1,480,480
T000318,P-L018,1,130,130
T000318,P-L005,1,180,180
T000318,P-L019,1,110,110
T000319,P-P029,1,320,320
T000319,P-G003,1,380,380
T000319,P-L014,1,180,180
T000319,P-F015,1,260,260
T000319,P-L019,2,110,220
T000319,P-P026,1,280,280
T000320,P-F001,1,65,65
T000320,P-F014,1,95,95
T000321,P-H017,1,640,640
T000321,P-F019,3,140,420
T000321,P-H001,1,680,680
T000321,P-L001,1,260,260
T000321,P-P019,3,120,360
T000322,P-P016,1,280,280
T000322,P-F001,2,65,130
T000322,P-F019,1,140,140
T000323,P-F004,1,55,55
T000323,P-P006,1,250,250
T000323,P-L013,1,380,380
T000323,P-F003,2,35,70
T000324,P-L019,1,110,110
T000324,P-F001,1,65,65
T000325,P-G003,1,380,380
T000325,P-L009,1,280,280
T000325,P-L020,1,190,190
T000325,P-P019,2,120,240
T000326,P-F006,1,320,320
T000326,P-F010,1,75,75
T000326,P-G010,1,1080,1080
T000326,P-P021,1,240,240
T000326,P-L007,1,320,320
T000327,P-F016,1,110,110
T000328,P-L007,1,320,320
T000328,P-F014,2,95,190
T000328,P-H016,1,390,390
T000328,P-F013,1,160,160
T000329,P-P019,1,120,120
T000329,P-L005,1,180,180
T000329,P-F016,1,110,110
T000329,P-L022,2,160,320
T000329,P-P027,1,220,220
T000329,P-L019,1,110,110
T000330,P-F018,1,180,180
T000330,P-F016,1,110,110
T000331,P-H012,1,480,480
T000331,P-L001,1,260,260
T000331,P-F018,1,180,180
T000331,P-L019,1,110,110
T000332,P-L021,1,90,90
T000332,P-F001,1,65,65
T000333,P-F016,1,110,110
T000334,P-F014,1,95,95
T000335,P-F012,3,130,390
T000335,P-F016,1,110,110
T000336,P-F017,1,220,220
T000336,P-F001,3,65,195
T000337,P-L022,1,160,160
T000337,P-L021,1,90,90
T000337,P-L019,1,110,110
T000338,P-L003,3,150,450
T000338,P-L002,1,220,220
T000338,P-P015,1,220,220
T000338,P-P012,1,180,180
T000339,P-F003,2,35,70
T000339,P-F016,1,110,110
T000340,P-F016,1,110,110
T000341,P-F016,1,110,110
T000341,P-F001,1,65,65
T000342,P-B004,1,599,599
T000342,P-B007,1,260,260
T000342,P-B009,1,240,240
T000342,P-B008,1,380,380
T000343,P-L023,1,540,540
T000343,P-P005,1,340,340
T000343,P-P001,1,260,260
T000343,P-P011,1,320,320
T000343,P-F020,1,190,190
T000343,P-L008,1,450,450
T000344,P-P019,2,120,240
T000344,P-L019,1,110,110
T000344,P-F010,1,75,75
T000344,P-L005,2,180,360
T000344,P-L021,1,90,90
T000345,P-F019,-1,140,-140
T000346,P-F014,1,95,95
T000347,P-L007,1,320,320
T000347,P-F012,1,130,130
T000347,P-L021,1,90,90
T000348,P-F014,2,95,190
T000348,P-P013,1,150,150
T000348,P-F001,1,65,65
T000349,P-F020,1,190,190
T000349,P-L021,1,90,90
T000349,P-L019,1,110,110
T000350,P-P016,1,280,280
T000350,P-G006,1,560,560
T000350,P-L015,1,590,590
T000350,P-P021,1,240,240
T000350,P-L018,1,130,130
T000350,P-F001,1,65,65
T000351,P-F007,1,90,90
T000351,P-H002,1,420,420
T000351,P-H023,1,620,620
T000351,P-H015,1,450,450
T000351,P-G003,1,380,380
T000352,P-F001,1,65,65
T000352,P-L019,1,110,110
T000353,P-F014,1,95,95
T000353,P-F001,1,65,65
T000354,P-G002,1,480,480
T000355,P-F008,1,240,240
T000355,P-F011,1,380,380
T000355,P-L020,1,190,190
T000355,P-P022,1,380,380
T000355,P-L011,1,520,520
T000356,P-P029,2,320,640
T000356,P-L024,1,420,420
T000356,P-L005,3,180,540
T000357,P-F011,1,380,380
T000357,P-F011,1,380,380
T000357,P-P017,1,260,260
T000357,P-F001,3,65,195
T000357,P-F004,1,55,55
T000357,P-L018,1,130,130
T000357,P-L014,1,180,180
T000357,P-F019,1,140,140
T000358,P-F014,2,95,190
T000358,P-F003,2,35,70
T000358,P-F001,1,65,65
T000359,P-H005,1,380,380
T000359,P-H003,1,890,890
T000359,P-F008,1,240,240
T000359,P-P022,1,380,380
T000359,P-L002,1,220,220
T000359,P-F020,1,190,190
T000360,P-F020,1,190,190
T000360,P-L007,1,320,320
T000360,P-G003,1,380,380
T000360,P-F017,1,220,220
T000360,P-L012,1,460,460
T000360,P-P023,1,260,260
T000361,P-H003,1,890,890
T000361,P-G002,1,480,480
T000361,P-G003,1,380,380
T000361,P-L011,1,520,520
T000362,P-L019,1,110,110
T000363,P-H012,1,480,480
T000363,P-F013,3,160,480
T000363,P-F003,3,35,105
T000364,P-P006,1,250,250
T000364,P-F003,1,35,35
T000364,P-L021,2,90,180
T000365,P-P013,1,150,150
T000365,P-L021,1,90,90
T000365,P-F003,2,35,70
T000365,P-F016,1,110,110
T000366,P-G002,1,480,480
T000366,P-G003,1,380,380
T000367,P-G002,1,480,480
T000368,P-F003,2,35,70
T000369,P-L020,1,190,190
T000369,P-F015,1,260,260
T000369,P-P019,2,120,240
T000370,P-F005,1,150,150
T000370,P-P025,1,480,480
T000370,P-P013,1,150,150
T000370,P-L003,1,150,150
T000370,P-F011,1,380,380
T000370,P-L007,1,320,320
T000370,P-P028,1,200,200
T000370,P-L005,3,180,540
T000371,P-H003,1,890,890
T000371,P-H004,1,560,560
T000371,P-F016,3,110,330
T000371,P-F003,2,35,70
T000371,P-L021,1,90,90
T000372,P-F018,2,180,360
T000372,P-P011,1,320,320
T000372,P-F003,3,35,105
T000373,P-P019,2,120,240
T000373,P-P015,1,220,220
T000373,P-P027,1,220,220
T000373,P-L019,1,110,110
T000374,P-F014,1,95,95
T000374,P-F003,4,35,140
T000374,P-F016,1,110,110
T000375,P-P014,1,320,320
T000375,P-P012,1,180,180
T000375,P-F003,2,35,70
T000375,P-P024,1,540,540
T000375,P-F017,1,220,220
T000375,P-F003,2,35,70
T000376,P-L021,1,90,90
T000376,P-F003,1,35,35
T000377,P-F003,2,35,70
T000377,P-F003,3,35,105
T000378,P-F003,3,35,105
T000379,P-F009,1,120,120
T000379,P-H002,1,420,420
T000379,P-L014,1,180,180
T000379,P-L019,1,110,110
T000379,P-P011,1,320,320
T000380,P-B010,2,220,440
T000380,P-B009,1,240,240
T000380,P-B008,1,380,380
T000381,P-H003,1,890,890
T000381,P-F006,1,320,320
T000381,P-F011,1,380,380
T000381,P-P027,1,220,220
T000381,P-L004,1,160,160
T000381,P-P011,1,320,320
T000382,P-H012,1,480,480
T000382,P-F003,3,35,105
T000382,P-L020,1,190,190
T000382,P-L019,1,110,110
T000383,P-F013,2,160,320
T000383,P-P014,1,320,320
T000383,P-L001,1,260,260
T000383,P-F016,3,110,330
T000384,P-P007,1,290,290
T000384,P-P019,1,120,120
T000384,P-L003,3,150,450
T000384,P-P027,1,220,220
T000384,P-F003,3,35,105
T000385,P-F014,1,95,95
T000385,P-L021,1,90,90
T000386,P-H012,1,480,480
T000386,P-L003,1,150,150
T000386,P-F001,2,65,130
T000386,P-F003,3,35,105
T000386,P-H007,1,520,520
T000387,P-P010,1,620,620
T000387,P-P015,1,220,220
T000387,P-F012,1,130,130
T000387,P-P026,1,280,280
T000388,P-F016,4,110,440
T000388,P-F003,1,35,35
T000389,P-P015,1,220,220
T000389,P-F016,1,110,110
T000389,P-F014,1,95,95
T000390,P-H005,1,380,380
T000390,P-H003,1,890,890
T000390,P-H002,1,420,420
T000390,P-P027,1,220,220
T000390,P-P012,1,180,180
T000390,P-L019,1,110,110
T000391,P-L021,3,90,270
T000391,P-F020,1,190,190
T000391,P-P023,1,260,260
T000392,P-G003,1,380,380
T000392,P-F013,1,160,160
T000392,P-L003,3,150,450
T000392,P-P016,1,280,280
T000392,P-L012,1,460,460
T000392,P-P018,1,580,580
T000393,P-F014,1,95,95
T000394,P-F003,2,35,70
T000394,P-L019,1,110,110
T000395,P-F016,1,110,110
T000396,P-H006,1,1080,1080
T000396,P-F004,1,55,55
T000396,P-H001,1,680,680
T000396,P-H024,1,750,750
T000396,P-P019,1,120,120
T000396,P-L020,1,190,190
T000397,P-F005,1,150,150
T000397,P-F017,1,220,220
T000397,P-L013,1,380,380
T000397,P-P008,1,460,460
T000398,P-H003,1,890,890
T000398,P-F010,1,75,75
T000398,P-P028,1,200,200
T000398,P-P021,1,240,240
T000398,P-F016,1,110,110
T000399,P-F003,2,35,70
T000399,P-L021,2,90,180
T000400,P-P004,1,420,420
T000400,P-P001,1,260,260
T000400,P-L018,1,130,130
T000400,P-H006,1,1080,1080
T000400,P-P019,2,120,240
T000400,P-F003,2,35,70
T000400,P-L021,1,90,90
T000401,P-H012,1,480,480
T000401,P-F012,2,130,260
T000401,P-F019,1,140,140
T000401,P-L019,1,110,110
T000401,P-H007,1,520,520
T000402,P-F018,1,180,180
T000402,P-L019,1,110,110
T000402,P-F003,1,35,35
T000403,P-L021,1,90,90
T000403,P-F016,3,110,330
T000404,P-F016,3,110,330
T000404,P-F014,1,95,95
T000405,P-F001,3,65,195
T000406,P-L019,1,110,110
T000407,P-P007,1,290,290
T000407,P-F014,3,95,285
T000407,P-G009,1,460,460
T000407,P-L018,3,130,390
T000407,P-L021,2,90,180
T000407,P-F016,3,110,330
T000407,P-F019,1,140,140
T000407,P-L019,3,110,330
T000408,P-H016,1,390,390
T000409,P-L017,1,620,620
T000409,P-L014,2,180,360
T000409,P-F016,1,110,110
T000410,P-L014,1,180,180
T000410,P-F012,1,130,130
T000410,P-F014,1,95,95
T000411,P-F006,1,320,320
T000411,P-L021,3,90,270
T000411,P-F013,1,160,160
T000411,P-P019,1,120,120
T000411,P-H005,1,380,380
T000411,P-G009,1,460,460
T000411,P-L019,1,110,110
T000411,P-P014,1,320,320
T000412,P-F004,1,55,55
T000412,P-F009,1,120,120
T000412,P-F003,1,35,35
T000412,P-P006,1,250,250
T000412,P-F001,2,65,130
T000413,P-L015,1,590,590
T000413,P-P015,1,220,220
T000413,P-P022,1,380,380
T000413,P-F012,3,130,390
T000414,P-F003,1,35,35
T000415,P-F016,1,110,110
T000416,P-F002,2,180,360
T000416,P-F017,1,220,220
T000416,P-F013,3,160,480
T000416,P-H024,1,750,750
T000416,P-H016,1,390,390
T000416,P-P006,1,250,250
T000417,P-L019,1,110,110
T000418,P-L019,1,110,110
T000419,P-L003,1,150,150
T000419,P-F003,2,35,70
T000419,P-F014,1,95,95
T000420,P-F014,1,95,95
T000421,P-F003,3,35,105
T000421,P-L021,1,90,90
T000422,P-F016,1,110,110
T000422,P-L003,1,150,150
T000422,P-L021,1,90,90
T000422,P-F014,1,95,95
T000423,P-P006,1,250,250
T000423,P-F003,2,35,70
T000423,P-F016,1,110,110
T000424,P-F001,1,65,65
T000424,P-F016,1,110,110
T000425,P-F014,1,95,95
T000426,P-H001,1,680,680
T000426,P-F004,1,55,55
T000426,P-L008,1,450,450
T000426,P-P022,1,380,380
T000426,P-P019,3,120,360
T000427,P-L019,1,110,110
T000428,P-F003,1,35,35
T000428,P-F016,1,110,110
T000429,P-F003,3,35,105
T000430,P-F003,1,35,35
T000430,P-F016,1,110,110
T000431,P-F003,3,35,105
T000432,P-B010,1,220,220
T000432,P-B007,1,260,260
T000432,P-B009,1,240,240
T000433,P-F004,1,55,55
T000433,P-F010,1,75,75
T000433,P-H001,1,680,680
T000433,P-L017,1,620,620
T000433,P-G005,1,420,420
T000433,P-F001,1,65,65
T000434,P-F006,1,320,320
T000434,P-L009,2,280,560
T000434,P-G008,1,780,780
T000434,P-F014,3,95,285
T000434,P-H005,1,380,380
T000434,P-F014,3,95,285
T000434,P-L024,1,420,420
T000434,P-L019,1,110,110
T000435,P-P012,1,180,180
T000435,P-F003,1,35,35
T000435,P-P029,1,320,320
T000435,P-P011,1,320,320
T000435,P-P019,1,120,120
T000435,P-P001,1,260,260
T000436,P-F016,1,110,110
T000436,P-F001,1,65,65
T000437,P-L021,2,90,180
T000437,P-F016,1,110,110
T000438,P-F019,1,140,140
T000438,P-F001,1,65,65
T000438,P-F003,1,35,35
T000439,P-P012,1,180,180
T000440,P-L005,3,180,540
T000440,P-F014,1,95,95
T000440,P-F016,1,110,110
T000440,P-F014,1,95,95
T000441,P-F014,1,95,95
T000442,P-F013,1,160,160
T000442,P-F014,1,95,95
T000442,P-F001,1,65,65
T000443,P-F016,1,110,110
T000443,P-F014,2,95,190
T000443,P-P028,1,200,200
T000443,P-L022,1,160,160
T000444,P-L018,3,130,390
T000444,P-F016,1,110,110
T000445,P-F003,1,35,35
T000445,P-L021,1,90,90
T000446,P-B004,1,599,599
T000446,P-B010,2,220,440
T000446,P-B005,2,320,640
T000447,P-G003,1,380,380
T000447,P-P019,2,120,240
T000447,P-P023,1,260,260
T000447,P-F014,1,95,95
T000447,P-P013,1,150,150
T000448,P-L010,1,240,240
T000448,P-P022,1,380,380
T000448,P-L003,1,150,150
T000449,P-H001,1,680,680
T000449,P-F009,1,120,120
T000449,P-F010,1,75,75
T000449,P-F016,3,110,330
T000449,P-P026,1,280,280
T000449,P-L009,1,280,280
T000450,P-G009,1,460,460
T000450,P-L007,1,320,320
T000450,P-G007,1,620,620
T000450,P-P013,2,150,300
T000450,P-F019,2,140,280
T000450,P-F001,1,65,65
T000451,P-F006,1,320,320
T000451,P-H006,1,1080,1080
T000451,P-F011,1,380,380
T000451,P-L013,1,380,380
T000451,P-L020,1,190,190
T000451,P-P026,1,280,280
T000452,P-L008,1,450,450
T000452,P-P016,1,280,280
T000452,P-P019,3,120,360
T000452,P-F001,2,65,130
T000453,P-F011,1,380,380
T000453,P-F005,1,150,150
T000453,P-F007,1,90,90
T000453,P-P016,1,280,280
T000453,P-P015,1,220,220
T000453,P-G007,1,620,620
T000454,P-F007,1,90,90
T000454,P-P011,1,320,320
T000454,P-H024,1,750,750
T000454,P-L013,1,380,380
T000454,P-H003,1,890,890
T000454,P-H025,1,480,480
T000454,P-L010,1,240,240
T000454,P-P005,1,340,340
T000455,P-F008,1,240,240
T000455,P-H004,1,560,560
T000455,P-G007,1,620,620
T000455,P-F002,1,180,180
T000455,P-L009,1,280,280
T000456,P-P012,1,180,180
T000456,P-F016,1,110,110
T000456,P-L019,1,110,110
T000457,P-F002,1,180,180
T000457,P-F001,2,65,130
T000457,P-F016,1,110,110
T000458,P-P012,3,180,540
T000458,P-L019,1,110,110
T000459,P-F005,1,150,150
T000459,P-F008,1,240,240
T000459,P-F012,3,130,390
T000459,P-L018,2,130,260
T000459,P-F011,1,380,380
T000459,P-H015,1,450,450
T000459,P-P008,1,460,460
T000459,P-L019,1,110,110
T000460,P-F010,1,75,75
T000460,P-F010,1,75,75
T000460,P-F020,1,190,190
T000460,P-L017,1,620,620
T000460,P-F019,2,140,280
T000461,P-F014,2,95,190
T000462,P-L021,1,90,90
T000462,P-F014,1,95,95
T000463,P-H010,1,520,520
T000463,P-L002,1,220,220
T000463,P-P006,1,250,250
T000463,P-P012,1,180,180
T000463,P-L019,1,110,110
T000464,P-H005,1,380,380
T000464,P-L007,1,320,320
T000464,P-F018,1,180,180
T000464,P-L009,1,280,280
T000464,P-F010,1,75,75
T000464,P-P028,1,200,200
T000464,P-P017,1,260,260
T000464,P-G009,1,460,460
T000465,P-F005,1,150,150
T000465,P-H005,1,380,380
T000465,P-F006,1,320,320
T000465,P-G008,1,780,780
T000465,P-P026,1,280,280
T000465,P-L022,2,160,320
T000466,P-H012,1,480,480
T000466,P-F003,1,35,35
T000466,P-F012,1,130,130
T000466,P-L019,1,110,110
T000467,P-F001,3,65,195
T000467,P-F003,1,35,35
T000467,P-F016,1,110,110
T000468,P-H016,1,390,390
T000469,P-F010,1,75,75
T000469,P-F005,1,150,150
T000469,P-F005,1,150,150
T000469,P-L014,1,180,180
T000469,P-G008,1,780,780
T000469,P-P017,1,260,260
T000470,P-F010,1,75,75
T000470,P-F008,1,240,240
T000470,P-L004,3,160,480
T000470,P-H010,1,520,520
T000470,P-P019,3,120,360
T000471,P-F014,1,95,95
T000471,P-F003,2,35,70
T000471,P-L019,1,110,110
T000471,P-L021,1,90,90
T000472,P-P028,1,200,200
T000472,P-F013,1,160,160
T000472,P-F003,1,35,35
T000472,P-F014,1,95,95
T000473,P-P018,1,580,580
T000473,P-L021,1,90,90
T000473,P-F001,1,65,65
T000473,P-F020,1,190,190
T000474,P-G002,2,480,960
T000475,P-H003,1,890,890
T000475,P-F010,1,75,75
T000475,P-F003,2,35,70
T000475,P-P008,1,460,460
T000475,P-L022,2,160,320
T000476,P-L019,1,110,110
T000477,P-P026,1,280,280
T000477,P-H025,1,480,480
T000477,P-P005,1,340,340
T000477,P-F002,1,180,180
T000477,P-L019,1,110,110
T000478,P-F003,1,35,35
T000478,P-L019,1,110,110
T000479,P-L021,1,90,90
T000480,P-F003,3,35,105
T000481,P-H012,1,480,480
T000482,P-F001,1,65,65
T000482,P-F016,1,110,110
T000483,P-L009,1,280,280
T000483,P-F019,3,140,420
T000483,P-P007,1,290,290
T000484,P-L022,2,160,320
T000484,P-F017,1,220,220
T000484,P-F001,1,65,65
T000485,P-P005,1,340,340
T000485,P-F013,1,160,160
T000485,P-L019,1,110,110
T000485,P-F014,1,95,95
T000486,P-F016,1,110,110
T000486,P-F001,1,65,65
T000487,P-F014,1,95,95
T000488,P-F003,2,35,70
T000488,P-F001,1,65,65
T000488,P-F003,1,35,35
T000489,P-L021,1,90,90
T000489,P-F003,1,35,35
T000490,P-F003,2,35,70
T000491,P-P012,1,180,180
T000491,P-L019,1,110,110
T000491,P-F016,1,110,110
T000492,P-F010,1,75,75
T000492,P-F005,1,150,150
T000492,P-L011,1,520,520
T000492,P-F019,3,140,420
T000492,P-L019,1,110,110
T000493,P-F016,1,110,110
T000494,P-P003,1,780,780
T000494,P-L019,3,110,330
T000494,P-L007,1,320,320
T000494,P-F017,1,220,220
T000494,P-H020,1,720,720
T000494,P-P013,1,150,150
T000495,P-P020,1,350,350
T000495,P-H015,1,450,450
T000495,P-F014,1,95,95
T000495,P-L019,1,110,110
T000496,P-P020,1,350,350
T000496,P-L007,1,320,320
T000496,P-P006,1,250,250
T000496,P-L011,1,520,520
T000496,P-F003,2,35,70
T000496,P-F012,1,130,130
T000497,P-L021,1,90,90
T000497,P-F014,1,95,95
T000498,P-F014,1,95,95
T000499,P-F018,1,180,180
T000499,P-F003,3,35,105
T000499,P-F001,1,65,65
T000499,P-F014,1,95,95
T000500,P-H012,1,480,480
T000500,P-H007,1,520,520
T000501,P-F010,1,75,75
T000501,P-L013,1,380,380
T000501,P-L003,2,150,300
T000501,P-P005,1,340,340
T000501,P-F004,1,55,55
T000501,P-P015,1,220,220
T000501,P-H020,1,720,720
T000501,P-L024,1,420,420
T000502,P-G009,1,460,460
T000502,P-L015,1,590,590
T000502,P-L014,3,180,540
T000502,P-F014,1,95,95
T000502,P-P006,1,250,250
T000502,P-P026,1,280,280
T000503,P-F011,1,380,380
T000503,P-F009,1,120,120
T000503,P-H003,1,890,890
T000503,P-G001,1,880,880
T000503,P-P019,3,120,360
T000503,P-F001,1,65,65
T000504,P-F003,3,35,105
T000505,P-F003,2,35,70
T000505,P-F014,1,95,95
T000506,P-F003,1,35,35
T000506,P-F016,1,110,110
T000507,P-F017,1,220,220
T000507,P-F003,1,35,35
T000507,P-L019,1,110,110
T000507,P-P019,3,120,360
T000507,P-F018,1,180,180
T000507,P-F016,1,110,110
T000508,P-F016,1,110,110
T000509,P-L018,2,130,260
T000509,P-P007,1,290,290
T000509,P-P015,1,220,220
T000509,P-F018,1,180,180
T000510,P-L021,1,90,90
T000510,P-F014,1,95,95
T000511,P-F001,1,65,65
T000511,P-F014,1,95,95
T000512,P-F012,2,130,260
T000512,P-L021,1,90,90
T000512,P-F001,1,65,65
T000513,P-P001,1,260,260
T000513,P-L021,1,90,90
T000513,P-F014,1,95,95
T000514,P-L021,1,90,90
T000514,P-F003,1,35,35
T000515,P-F003,2,35,70
T000516,P-F003,2,35,70
T000517,P-F003,2,35,70
T000517,P-F014,1,95,95
T000518,P-F010,1,75,75
T000518,P-F005,1,150,150
T000518,P-P008,1,460,460
T000518,P-L006,1,680,680
T000518,P-H023,1,620,620
T000519,P-H012,1,480,480
T000519,P-L002,1,220,220
T000519,P-F018,1,180,180
T000519,P-F003,2,35,70
T000519,P-H007,1,520,520
T000520,P-P013,2,150,300
T000521,P-L022,1,160,160
T000521,P-L019,1,110,110
T000522,P-F003,2,35,70
T000522,P-L019,1,110,110
T000523,P-F001,1,65,65
T000523,P-L019,1,110,110
T000524,P-L001,1,260,260
T000524,P-F003,2,35,70
T000524,P-F016,1,110,110
T000525,P-F013,3,160,480
T000525,P-L019,1,110,110
T000526,P-F003,1,35,35
T000527,P-F002,2,180,360
T000527,P-P025,1,480,480
T000527,P-L022,2,160,320
T000528,P-L018,1,130,130
T000528,P-L019,1,110,110
T000529,P-H016,1,390,390
T000530,P-F004,1,55,55
T000530,P-F007,1,90,90
T000530,P-F020,1,190,190
T000530,P-F014,2,95,190
T000530,P-F001,1,65,65
T000531,P-H003,1,890,890
T000531,P-F004,1,55,55
T000531,P-P008,1,460,460
T000531,P-P006,1,250,250
T000531,P-L007,1,320,320
T000532,P-F003,3,35,105
T000533,P-F004,-1,55,-55
T000534,P-F004,1,55,55
T000534,P-P028,1,200,200
T000534,P-P019,1,120,120
T000534,P-F014,1,95,95
T000534,P-H005,1,380,380
T000534,P-F003,3,35,105
T000534,P-L013,1,380,380
T000534,P-G005,1,420,420
T000535,P-H002,1,420,420
T000535,P-H025,1,480,480
T000535,P-F013,1,160,160
T000535,P-F001,1,65,65
T000536,P-F005,1,150,150
T000536,P-H001,1,680,680
T000536,P-F010,1,75,75
T000536,P-F001,1,65,65
T000536,P-F012,3,130,390
T000536,P-F019,2,140,280
T000537,P-P006,1,250,250
T000537,P-P023,1,260,260
T000537,P-P005,1,340,340
T000537,P-P010,1,620,620
T000537,P-P024,1,540,540
T000537,P-P012,2,180,360
T000538,P-F001,1,65,65
T000538,P-L021,1,90,90
T000539,P-F016,1,110,110
T000540,P-F016,1,110,110
T000541,P-F006,1,320,320
T000541,P-H001,1,680,680
T000541,P-F007,1,90,90
T000541,P-L006,1,680,680
T000541,P-L020,1,190,190
T000541,P-F012,3,130,390
T000542,P-F003,4,35,140
T000542,P-F001,3,65,195
T000543,P-L018,1,130,130
T000543,P-L021,1,90,90
T000544,P-F007,1,90,90
T000544,P-L001,1,260,260
T000544,P-L004,1,160,160
T000544,P-P002,1,380,380
T000544,P-F009,1,120,120
T000544,P-F017,1,220,220
T000544,P-P027,1,220,220
T000544,P-P020,1,350,350
T000545,P-F012,1,130,130
T000545,P-F014,1,95,95
T000546,P-L008,1,450,450
T000546,P-L020,1,190,190
T000546,P-P023,1,260,260
T000546,P-P026,1,280,280
T000547,P-P006,1,250,250
T000547,P-P007,1,290,290
T000547,P-F017,1,220,220
T000548,P-L021,1,90,90
T000549,P-L010,1,240,240
T000549,P-L021,1,90,90
T000549,P-F003,1,35,35
T000549,P-F016,1,110,110
T000550,P-P017,1,260,260
T000550,P-P007,1,290,290
T000550,P-L020,1,190,190
T000550,P-L021,1,90,90
T000550,P-F016,1,110,110
T000551,P-L005,1,180,180
T000551,P-F014,1,95,95
T000551,P-L021,1,90,90
T000552,P-H001,1,680,680
T000552,P-F011,1,380,380
T000552,P-F011,1,380,380
T000552,P-L008,1,450,450
T000552,P-P029,1,320,320
T000552,P-P012,3,180,540
T000553,P-F003,2,35,70
T000554,P-F003,2,35,70
T000554,P-F016,1,110,110
T000555,P-F014,2,95,190
T000556,P-L021,1,90,90
T000556,P-F001,1,65,65
T000557,P-H025,1,480,480
T000557,P-P001,1,260,260
T000557,P-P002,1,380,380
T000557,P-F002,3,180,540
T000557,P-L009,1,280,280
T000557,P-L019,2,110,220
T000558,P-F016,1,110,110
T000558,P-L019,1,110,110
T000559,P-F001,2,65,130
T000560,P-F003,2,35,70
T000560,P-L019,1,110,110
T000561,P-F009,1,120,120
T000561,P-H004,1,560,560
T000561,P-H001,1,680,680
T000561,P-L003,2,150,300
T000561,P-P013,2,150,300
T000561,P-P010,1,620,620
T000562,P-P027,1,220,220
T000562,P-P001,1,260,260
T000562,P-P019,1,120,120
T000563,P-L019,1,110,110
T000563,P-L021,1,90,90
T000564,P-F013,1,160,160
T000564,P-F001,1,65,65
T000564,P-F016,1,110,110
T000565,P-F003,1,35,35
T000565,P-P028,1,200,200
T000565,P-L019,2,110,220
T000566,P-F020,1,190,190
T000566,P-F003,3,35,105
T000566,P-F001,1,65,65
T000566,P-L019,1,110,110
T000567,P-L021,1,90,90
T000567,P-F001,1,65,65
T000568,P-L019,1,110,110
T000569,P-F003,1,35,35
T000570,P-F003,3,35,105
T000571,P-F003,3,35,105
T000572,P-F016,1,110,110
T000573,P-F003,1,35,35
T000573,P-F014,1,95,95
T000574,P-F016,1,110,110
T000575,P-L012,1,460,460
T000575,P-P027,1,220,220
T000575,P-L010,1,240,240
T000575,P-F012,1,130,130
T000575,P-F016,1,110,110
T000576,P-F014,1,95,95
T000577,P-H012,1,480,480
T000577,P-F002,1,180,180
T000577,P-F017,1,220,220
T000577,P-L019,1,110,110
T000577,P-H007,1,520,520
T000578,P-H010,1,520,520
T000578,P-P017,1,260,260
T000578,P-F014,1,95,95
T000579,P-L022,4,160,640
T000579,P-H015,1,450,450
T000579,P-F014,1,95,95
T000579,P-L021,1,90,90
T000580,P-F016,1,110,110
T000581,P-P002,1,380,380
T000581,P-P001,1,260,260
T000581,P-F014,3,95,285
T000582,P-F014,2,95,190
T000582,P-L019,2,110,220
T000582,P-L002,1,220,220
T000582,P-P019,1,120,120
T000583,P-L005,1,180,180
T000583,P-F012,1,130,130
T000583,P-L021,1,90,90
T000584,P-P013,1,150,150
T000584,P-F003,2,35,70
T000584,P-L019,1,110,110
T000585,P-L002,1,220,220
T000585,P-F016,1,110,110
T000585,P-L021,1,90,90
T000586,P-F008,1,240,240
T000586,P-P018,1,580,580
T000586,P-F019,2,140,280
T000586,P-P019,1,120,120
T000586,P-H005,1,380,380
T000586,P-H025,1,480,480
T000586,P-P020,1,350,350
T000586,P-G009,1,460,460
T000587,P-F011,1,380,380
T000587,P-F005,1,150,150
T000587,P-H015,1,450,450
T000587,P-P012,3,180,540
T000587,P-F014,3,95,285
T000588,P-F003,1,35,35
T000588,P-F001,2,65,130
T000589,P-L019,1,110,110
T000590,P-F003,2,35,70
T000591,P-L019,1,110,110
T000592,P-F014,1,95,95
T000592,P-F001,1,65,65
T000593,P-L019,1,110,110
T000594,P-B004,1,599,599
T000594,P-B007,1,260,260
T000594,P-B006,1,280,280
T000594,P-B009,1,240,240
T000595,P-P004,1,420,420
T000595,P-P008,1,460,460
T000595,P-P018,1,580,580
T000595,P-L018,2,130,260
T000595,P-H016,1,390,390
T000595,P-F012,1,130,130
T000596,P-P014,1,320,320
T000596,P-G006,1,560,560
T000596,P-P023,1,260,260
T000596,P-G006,1,560,560
T000596,P-L022,2,160,320
T000596,P-H021,1,580,580
T000597,P-F001,2,65,130
T000598,P-L021,1,90,90
T000598,P-F003,1,35,35
T000599,P-F001,2,65,130
T000599,P-F003,1,35,35
T000599,P-F016,1,110,110
T000600,P-H004,1,560,560
T000600,P-H003,1,890,890
T000600,P-F020,4,190,760
T000600,P-F018,3,180,540
T000600,P-P001,1,260,260
T000601,P-L021,1,90,90
T000602,P-F014,1,95,95
T000602,P-L021,1,90,90
T000603,P-H012,1,480,480
T000603,P-L007,1,320,320
T000603,P-F014,1,95,95
T000603,P-L019,1,110,110
T000604,P-F014,3,95,285
T000604,P-F003,1,35,35
T000605,P-F020,1,190,190
T000605,P-F013,1,160,160
T000605,P-F001,1,65,65
T000605,P-L021,1,90,90
T000606,P-F014,2,95,190
T000606,P-F016,1,110,110
T000606,P-L021,1,90,90
T000607,P-F016,-1,110,-110
T000608,P-F003,1,35,35
T000608,P-F014,1,95,95
T000609,P-F007,1,90,90
T000609,P-F011,1,380,380
T000609,P-F007,1,90,90
T000609,P-P003,1,780,780
T000609,P-L009,1,280,280
T000609,P-L022,2,160,320
T000610,P-G008,1,780,780
T000610,P-L013,1,380,380
T000610,P-F001,1,65,65
T000610,P-P021,1,240,240
T000610,P-P001,1,260,260
T000610,P-F015,1,260,260
T000611,P-F003,2,35,70
T000612,P-F001,1,65,65
T000612,P-F003,1,35,35
T000612,P-F014,1,95,95
T000613,P-F001,1,65,65
T000613,P-L019,1,110,110
T000614,P-F016,1,110,110
T000615,P-H017,1,640,640
T000615,P-F013,3,160,480
T000615,P-L014,1,180,180
T000616,P-P023,1,260,260
T000616,P-L001,1,260,260
T000616,P-L019,3,110,330
T000616,P-F016,2,110,220
T000616,P-F012,2,130,260
T000616,P-F019,3,140,420
T000617,P-F001,1,65,65
T000617,P-F016,1,110,110
T000618,P-H012,1,480,480
T000618,P-F016,1,110,110
T000618,P-F015,1,260,260
T000618,P-L021,1,90,90
T000619,P-L018,3,130,390
T000619,P-F014,1,95,95
T000620,P-L003,1,150,150
T000620,P-F016,2,110,220
T000621,P-L019,1,110,110
T000621,P-F014,3,95,285
T000622,P-P011,1,320,320
T000622,P-L021,4,90,360
T000622,P-F012,2,130,260
T000623,P-H012,1,480,480
T000623,P-L010,1,240,240
T000623,P-F003,2,35,70
T000623,P-L021,1,90,90
T000624,P-F003,2,35,70
T000624,P-L021,1,90,90
T000625,P-F003,2,35,70
T000625,P-F014,1,95,95
T000626,P-F003,1,35,35
T000626,P-F014,1,95,95
T000627,P-F001,1,65,65
T000627,P-F016,1,110,110
T000628,P-F003,3,35,105
T000629,P-F014,1,95,95
T000629,P-F001,1,65,65
T000630,P-P006,1,250,250
T000630,P-L004,1,160,160
T000630,P-L024,1,420,420
T000630,P-F003,3,35,105
T000630,P-P019,1,120,120
T000630,P-F001,1,65,65
T000631,P-F010,1,75,75
T000631,P-H006,1,1080,1080
T000631,P-P018,1,580,580
T000631,P-P019,2,120,240
T000631,P-L014,3,180,540
T000632,P-F014,1,95,95
T000633,P-H012,1,480,480
T000633,P-F013,3,160,480
T000633,P-H007,1,520,520
T000634,P-H012,1,480,480
T000634,P-L022,1,160,160
T000634,P-F012,2,130,260
T000634,P-L021,1,90,90
T000635,P-P010,1,620,620
T000635,P-L019,1,110,110
T000635,P-F020,1,190,190
T000635,P-P011,1,320,320
T000635,P-F012,1,130,130
T000636,P-F009,1,120,120
T000636,P-F009,1,120,120
T000636,P-H005,1,380,380
T000636,P-P011,1,320,320
T000636,P-P014,1,320,320
T000636,P-F020,1,190,190
T000637,P-H016,1,390,390
T000637,P-L002,1,220,220
T000637,P-L014,2,180,360
T000637,P-L013,1,380,380
T000637,P-L012,1,460,460
T000637,P-P021,1,240,240
T000638,P-L022,2,160,320
T000638,P-F015,1,260,260
T000638,P-F014,2,95,190
T000638,P-L014,1,180,180
T000638,P-L008,1,450,450
T000638,P-P019,3,120,360
T000639,P-F003,1,35,35
T000639,P-L021,1,90,90
T000639,P-F001,1,65,65
T000640,P-F017,1,220,220
T000640,P-F001,1,65,65
T000640,P-F014,1,95,95
T000641,P-F010,1,75,75
T000641,P-F011,1,380,380
T000641,P-F006,1,320,320
T000641,P-P001,1,260,260
T000641,P-F017,1,220,220
T000641,P-F003,3,35,105
T000642,P-F001,1,65,65
T000642,P-L019,3,110,330
T000642,P-L021,1,90,90
T000643,P-P006,1,250,250
T000643,P-L003,1,150,150
T000643,P-P015,1,220,220
T000644,P-P029,1,320,320
T000644,P-G008,1,780,780
T000644,P-L013,1,380,380
T000644,P-F013,1,160,160
T000644,P-L009,1,280,280
T000644,P-L020,1,190,190
T000645,P-F003,1,35,35
T000645,P-L021,1,90,90
T000646,P-F003,2,35,70
T000647,P-F003,2,35,70
T000648,P-P005,1,340,340
T000648,P-F012,3,130,390
T000648,P-P027,1,220,220
T000648,P-L018,1,130,130
T000648,P-L021,1,90,90
T000649,P-B004,1,599,599
T000649,P-B010,1,220,220
T000649,P-B008,1,380,380
T000649,P-B009,1,240,240
T000650,P-F004,1,55,55
T000650,P-F009,1,120,120
T000650,P-H003,1,890,890
T000650,P-P006,1,250,250
T000650,P-G005,1,420,420
T000650,P-F003,1,35,35
T000651,P-H020,1,720,720
T000651,P-F018,3,180,540
T000651,P-L021,3,90,270
T000651,P-L010,1,240,240
T000651,P-P029,1,320,320
T000651,P-H010,1,520,520
T000652,P-F011,1,380,380
T000652,P-H023,1,620,620
T000652,P-P015,1,220,220
T000652,P-P019,1,120,120
T000652,P-F011,1,380,380
T000652,P-F013,1,160,160
T000652,P-F014,1,95,95
T000652,P-L008,1,450,450
T000653,P-P016,1,280,280
T000653,P-F016,2,110,220
T000653,P-L019,3,110,330
T000653,P-F017,1,220,220
T000653,P-P021,1,240,240
T000653,P-F003,3,35,105
T000654,P-F012,1,130,130
T000654,P-F016,1,110,110
T000654,P-F003,2,35,70
T000655,P-L019,2,110,220
T000655,P-L021,1,90,90
T000656,P-L021,2,90,180
T000657,P-L005,1,180,180
T000657,P-F019,1,140,140
T000657,P-F016,1,110,110
T000658,P-P015,1,220,220
T000658,P-F003,1,35,35
T000658,P-F016,2,110,220
T000659,P-G002,2,480,960
T000659,P-G009,1,460,460
T000660,P-F016,1,110,110
T000661,P-H012,1,480,480
T000661,P-L001,1,260,260
T000661,P-L021,2,90,180
T000661,P-H007,1,520,520
T000662,P-L021,3,90,270
T000662,P-F014,1,95,95
T000662,P-F010,1,75,75
T000662,P-F013,3,160,480
T000662,P-L019,1,110,110
T000663,P-L021,1,90,90
T000663,P-F014,1,95,95
T000664,P-F001,1,65,65
T000664,P-F016,1,110,110
T000665,P-F003,2,35,70
T000665,P-L021,1,90,90
T000666,P-F014,2,95,190
T000666,P-H010,1,520,520
T000666,P-L004,1,160,160
T000666,P-P019,2,120,240
T000666,P-L018,1,130,130
T000667,P-F015,1,260,260
T000667,P-P019,2,120,240
T000667,P-L019,1,110,110
T000668,P-F014,2,95,190
T000668,P-P027,1,220,220
T000668,P-L019,1,110,110
T000668,P-P018,1,580,580
T000668,P-P003,1,780,780
T000668,P-P005,1,340,340
T000669,P-P003,1,780,780
T000669,P-P013,4,150,600
T000670,P-H018,1,990,990
T000670,P-F018,3,180,540
T000670,P-P013,1,150,150
T000670,P-P028,1,200,200
T000670,P-P013,1,150,150
T000670,P-L015,1,590,590
T000671,P-F008,1,240,240
T000671,P-F005,1,150,150
T000671,P-F015,1,260,260
T000671,P-F013,3,160,480
T000671,P-F001,1,65,65
T000672,P-L003,1,150,150
T000672,P-F003,4,35,140
T000673,P-F010,1,75,75
T000673,P-P028,1,200,200
T000673,P-H025,1,480,480
T000673,P-P021,1,240,240
T000673,P-F004,1,55,55
T000673,P-G005,1,420,420
T000673,P-H015,1,450,450
T000673,P-L015,1,590,590
T000674,P-P024,1,540,540
T000674,P-F017,1,220,220
T000674,P-F019,3,140,420
T000674,P-P006,1,250,250
T000674,P-G008,1,780,780
T000674,P-F015,1,260,260
T000675,P-F003,1,35,35
T000676,P-F014,2,95,190
T000676,P-L003,2,150,300
T000676,P-F018,2,180,360
T000676,P-L020,1,190,190
T000676,P-P019,2,120,240
T000676,P-L019,1,110,110
T000677,P-F011,1,380,380
T000677,P-F005,1,150,150
T000677,P-H016,1,390,390
T000677,P-P008,1,460,460
T000677,P-F002,1,180,180
T000678,P-B004,1,599,599
T000678,P-B008,2,380,760
T000678,P-B009,1,240,240
T000679,P-F014,1,95,95
T000679,P-F016,1,110,110
T000680,P-L021,1,90,90
T000680,P-L019,1,110,110
T000681,P-L024,1,420,420
T000681,P-L009,1,280,280
T000681,P-L003,2,150,300
T000681,P-F003,2,35,70
T000682,P-F005,1,150,150
T000682,P-F010,1,75,75
T000682,P-L019,1,110,110
T000682,P-L013,1,380,380
T000682,P-P011,1,320,320
T000683,P-P013,1,150,150
T000683,P-P002,1,380,380
T000683,P-L012,1,460,460
T000683,P-P017,1,260,260
T000683,P-P028,1,200,200
T000683,P-L019,1,110,110
T000684,P-P012,2,180,360
T000684,P-F016,1,110,110
T000685,P-L004,1,160,160
T000685,P-F014,1,95,95
T000685,P-F001,1,65,65
T000686,P-L024,1,420,420
T000686,P-L002,1,220,220
T000686,P-L020,1,190,190
T000686,P-L019,2,110,220
T000686,P-F020,1,190,190
T000686,P-F017,1,220,220
T000687,P-G002,2,480,960
T000688,P-F001,1,65,65
T000688,P-F014,1,95,95
T000689,P-L008,1,450,450
T000689,P-P024,1,540,540
T000689,P-L010,1,240,240
T000689,P-F014,1,95,95
T000689,P-P019,1,120,120
T000690,P-L019,2,110,220
T000690,P-L001,1,260,260
T000690,P-L018,1,130,130
T000691,P-G002,1,480,480
T000692,P-P023,2,260,520
T000692,P-F016,1,110,110
T000692,P-P017,1,260,260
T000692,P-F012,1,130,130
T000692,P-P007,1,290,290
T000692,P-H017,1,640,640
T000693,P-F001,1,65,65
T000693,P-F003,1,35,35
T000694,P-L014,2,180,360
T000694,P-F012,1,130,130
T000694,P-F003,2,35,70
T000694,P-L021,1,90,90
T000695,P-F009,1,120,120
T000695,P-H001,1,680,680
T000695,P-L021,1,90,90
T000695,P-P010,1,620,620
T000695,P-G009,1,460,460
T000696,P-L018,2,130,260
T000696,P-P021,1,240,240
T000696,P-F020,1,190,190
T000696,P-P008,1,460,460
T000696,P-G002,1,480,480
T000696,P-F015,1,260,260
T000697,P-F016,1,110,110
T000697,P-F003,1,35,35
T000698,P-H002,1,420,420
T000698,P-G009,1,460,460
T000698,P-H013,1,850,850
T000698,P-H015,1,450,450
T000698,P-F004,1,55,55
T000698,P-F012,1,130,130
T000698,P-F018,3,180,540
T000698,P-L021,1,90,90
T000699,P-F014,1,95,95
T000700,P-F016,1,110,110
T000701,P-P018,1,580,580
T000701,P-F017,1,220,220
T000701,P-F001,3,65,195
T000702,P-F014,1,95,95
T000702,P-L021,1,90,90
T000703,P-F003,1,35,35
T000704,P-F003,2,35,70
T000705,P-F014,1,95,95
T000706,P-P008,1,460,460
T000706,P-L019,3,110,330
T000706,P-L003,1,150,150
T000707,P-F014,2,95,190
T000707,P-F001,1,65,65
T000708,P-B004,1,599,599
T000708,P-B007,1,260,260
T000708,P-B005,1,320,320
T000709,P-H016,1,390,390
T000710,P-G003,1,380,380
T000710,P-L003,2,150,300
T000710,P-F002,3,180,540
T000710,P-L001,1,260,260
T000710,P-F014,1,95,95
T000711,P-F003,3,35,105
T000712,P-F020,1,190,190
T000712,P-L021,2,90,180
T000713,P-L008,1,450,450
T000713,P-F020,1,190,190
T000713,P-P027,1,220,220
T000713,P-P017,1,260,260
T000713,P-F001,3,65,195
T000714,P-F014,1,95,95
T000715,P-P012,1,180,180
T000715,P-F001,1,65,65
T000715,P-F003,2,35,70
T000716,P-F003,2,35,70
T000716,P-H015,1,450,450
T000716,P-P026,1,280,280
T000716,P-L022,1,160,160
T000716,P-L019,1,110,110
T000717,P-F007,1,90,90
T000717,P-H001,1,680,680
T000717,P-H004,1,560,560
T000717,P-P011,1,320,320
T000717,P-P015,1,220,220
T000717,P-F016,1,110,110
T000718,P-F016,1,110,110
T000719,P-L019,1,110,110
T000720,P-F003,3,35,105
T000721,P-F003,1,35,35
T000722,P-P022,1,380,380
T000722,P-L006,1,680,680
T000722,P-L002,1,220,220
T000722,P-P028,1,200,200
T000722,P-L019,1,110,110
T000722,P-F001,2,65,130
T000723,P-F020,1,190,190
T000723,P-L019,1,110,110
T000724,P-P022,1,380,380
T000724,P-P001,1,260,260
T000724,P-P021,1,240,240
T000724,P-F003,3,35,105
T000725,P-H012,1,480,480
T000725,P-L002,1,220,220
T000725,P-L021,1,90,90
T000725,P-F003,1,35,35
T000725,P-H007,1,520,520
T000726,P-L024,1,420,420
T000726,P-P016,1,280,280
T000726,P-L001,1,260,260
T000726,P-F019,1,140,140
T000727,P-H002,1,420,420
T000727,P-F004,1,55,55
T000727,P-F006,1,320,320
T000727,P-H020,1,720,720
T000727,P-L024,1,420,420
T000727,P-F017,1,220,220
T000728,P-F003,3,35,105
T000728,P-L021,1,90,90
T000729,P-F001,4,65,260
T000729,P-L019,1,110,110
T000730,P-L020,1,190,190
T000730,P-F014,3,95,285
T000731,P-L022,3,160,480
T000731,P-F020,1,190,190
T000731,P-F001,3,65,195
T000731,P-F014,3,95,285
T000732,P-G002,2,480,960
T000733,P-F007,1,90,90
T000733,P-H003,1,890,890
T000733,P-F009,1,120,120
T000733,P-P012,1,180,180
T000733,P-L022,1,160,160
T000733,P-P006,1,250,250
T000734,P-L019,1,110,110
T000735,P-L021,1,90,90
T000736,P-F003,2,35,70
T000736,P-L019,1,110,110
T000737,P-F003,1,35,35
T000738,P-F003,4,35,140
T000739,P-F003,3,35,105
T000740,P-L003,3,150,450
T000740,P-P019,1,120,120
T000740,P-F014,1,95,95
T000741,P-H006,1,1080,1080
T000741,P-P007,1,290,290
T000741,P-F016,1,110,110
T000741,P-L019,1,110,110
T000741,P-H005,1,380,380
T000741,P-G009,1,460,460
T000741,P-F003,3,35,105
T000741,P-L007,1,320,320
T000742,P-L021,1,90,90
T000742,P-F001,1,65,65
T000743,P-B007,1,260,260
T000743,P-B006,1,280,280
T000743,P-B010,1,220,220
T000744,P-F010,1,75,75
T000744,P-H002,1,420,420
T000744,P-L008,1,450,450
T000744,P-P016,1,280,280
T000744,P-L011,1,520,520
T000745,P-H011,1,960,960
T000745,P-G005,1,420,420
T000745,P-L009,1,280,280
T000745,P-L009,1,280,280
T000745,P-P011,1,320,320
T000745,P-L014,1,180,180
T000746,P-F001,1,65,65
T000746,P-F016,1,110,110
T000747,P-L001,1,260,260
T000747,P-F001,1,65,65
T000747,P-L019,1,110,110
T000747,P-G006,1,560,560
T000747,P-F013,1,160,160
T000747,P-F019,1,140,140
T000748,P-P020,1,350,350
T000748,P-F018,2,180,360
T000748,P-L019,1,110,110
T000749,P-P027,1,220,220
T000749,P-G006,1,560,560
T000749,P-P012,1,180,180
T000750,P-F001,1,65,65
T000750,P-F014,1,95,95
T000751,P-L009,1,280,280
T000751,P-L019,1,110,110
T000751,P-L021,1,90,90
T000752,P-F016,1,110,110
T000753,P-P008,1,460,460
T000753,P-F014,1,95,95
T000753,P-L001,1,260,260
T000754,P-F001,1,65,65
T000754,P-L019,1,110,110
T000755,P-H004,1,560,560
T000755,P-L010,1,240,240
T000755,P-G009,1,460,460
T000755,P-P028,1,200,200
T000755,P-F005,1,150,150
T000755,P-L009,1,280,280
T000755,P-F020,1,190,190
T000755,P-L001,1,260,260
T000756,P-P024,1,540,540
T000756,P-L019,3,110,330
T000756,P-H011,1,960,960
T000756,P-P015,1,220,220
T000756,P-L003,1,150,150
T000757,P-F014,3,95,285
T000757,P-F003,1,35,35
T000758,P-F012,1,130,130
T000758,P-F014,1,95,95
T000758,P-F001,1,65,65
T000759,P-P011,1,320,320
T000759,P-P021,1,240,240
T000759,P-F019,1,140,140
T000759,P-L021,1,90,90
T000760,P-F011,1,380,380
T000760,P-F005,1,150,150
T000760,P-L012,1,460,460
T000760,P-L009,1,280,280
T000760,P-P014,1,320,320
T000761,P-P013,4,150,600
T000761,P-L005,2,180,360
T000761,P-F013,1,160,160
T000762,P-G009,1,460,460
T000762,P-F016,1,110,110
T000762,P-P018,1,580,580
T000762,P-G009,1,460,460
T000762,P-L021,3,90,270
T000762,P-P026,1,280,280
T000763,P-L019,1,110,110
T000763,P-F003,1,35,35
T000764,P-F003,2,35,70
T000765,P-F003,1,35,35
T000765,P-F016,1,110,110
T000766,P-F009,1,120,120
T000766,P-F011,1,380,380
T000766,P-F007,1,90,90
T000766,P-F016,2,110,220
T000766,P-P027,1,220,220
T000766,P-F003,3,35,105
T000767,P-F018,3,180,540
T000767,P-F015,1,260,260
T000767,P-F020,1,190,190
T000767,P-F012,3,130,390
T000767,P-F014,1,95,95
T000768,P-F001,1,65,65
T000768,P-L019,1,110,110
T000769,P-F016,1,110,110
T000769,P-F001,2,65,130
T000770,P-F016,1,110,110
T000771,P-L005,1,180,180
T000771,P-L019,1,110,110
T000771,P-F014,1,95,95
T000772,P-F003,2,35,70
T000772,P-F001,1,65,65
T000773,P-H005,1,380,380
T000773,P-F001,1,65,65
T000773,P-P029,1,320,320
T000773,P-P027,1,220,220
T000773,P-F007,1,90,90
T000773,P-P001,1,260,260
T000773,P-P006,1,250,250
T000773,P-L013,1,380,380
T000774,P-F007,1,90,90
T000774,P-F004,1,55,55
T000774,P-L023,1,540,540
T000774,P-F014,2,95,190
T000774,P-P012,1,180,180
T000775,P-F003,3,35,105
T000775,P-F001,1,65,65
T000776,P-L011,1,520,520
T000776,P-L001,1,260,260
T000776,P-P027,1,220,220
T000776,P-P018,1,580,580
T000776,P-H016,1,390,390
T000776,P-L020,1,190,190
T000777,P-L019,1,110,110
T000778,P-F016,1,110,110
T000778,P-F003,1,35,35
T000779,P-L005,1,180,180
T000779,P-F003,1,35,35
T000779,P-L019,1,110,110
T000780,P-F020,1,190,190
T000780,P-F014,2,95,190
T000781,P-L014,3,180,540
T000781,P-F001,1,65,65
T000782,P-F001,1,65,65
T000782,P-F003,1,35,35
T000782,P-L021,1,90,90
T000783,P-F014,1,95,95
T000783,P-F003,1,35,35
T000784,P-F016,1,110,110
T000785,P-F003,1,35,35
T000785,P-F003,3,35,105
T000786,P-F003,2,35,70
T000787,P-F003,3,35,105
T000788,P-F014,1,95,95
T000789,P-F001,1,65,65
T000789,P-F014,1,95,95
T000790,P-F005,1,150,150
T000790,P-F006,1,320,320
T000790,P-L004,1,160,160
T000790,P-P013,1,150,150
T000790,P-L019,1,110,110
T000791,P-L019,1,110,110
T000792,P-F001,1,65,65
T000792,P-L019,1,110,110
T000793,P-P003,1,780,780
T000793,P-L018,2,130,260
T000793,P-P014,1,320,320
T000793,P-L019,3,110,330
T000794,P-P028,1,200,200
T000794,P-P026,1,280,280
T000794,P-L012,1,460,460
T000795,P-L019,1,110,110
T000796,P-F009,1,120,120
T000796,P-F004,1,55,55
T000796,P-H001,1,680,680
T000796,P-G010,1,1080,1080
T000796,P-F016,1,110,110
T000796,P-P012,2,180,360
T000797,P-L014,1,180,180
T000797,P-F003,4,35,140
T000797,P-F001,1,65,65
T000798,P-F019,3,140,420
T000798,P-F003,1,35,35
T000799,P-F006,1,320,320
T000799,P-F008,1,240,240
T000799,P-H005,1,380,380
T000799,P-P029,2,320,640
T000799,P-F003,1,35,35
T000799,P-L021,3,90,270
T000800,P-L022,2,160,320
T000800,P-P024,1,540,540
T000800,P-P013,1,150,150
T000800,P-L021,1,90,90
T000801,P-F003,3,35,105
T000802,P-F003,1,35,35
T000803,P-B006,1,280,280
T000803,P-B007,1,260,260
T000803,P-B005,1,320,320
T000804,P-F007,1,90,90
T000804,P-L007,1,320,320
T000804,P-L002,1,220,220
T000804,P-F016,2,110,220
T000804,P-F009,1,120,120
T000804,P-P013,1,150,150
T000804,P-L003,1,150,150
T000804,P-F001,1,65,65
T000805,P-H012,1,480,480
T000805,P-F017,1,220,220
T000805,P-F003,2,35,70
T000805,P-L021,1,90,90
T000805,P-H007,1,520,520
T000806,P-H016,1,390,390
T000807,P-F003,2,35,70
T000807,P-F014,1,95,95
T000808,P-L009,1,280,280
T000808,P-L021,1,90,90
T000808,P-L013,1,380,380
T000809,P-L021,1,90,90
T000809,P-F001,1,65,65
T000810,P-F004,1,55,55
T000810,P-H001,1,680,680
T000810,P-F010,1,75,75
T000810,P-P020,1,350,350
T000810,P-F020,1,190,190
T000810,P-F017,1,220,220
T000811,P-F005,1,150,150
T000811,P-F004,1,55,55
T000811,P-G001,1,880,880
T000811,P-G006,1,560,560
T000811,P-L004,2,160,320
T000812,P-L021,1,90,90
T000813,P-H012,1,480,480
T000813,P-L004,1,160,160
T000813,P-L018,1,130,130
T000813,P-L021,1,90,90
T000813,P-H007,1,520,520
T000814,P-F003,1,35,35
T000814,P-F014,1,95,95
T000815,P-F014,1,95,95
T000815,P-F003,1,35,35
T000816,P-F003,2,35,70
T000817,P-B010,1,220,220
T000817,P-B008,1,380,380
T000817,P-B009,1,240,240
T000818,P-L014,3,180,540
T000818,P-P025,1,480,480
T000818,P-L003,2,150,300
T000818,P-G009,1,460,460
T000818,P-F019,1,140,140
T000818,P-L021,1,90,90
T000819,P-H015,1,450,450
T000820,P-F001,1,65,65
T000820,P-F014,1,95,95
T000821,P-F003,1,35,35
T000821,P-F016,2,110,220
T000821,P-L019,1,110,110
T000822,P-F018,1,180,180
T000822,P-F001,1,65,65
T000822,P-F016,1,110,110
T000823,P-F003,2,35,70
T000823,P-H015,1,450,450
T000823,P-P024,1,540,540
T000823,P-P026,1,280,280
T000823,P-F001,2,65,130
T000823,P-L021,1,90,90
T000824,P-F001,1,65,65
T000824,P-F014,1,95,95
T000825,P-F003,2,35,70
T000826,P-H012,1,480,480
T000826,P-F012,2,130,260
T000826,P-F016,1,110,110
T000827,P-L013,1,380,380
T000827,P-F016,2,110,220
T000827,P-G005,1,420,420
T000827,P-G003,1,380,380
T000827,P-F015,1,260,260
T000827,P-L021,3,90,270
T000828,P-F003,1,35,35
T000828,P-F016,1,110,110
T000829,P-L021,1,90,90
T000830,P-F003,3,35,105
T000831,P-L021,2,90,180
T000832,P-H012,1,480,480
T000832,P-F014,2,95,190
T000832,P-F020,1,190,190
T000832,P-L021,1,90,90
T000833,P-H006,1,1080,1080
T000833,P-F008,1,240,240
T000833,P-H016,1,390,390
T000833,P-P024,1,540,540
T000833,P-F002,1,180,180
T000834,P-F001,1,65,65
T000834,P-L021,1,90,90
T000835,P-P020,1,350,350
T000835,P-L010,1,240,240
T000835,P-F020,1,190,190
T000836,P-P013,2,150,300
T000836,P-L021,1,90,90
T000836,P-F001,1,65,65
T000836,P-L022,3,160,480
T000836,P-F003,2,35,70
T000836,P-L019,1,110,110
T000837,P-F013,3,160,480
T000837,P-L019,1,110,110
T000838,P-H005,1,380,380
T000838,P-H006,1,1080,1080
T000838,P-L023,1,540,540
T000838,P-P013,2,150,300
T000838,P-L001,1,260,260
T000839,P-F014,3,95,285
T000839,P-L024,1,420,420
T000839,P-P012,1,180,180
T000839,P-F001,1,65,65
T000840,P-F003,1,35,35
T000841,P-F014,1,95,95
T000841,P-F001,1,65,65
T000842,P-F014,3,95,285
T000842,P-P017,1,260,260
T000842,P-L021,1,90,90
T000843,P-P019,1,120,120
T000843,P-L003,2,150,300
T000843,P-F016,3,110,330
T000844,P-B007,-1,260,-260
T000845,P-P026,1,280,280
T000845,P-P013,1,150,150
T000845,P-P012,1,180,180
T000845,P-F002,3,180,540
T000845,P-P012,1,180,180
T000845,P-L023,1,540,540
T000846,P-F002,4,180,720
T000846,P-P010,1,620,620
T000846,P-P013,1,150,150
T000846,P-F002,3,180,540
T000846,P-H020,1,720,720
T000846,P-F001,3,65,195
T000847,P-L022,2,160,320
T000847,P-L001,1,260,260
T000847,P-L019,1,110,110
T000847,P-P027,1,220,220
T000847,P-L018,1,130,130
T000847,P-P013,3,150,450
T000848,P-L004,1,160,160
T000848,P-L021,2,90,180
T000849,P-H017,1,640,640
T000849,P-P017,1,260,260
T000849,P-L022,2,160,320
T000849,P-L007,1,320,320
T000849,P-F015,1,260,260
T000849,P-F016,3,110,330
T000850,P-L021,1,90,90
T000850,P-F014,1,95,95
T000851,P-F001,1,65,65
T000851,P-F014,1,95,95
T000852,P-F003,3,35,105
T000853,P-F004,1,55,55
T000853,P-H004,1,560,560
T000853,P-H002,1,420,420
T000853,P-F014,2,95,190
T000853,P-P004,1,420,420
T000853,P-L018,1,130,130
T000854,P-F005,1,150,150
T000854,P-F011,1,380,380
T000854,P-P019,2,120,240
T000854,P-P021,1,240,240
T000854,P-L005,1,180,180
T000855,P-H015,1,450,450
T000855,P-P004,1,420,420
T000855,P-F019,1,140,140
T000855,P-F013,3,160,480
T000856,P-F011,1,380,380
T000856,P-L014,1,180,180
T000856,P-P014,1,320,320
T000856,P-P029,1,320,320
T000857,P-F001,2,65,130
T000858,P-P008,1,460,460
T000858,P-L020,2,190,380
T000858,P-P021,1,240,240
T000858,P-F002,1,180,180
T000858,P-L021,3,90,270
T000859,P-F001,1,65,65
T000859,P-F014,1,95,95
T000860,P-F003,1,35,35
T000860,P-L021,1,90,90
T000861,P-F014,1,95,95
T000862,P-F003,1,35,35
T000862,P-L019,1,110,110
T000863,P-L021,1,90,90
T000863,P-F014,1,95,95
T000864,P-L009,1,280,280
T000864,P-P014,1,320,320
T000864,P-F017,1,220,220
T000864,P-P006,1,250,250
T000864,P-P012,1,180,180
T000864,P-F016,1,110,110
T000865,P-F009,1,120,120
T000865,P-F005,1,150,150
T000865,P-P023,1,260,260
T000865,P-P002,1,380,380
T000865,P-F001,3,65,195
T000866,P-H006,1,1080,1080
T000866,P-F011,1,380,380
T000866,P-H006,1,1080,1080
T000866,P-L023,1,540,540
T000866,P-F014,4,95,380
T000867,P-H003,1,890,890
T000867,P-H002,1,420,420
T000867,P-H024,1,750,750
T000867,P-G002,1,480,480
T000867,P-L022,3,160,480
T000868,P-P012,1,180,180
T000868,P-P019,1,120,120
T000869,P-F014,2,95,190
T000869,P-L018,1,130,130
T000869,P-P001,1,260,260
T000869,P-L024,1,420,420
T000869,P-P014,1,320,320
T000869,P-F017,1,220,220
T000870,P-L021,1,90,90
T000870,P-F001,1,65,65
T000871,P-L004,1,160,160
T000871,P-L003,2,150,300
T000871,P-L001,1,260,260
T000871,P-F019,1,140,140
T000871,P-F001,3,65,195
T000872,P-F013,3,160,480
T000872,P-F016,1,110,110
T000873,P-H012,1,480,480
T000873,P-L002,1,220,220
T000873,P-L019,1,110,110
T000873,P-L021,1,90,90
T000874,P-H021,1,580,580
T000874,P-L007,1,320,320
T000874,P-F003,1,35,35
T000874,P-L003,2,150,300
T000874,P-L021,1,90,90
T000875,P-F003,3,35,105
T000876,P-F001,1,65,65
T000876,P-F016,1,110,110
T000877,P-F003,1,35,35
T000877,P-F014,1,95,95
T000878,P-F001,1,65,65
T000878,P-L021,1,90,90
T000879,P-P011,1,320,320
T000879,P-P016,1,280,280
T000879,P-F017,1,220,220
T000879,P-F018,1,180,180
T000879,P-F003,3,35,105
T000880,P-L019,1,110,110
T000881,P-B004,1,599,599
T000881,P-B006,1,280,280
T000881,P-B005,1,320,320
T000881,P-B009,1,240,240
T000882,P-G005,1,420,420
T000882,P-L006,1,680,680
T000882,P-P029,1,320,320
T000882,P-P006,1,250,250
T000882,P-L018,2,130,260
T000882,P-F001,1,65,65
T000883,P-H015,1,450,450
T000884,P-G003,1,380,380
T000884,P-P005,1,340,340
T000884,P-F015,1,260,260
T000884,P-F017,1,220,220
T000885,P-F001,1,65,65
T000885,P-F003,1,35,35
T000886,P-H012,1,480,480
T000886,P-F019,1,140,140
T000886,P-L021,3,90,270
T000886,P-F003,3,35,105
T000887,P-F009,1,120,120
T000887,P-P014,1,320,320
T000887,P-L021,2,90,180
T000887,P-F014,1,95,95
T000888,P-F017,1,220,220
T000888,P-F003,2,35,70
T000888,P-F016,1,110,110
T000889,P-L010,1,240,240
T000889,P-L021,1,90,90
T000889,P-F003,1,35,35
T000889,P-F016,1,110,110
T000890,P-L005,1,180,180
T000890,P-F014,1,95,95
T000890,P-F016,1,110,110
T000891,P-L010,1,240,240
T000891,P-P013,1,150,150
T000891,P-F001,1,65,65
T000892,P-F003,1,35,35
T000893,P-F003,2,35,70
T000893,P-F001,1,65,65
T000893,P-F003,1,35,35
T000894,P-F014,1,95,95
T000895,P-F003,3,35,105
T000896,P-F003,3,35,105
T000897,P-B004,1,599,599
T000897,P-B006,1,280,280
T000897,P-B010,1,220,220
T000897,P-B007,1,260,260
T000898,P-L021,2,90,180
T000899,P-L001,-1,260,-260
T000900,P-F001,1,65,65
T000900,P-F003,1,35,35
T000901,P-F001,3,65,195
T000901,P-F019,1,140,140
T000901,P-L009,1,280,280
T000902,P-H001,1,680,680
T000902,P-F009,1,120,120
T000902,P-L018,3,130,390
T000902,P-L003,3,150,450
T000902,P-P019,1,120,120
T000903,P-F003,1,35,35
T000903,P-F014,1,95,95
T000904,P-F001,1,65,65
T000904,P-L019,1,110,110
T000905,P-F003,1,35,35
T000906,P-F016,1,110,110
T000907,P-F003,2,35,70
T000907,P-L021,1,90,90
T000908,P-F003,2,35,70
T000908,P-F001,1,65,65
T000909,P-F010,1,75,75
T000909,P-F006,1,320,320
T000909,P-H006,1,1080,1080
T000909,P-L003,2,150,300
T000909,P-F018,1,180,180
T000909,P-F001,1,65,65
T000910,P-F016,1,110,110
T000911,P-F018,2,180,360
T000911,P-H010,1,520,520
T000911,P-F016,3,110,330
T000912,P-F001,1,65,65
T000912,P-L021,1,90,90
T000913,P-F016,1,110,110
T000914,P-L019,2,110,220
T000914,P-L021,1,90,90
T000915,P-F014,4,95,380
T000915,P-P023,1,260,260
T000915,P-P020,1,350,350
T000915,P-P027,1,220,220
T000915,P-L009,1,280,280
T000916,P-F014,1,95,95
T000916,P-P020,1,350,350
T000916,P-L003,1,150,150
T000916,P-F003,3,35,105
T000917,P-F007,1,90,90
T000917,P-F008,1,240,240
T000917,P-P012,3,180,540
T000917,P-F014,1,95,95
T000917,P-F016,1,110,110
T000918,P-F001,1,65,65
T000918,P-L019,1,110,110
T000919,P-F014,1,95,95
T000919,P-F001,1,65,65
T000920,P-F003,1,35,35
T000921,P-F003,3,35,105
T000922,P-B004,1,599,599
T000922,P-B004,1,599,599
T000922,P-B010,1,220,220
T000923,P-F003,4,35,140
T000924,P-F016,1,110,110
T000924,P-H010,1,520,520
T000924,P-P021,1,240,240
T000925,P-F003,2,35,70
T000925,P-F016,1,110,110
T000926,P-G002,2,480,960
T000927,P-F014,1,95,95
T000927,P-F001,1,65,65
T000928,P-P013,1,150,150
T000928,P-L019,1,110,110
T000928,P-L021,1,90,90
T000929,P-F009,1,120,120
T000929,P-H006,1,1080,1080
T000929,P-L024,1,420,420
T000929,P-F016,2,110,220
T000929,P-P021,1,240,240
T000930,P-H001,1,680,680
T000930,P-F004,1,55,55
T000930,P-F013,3,160,480
T000930,P-F001,1,65,65
T000930,P-L021,1,90,90
T000931,P-P026,1,280,280
T000931,P-L019,1,110,110
T000931,P-F003,1,35,35
T000931,P-H010,1,520,520
T000931,P-F012,3,130,390
T000931,P-G002,1,480,480
T000932,P-F003,3,35,105
T000933,P-F003,2,35,70
T000934,P-F003,1,35,35
T000935,P-F003,3,35,105
T000936,P-F003,1,35,35
T000937,P-F016,1,110,110
T000937,P-F001,1,65,65
T000938,P-F003,1,35,35
T000939,P-F003,2,35,70
T000939,P-F014,1,95,95
T000940,P-H025,1,480,480
T000940,P-F003,1,35,35
T000940,P-F013,1,160,160
T000940,P-L021,3,90,270
T000940,P-F014,3,95,285
T000940,P-F001,1,65,65
T000941,P-H005,1,380,380
T000941,P-H004,1,560,560
T000941,P-P017,1,260,260
T000941,P-G005,1,420,420
T000941,P-F016,3,110,330
T000942,P-F016,1,110,110
T000943,P-F003,4,35,140
T000943,P-P014,1,320,320
T000943,P-F016,1,110,110
T000943,P-F010,1,75,75
T000943,P-H010,1,520,520
T000943,P-L002,1,220,220
T000943,P-L021,1,90,90
T000944,P-L013,1,380,380
T000944,P-P005,1,340,340
T000944,P-L009,1,280,280
T000944,P-L014,1,180,180
T000945,P-F014,1,95,95
T000946,P-H012,1,480,480
T000946,P-F002,3,180,540
T000946,P-L021,1,90,90
T000947,P-P006,1,250,250
T000947,P-F001,1,65,65
T000947,P-L021,1,90,90
T000948,P-L021,2,90,180
T000948,P-L019,1,110,110
T000949,P-F014,1,95,95
T000949,P-F001,1,65,65
T000950,P-L021,1,90,90
T000951,P-F014,1,95,95
T000951,P-F001,1,65,65
T000952,P-F010,1,75,75
T000952,P-H002,1,420,420
T000952,P-F006,1,320,320
T000952,P-G006,1,560,560
T000952,P-P005,1,340,340
T000952,P-P027,1,220,220
T000953,P-F003,1,35,35
T000953,P-L019,1,110,110
T000954,P-F016,1,110,110
T000954,P-F003,1,35,35
T000955,P-F003,1,35,35
T000955,P-F016,1,110,110
T000956,P-F003,2,35,70
T000956,P-F016,1,110,110
T000957,P-F003,1,35,35
T000958,P-P019,1,120,120
T000958,P-F002,1,180,180
T000958,P-P013,1,150,150
T000958,P-H016,1,390,390
T000958,P-P015,1,220,220
T000959,P-L007,1,320,320
T000959,P-L022,1,160,160
T000959,P-L019,1,110,110
T000959,P-F016,3,110,330
T000959,P-F015,1,260,260
T000959,P-P008,1,460,460
T000960,P-P030,1,300,300
T000960,P-F013,1,160,160
T000960,P-L008,1,450,450
T000960,P-G003,1,380,380
T000960,P-L011,1,520,520
T000960,P-L002,1,220,220
T000961,P-F018,3,180,540
T000961,P-L004,3,160,480
T000961,P-P021,1,240,240
T000961,P-F016,3,110,330
T000962,P-F005,1,150,150
T000962,P-H006,1,1080,1080
T000962,P-F017,1,220,220
T000962,P-P017,1,260,260
T000962,P-P020,1,350,350
T000963,P-F001,1,65,65
T000963,P-L021,1,90,90
T000964,P-P015,1,220,220
T000964,P-L017,1,620,620
T000964,P-P019,1,120,120
T000964,P-L003,1,150,150
T000964,P-F017,1,220,220
T000964,P-F003,3,35,105
T000965,P-F011,1,380,380
T000965,P-H006,1,1080,1080
T000965,P-F008,1,240,240
T000965,P-P014,1,320,320
T000965,P-F014,2,95,190
T000965,P-F016,1,110,110
T000966,P-F010,1,75,75
T000966,P-P021,1,240,240
T000966,P-L018,3,130,390
T000966,P-L005,3,180,540
T000966,P-F007,1,90,90
T000966,P-P027,1,220,220
T000966,P-P013,1,150,150
T000966,P-F014,1,95,95
T000967,P-H001,1,680,680
T000967,P-F016,3,110,330
T000967,P-F020,1,190,190
T000967,P-P015,1,220,220
T000968,P-F014,1,95,95
T000969,P-L021,3,90,270
T000970,P-L021,1,90,90
T000971,P-L021,1,90,90
T000972,P-F003,2,35,70
T000972,P-F016,1,110,110
T000973,P-F003,1,35,35
T000973,P-L019,1,110,110
T000974,P-H012,1,480,480
T000974,P-L014,1,180,180
T000974,P-L021,3,90,270
T000974,P-H007,1,520,520
T000975,P-F010,1,75,75
T000975,P-F008,1,240,240
T000975,P-F005,1,150,150
T000975,P-F017,2,220,440
T000975,P-P024,1,540,540
T000975,P-L002,1,220,220
T000976,P-L014,1,180,180
T000976,P-L021,2,90,180
T000977,P-H002,1,420,420
T000977,P-F010,1,75,75
T000977,P-P014,1,320,320
T000977,P-L022,3,160,480
T000977,P-F014,1,95,95
T000978,P-F011,1,380,380
T000978,P-F006,1,320,320
T000978,P-P026,1,280,280
T000978,P-F018,3,180,540
T000978,P-L010,1,240,240
T000979,P-L012,2,460,920
T000979,P-F001,3,65,195
T000979,P-F003,2,35,70
T000979,P-F020,1,190,190
T000979,P-L003,1,150,150
T000979,P-F001,1,65,65
T000980,P-F011,1,380,380
T000980,P-F008,1,240,240
T000980,P-F012,3,130,390
T000980,P-F020,1,190,190
T000980,P-P027,1,220,220
T000981,P-L018,2,130,260
T000981,P-P021,1,240,240
T000981,P-L021,1,90,90
T000982,P-P019,1,120,120
T000982,P-P021,1,240,240
T000982,P-F012,1,130,130
T000982,P-F003,1,35,35
T000983,P-F014,2,95,190
T000984,P-L022,1,160,160
T000984,P-F003,1,35,35
T000984,P-F016,1,110,110
T000984,P-L019,1,110,110
T000985,P-F002,1,180,180
T000985,P-L019,1,110,110
T000985,P-F014,1,95,95
T000986,P-P011,1,320,320
T000986,P-P019,2,120,240
T000986,P-L001,1,260,260
T000986,P-P027,1,220,220
T000987,P-F003,3,35,105
T000988,P-F003,2,35,70
T000988,P-L021,1,90,90
T000989,P-P025,1,480,480
T000989,P-P026,1,280,280
T000989,P-P019,1,120,120
T000989,P-L019,1,110,110
T000990,P-F014,1,95,95
T000991,P-F003,1,35,35
T000992,P-B009,2,240,480
T000992,P-B006,1,280,280
T000992,P-B007,1,260,260
T000993,P-H012,1,480,480
T000993,P-F017,1,220,220
T000993,P-F003,3,35,105
T000993,P-L019,1,110,110
T000994,P-F006,1,320,320
T000994,P-G008,1,780,780
T000994,P-L023,1,540,540
T000994,P-P026,1,280,280
T000994,P-H001,1,680,680
T000994,P-L018,3,130,390
T000994,P-P028,1,200,200
T000994,P-L009,1,280,280
T000995,P-L024,1,420,420
T000995,P-F019,3,140,420
T000995,P-L025,1,1180,1180
T000995,P-P022,1,380,380
T000995,P-P023,1,260,260
T000996,P-L019,1,110,110
T000997,P-P028,1,200,200
T000997,P-P001,1,260,260
T000997,P-P002,1,380,380
T000997,P-P019,1,120,120
T000998,P-L021,1,90,90
T000998,P-F001,1,65,65
T000999,P-F003,1,35,35
T000999,P-F014,1,95,95
T001000,P-F003,2,35,70
T001001,P-F003,2,35,70
T001001,P-L019,1,110,110
T001002,P-P023,1,260,260
T001002,P-P017,1,260,260
T001002,P-F013,2,160,320
T001002,P-L022,2,160,320
T001002,P-F014,1,95,95
T001003,P-H005,1,380,380
T001003,P-F008,1,240,240
T001003,P-H004,1,560,560
T001003,P-P023,1,260,260
T001003,P-L014,1,180,180
T001003,P-L019,1,110,110
T001004,P-H012,1,480,480
T001004,P-F012,1,130,130
T001004,P-L021,2,90,180
T001004,P-F001,1,65,65
T001005,P-B004,1,599,599
T001005,P-B006,1,280,280
T001005,P-B009,2,240,480
T001006,P-L020,1,190,190
T001006,P-L019,1,110,110
T001007,P-F006,1,320,320
T001007,P-F008,1,240,240
T001007,P-F010,1,75,75
T001007,P-L022,3,160,480
T001007,P-P001,1,260,260
T001007,P-P027,1,220,220
T001008,P-F003,1,35,35
T001008,P-L021,1,90,90
T001009,P-F003,3,35,105
T001009,P-L021,1,90,90
T001010,P-L021,1,90,90
T001011,P-L021,1,90,90
T001011,P-F014,1,95,95
T001012,P-L021,1,90,90
T001013,P-F014,2,95,190
T001014,P-F020,1,190,190
T001014,P-F003,3,35,105
T001014,P-L019,1,110,110
T001015,P-P017,1,260,260
T001015,P-H017,1,640,640
T001015,P-P027,1,220,220
T001015,P-F019,1,140,140
T001016,P-L009,1,280,280
T001016,P-P030,1,300,300
T001016,P-F015,1,260,260
T001016,P-L001,1,260,260
T001016,P-L014,3,180,540
T001017,P-L005,1,180,180
T001017,P-L019,1,110,110
T001017,P-F016,1,110,110
T001018,P-P019,3,120,360
T001018,P-F001,1,65,65
T001019,P-F003,3,35,105
T001020,P-F014,1,95,95
T001021,P-F014,1,95,95
T001022,P-F003,1,35,35
T001023,P-L019,1,110,110
T001024,P-F003,3,35,105
T001025,P-F003,2,35,70
T001025,P-L021,1,90,90
T001026,P-F011,1,380,380
T001026,P-F008,1,240,240
T001026,P-P011,1,320,320
T001026,P-H010,1,520,520
T001026,P-F013,1,160,160
T001027,P-F016,1,110,110
T001027,P-F014,1,95,95
T001028,P-H012,1,480,480
T001028,P-L021,2,90,180
T001028,P-L003,1,150,150
T001028,P-F001,1,65,65
T001029,P-L003,1,150,150
T001029,P-L021,1,90,90
T001029,P-F016,1,110,110
T001030,P-L014,1,180,180
T001030,P-L021,1,90,90
T001030,P-F003,3,35,105
T001031,P-F020,1,190,190
T001031,P-L019,1,110,110
T001031,P-F001,1,65,65
T001032,P-F018,1,180,180
T001032,P-L019,1,110,110
T001033,P-G006,1,560,560
T001033,P-F018,2,180,360
T001034,P-H005,1,380,380
T001034,P-F005,1,150,150
T001034,P-H001,1,680,680
T001034,P-L008,1,450,450
T001034,P-P021,1,240,240
T001034,P-F014,3,95,285
T001035,P-F003,1,35,35
T001035,P-F003,3,35,105
T001036,P-F003,2,35,70
T001037,P-F003,3,35,105
T001038,P-F014,1,95,95
T001039,P-F003,3,35,105
T001040,P-F014,2,95,190
T001041,P-B006,1,280,280
T001041,P-B005,1,320,320
T001041,P-B009,1,240,240
T001042,P-B006,1,280,280
T001042,P-B010,1,220,220
T001042,P-B005,1,320,320
T001043,P-H004,1,560,560
T001043,P-F005,1,150,150
T001043,P-H002,1,420,420
T001043,P-F014,3,95,285
T001043,P-L019,1,110,110
T001043,P-F015,1,260,260
T001044,P-L021,1,90,90
T001045,P-F014,1,95,95
T001046,P-H017,1,640,640
T001046,P-L009,1,280,280
T001046,P-F019,3,140,420
T001047,P-F003,3,35,105
T001048,P-F014,2,95,190
T001048,P-P029,1,320,320
T001048,P-F020,1,190,190
T001048,P-P002,1,380,380
T001048,P-H010,1,520,520
T001048,P-L005,2,180,360
T001049,P-F014,2,95,190
T001050,P-L021,1,90,90
T001051,P-L019,1,110,110
T001052,P-F004,1,55,55
T001052,P-F005,1,150,150
T001052,P-G001,1,880,880
T001052,P-G003,1,380,380
T001052,P-F020,1,190,190
T001053,P-H011,1,960,960
T001053,P-P007,1,290,290
T001053,P-L003,1,150,150
T001053,P-L020,1,190,190
T001053,P-P021,1,240,240
T001053,P-H016,1,390,390
T001054,P-F003,1,35,35
T001054,P-F001,1,65,65
T001055,P-F003,4,35,140
T001055,P-F014,1,95,95
T001055,P-F016,1,110,110
T001056,P-P017,1,260,260
T001056,P-F003,3,35,105
T001056,P-L022,1,160,160
T001056,P-F016,1,110,110
T001057,P-H005,1,380,380
T001057,P-F011,1,380,380
T001057,P-G003,1,380,380
T001057,P-F013,1,160,160
T001057,P-P023,1,260,260
T001058,P-F003,4,35,140
T001059,P-P021,1,240,240
T001059,P-F003,1,35,35
T001059,P-F016,1,110,110
T001059,P-F001,1,65,65
T001060,P-F011,1,380,380
T001060,P-L016,1,880,880
T001060,P-L020,1,190,190
T001060,P-L014,3,180,540
T001060,P-F009,1,120,120
T001060,P-P006,1,250,250
T001060,P-F014,2,95,190
T001060,P-L019,3,110,330
T001061,P-F010,1,75,75
T001061,P-H006,1,1080,1080
T001061,P-F001,3,65,195
T001061,P-L021,2,90,180
T001061,P-F014,1,95,95
T001062,P-L021,1,90,90
T001063,P-H012,1,480,480
T001063,P-L004,1,160,160
T001063,P-F014,1,95,95
T001063,P-L021,2,90,180
T001063,P-H007,1,520,520
T001064,P-F001,1,65,65
T001064,P-F016,1,110,110
T001065,P-F014,1,95,95
T001066,P-F016,1,110,110
T001067,P-L019,1,110,110
T001068,P-F004,1,55,55
T001068,P-H003,1,890,890
T001068,P-F002,3,180,540
T001068,P-L022,2,160,320
T001068,P-L021,1,90,90
T001069,P-H012,1,480,480
T001069,P-F016,3,110,330
T001069,P-L019,1,110,110
T001069,P-F003,1,35,35
T001069,P-H007,1,520,520
T001070,P-G007,1,620,620
T001070,P-P012,1,180,180
T001070,P-P019,1,120,120
T001070,P-P014,1,320,320
T001070,P-P024,1,540,540
T001070,P-L003,2,150,300
T001071,P-F001,1,65,65
T001071,P-L021,1,90,90
T001072,P-H012,1,480,480
T001072,P-F002,1,180,180
T001072,P-L003,1,150,150
T001072,P-F016,1,110,110
T001073,P-F012,1,130,130
T001073,P-F001,2,65,130
T001073,P-F014,2,95,190
T001073,P-P013,1,150,150
T001073,P-P012,1,180,180
T001073,P-F016,1,110,110
T001074,P-H009,1,780,780
T001074,P-L012,1,460,460
T001074,P-L004,1,160,160
T001074,P-P030,1,300,300
T001074,P-L014,1,180,180
T001074,P-F003,1,35,35
T001075,P-H012,1,480,480
T001075,P-L003,2,150,300
T001075,P-F016,1,110,110
T001075,P-H007,1,520,520
T001076,P-P028,1,200,200
T001076,P-P016,1,280,280
T001076,P-F016,3,110,330
T001077,P-P028,1,200,200
T001077,P-F016,1,110,110
T001077,P-F014,1,95,95
T001077,P-H001,1,680,680
T001077,P-F016,2,110,220
T001077,P-L013,1,380,380
T001077,P-P021,1,240,240
T001078,P-F003,1,35,35
T001078,P-L021,1,90,90
T001079,P-F001,1,65,65
T001079,P-L021,1,90,90
T001080,P-F003,3,35,105
T001081,P-H015,1,450,450
T001081,P-P022,1,380,380
T001081,P-P019,1,120,120
T001081,P-P004,1,420,420
T001081,P-F003,3,35,105
T001081,P-L021,1,90,90
T001082,P-L018,2,130,260
T001082,P-G008,1,780,780
T001082,P-F015,1,260,260
T001083,P-H002,1,420,420
T001083,P-F007,1,90,90
T001083,P-H023,1,620,620
T001083,P-F002,3,180,540
T001083,P-P026,1,280,280
T001084,P-F003,2,35,70
T001085,P-F009,1,120,120
T001085,P-F007,1,90,90
T001085,P-L002,1,220,220
T001085,P-F001,3,65,195
T001085,P-P027,1,220,220
T001086,P-F014,1,95,95
T001086,P-F003,1,35,35
T001087,P-F001,1,65,65
T001087,P-F014,1,95,95
T001087,P-L019,1,110,110
T001088,P-L021,1,90,90
T001089,P-H012,1,480,480
T001089,P-L003,1,150,150
T001089,P-L021,2,90,180
T001090,P-F006,1,320,320
T001090,P-H005,1,380,380
T001090,P-P005,1,340,340
T001090,P-L019,3,110,330
T001091,P-H012,1,480,480
T001091,P-F018,1,180,180
T001091,P-L019,1,110,110
T001091,P-F003,1,35,35
T001092,P-F009,1,120,120
T001092,P-F008,1,240,240
T001092,P-P023,1,260,260
T001092,P-F019,3,140,420
T001092,P-F008,1,240,240
T001092,P-F012,1,130,130
T001092,P-P028,1,200,200
T001092,P-F003,1,35,35
T001093,P-L016,-1,880,-880
T001094,P-F003,4,35,140
T001095,P-L021,1,90,90
T001095,P-F003,1,35,35
T001095,P-F001,1,65,65
T001096,P-F001,1,65,65
T001097,P-F014,1,95,95
T001098,P-F014,2,95,190
T001099,P-P020,1,350,350
T001099,P-P023,1,260,260
T001099,P-L005,2,180,360
T001099,P-F001,1,65,65
T001100,P-F009,1,120,120
T001100,P-P007,1,290,290
T001100,P-F015,1,260,260
T001100,P-L010,1,240,240
T001100,P-F008,1,240,240
T001100,P-P029,1,320,320
T001100,P-F012,2,130,260
T001100,P-F019,1,140,140
T001101,P-F003,3,35,105
T001102,P-F001,1,65,65
T001102,P-F014,1,95,95
T001103,P-F003,3,35,105
T001103,P-L021,1,90,90
T001104,P-P001,1,260,260
T001104,P-F014,1,95,95
T001104,P-F016,1,110,110
T001104,P-F010,1,75,75
T001104,P-P028,1,200,200
T001104,P-P016,1,280,280
T001104,P-P020,1,350,350
T001105,P-F006,1,320,320
T001105,P-F006,1,320,320
T001105,P-H004,1,560,560
T001105,P-P014,1,320,320
T001105,P-P028,1,200,200
T001105,P-P020,1,350,350
T001106,P-L019,1,110,110
T001107,P-F014,1,95,95
T001107,P-L019,1,110,110
T001108,P-F001,1,65,65
T001108,P-F016,1,110,110
T001109,P-F003,1,35,35
T001109,P-F001,1,65,65
T001110,P-L003,1,150,150
T001110,P-F014,1,95,95
T001110,P-F001,1,65,65
T001111,P-P017,1,260,260
T001111,P-F014,3,95,285
T001111,P-F016,1,110,110
T001111,P-L021,1,90,90
T001112,P-H006,1,1080,1080
T001112,P-H006,1,1080,1080
T001112,P-H001,1,680,680
T001112,P-F015,1,260,260
T001112,P-F001,3,65,195
T001112,P-L014,1,180,180
T001113,P-F001,2,65,130
T001114,P-L019,1,110,110
T001115,P-F003,1,35,35
T001115,P-F001,1,65,65
T001116,P-F016,1,110,110
T001117,P-L012,1,460,460
T001117,P-F003,1,35,35
T001117,P-H023,1,620,620
T001117,P-L005,1,180,180
T001117,P-P022,1,380,380
T001117,P-P029,1,320,320
T001118,P-F003,2,35,70
T001118,P-F016,2,110,220
T001119,P-H005,1,380,380
T001119,P-F006,1,320,320
T001119,P-F004,1,55,55
T001119,P-F014,2,95,190
T001119,P-P028,1,200,200
T001119,P-L021,1,90,90
T001120,P-L019,1,110,110
T001121,P-F014,1,95,95
T001122,P-F016,1,110,110
T001122,P-F001,1,65,65
T001123,P-F002,1,180,180
T001123,P-L021,1,90,90
T001123,P-F016,1,110,110
T001124,P-P017,1,260,260
T001124,P-P019,1,120,120
T001124,P-L021,1,90,90
T001125,P-P023,1,260,260
T001125,P-F016,1,110,110
T001125,P-L021,1,90,90
T001126,P-P028,1,200,200
T001126,P-F003,3,35,105
T001126,P-F001,1,65,65
T001127,P-F017,1,220,220
T001127,P-L019,3,110,330
T001128,P-L004,1,160,160
T001128,P-F014,1,95,95
T001128,P-F016,1,110,110
T001129,P-L024,1,420,420
T001129,P-F002,1,180,180
T001129,P-L018,1,130,130
T001130,P-F003,1,35,35
T001131,P-F003,1,35,35
T001131,P-F001,1,65,65
T001132,P-F014,2,95,190
T001133,P-F014,3,95,285
T001133,P-H016,1,390,390
T001133,P-P023,1,260,260
T001133,P-L003,3,150,450
T001133,P-F001,3,65,195
T001133,P-L019,2,110,220
T001134,P-H016,1,390,390
T001134,P-L005,1,180,180
T001134,P-F014,1,95,95
T001134,P-P002,1,380,380
T001134,P-F014,1,95,95
T001134,P-P001,1,260,260
T001135,P-F014,4,95,380
T001135,P-F003,1,35,35
T001136,P-F009,1,120,120
T001136,P-L003,1,150,150
T001136,P-P030,1,300,300
T001136,P-P001,1,260,260
T001136,P-F010,1,75,75
T001136,P-L021,1,90,90
T001136,P-L018,3,130,390
T001136,P-P017,1,260,260
T001137,P-L003,1,150,150
T001137,P-P007,1,290,290
T001137,P-G005,1,420,420
T001137,P-F002,1,180,180
T001137,P-L019,2,110,220
T001137,P-L021,1,90,90
T001138,P-L019,1,110,110
T001139,P-F016,1,110,110
T001140,P-F003,3,35,105
T001141,P-F014,2,95,190
T001141,P-F001,1,65,65
T001142,P-F016,1,110,110
T001143,P-F001,2,65,130
T001143,P-F003,1,35,35
T001144,P-F008,1,240,240
T001144,P-H006,1,1080,1080
T001144,P-F005,1,150,150
T001144,P-L022,1,160,160
T001144,P-P023,1,260,260
T001144,P-F020,1,190,190
T001145,P-P016,1,280,280
T001145,P-L018,1,130,130
T001145,P-F001,1,65,65
T001145,P-L012,1,460,460
T001145,P-F019,2,140,280
T001145,P-L004,1,160,160
T001146,P-L019,1,110,110
T001147,P-L021,2,90,180
T001148,P-L021,2,90,180
T001149,P-H025,1,480,480
T001149,P-L019,2,110,220
T001149,P-F014,1,95,95
T001150,P-F014,1,95,95
T001150,P-F001,1,65,65
T001151,P-L019,1,110,110
T001152,P-F005,1,150,150
T001152,P-F011,1,380,380
T001152,P-L007,1,320,320
T001152,P-H016,1,390,390
T001152,P-P026,1,280,280
T001153,P-F003,3,35,105
T001154,P-F003,3,35,105
T001155,P-F003,2,35,70
T001156,P-F001,1,65,65
T001156,P-F014,1,95,95
T001157,P-F003,1,35,35
T001157,P-F014,1,95,95
T001158,P-F003,1,35,35
T001158,P-F014,1,95,95
T001159,P-H002,1,420,420
T001159,P-F005,1,150,150
T001159,P-F004,1,55,55
T001159,P-P010,1,620,620
T001159,P-P025,1,480,480
T001159,P-F014,1,95,95
T001160,P-H006,1,1080,1080
T001160,P-H004,1,560,560
T001160,P-L005,2,180,360
T001160,P-L019,1,110,110
T001161,P-L019,1,110,110
T001161,P-P006,1,250,250
T001161,P-L021,1,90,90
T001161,P-F015,1,260,260
T001161,P-P015,1,220,220
T001161,P-F016,1,110,110
T001162,P-L004,1,160,160
T001162,P-P005,1,340,340
T001162,P-P004,1,420,420
T001162,P-G008,1,780,780
T001162,P-P029,1,320,320
T001162,P-L018,1,130,130
T001163,P-H016,1,390,390
T001163,P-P025,1,480,480
T001163,P-H023,1,620,620
T001163,P-F010,1,75,75
T001163,P-L005,3,180,540
T001163,P-P019,1,120,120
T001163,P-F016,1,110,110
T001164,P-L019,1,110,110
T001165,P-F003,1,35,35
T001165,P-L020,1,190,190
T001165,P-F014,1,95,95
T001165,P-F016,1,110,110
T001166,P-P018,1,580,580
T001166,P-P002,1,380,380
T001166,P-L021,2,90,180
T001167,P-F014,1,95,95
T001167,P-F001,1,65,65
T001168,P-L021,1,90,90
T001169,P-F003,2,35,70
T001169,P-L019,1,110,110
T001170,P-F003,1,35,35
T001170,P-L019,1,110,110
T001171,P-F003,2,35,70
T001171,P-F016,1,110,110
T001172,P-F003,3,35,105
T001172,P-L021,1,90,90
T001173,P-L014,2,180,360
T001173,P-P028,1,200,200
T001173,P-F015,1,260,260
T001173,P-F001,3,65,195
T001173,P-P029,1,320,320
T001173,P-L003,1,150,150
T001174,P-F007,1,90,90
T001174,P-H002,1,420,420
T001174,P-G002,1,480,480
T001174,P-L019,3,110,330
T001174,P-F006,1,320,320
T001174,P-L022,3,160,480
T001174,P-P021,1,240,240
T001174,P-F001,1,65,65
T001175,P-F001,3,65,195
T001175,P-P002,1,380,380
T001175,P-F016,3,110,330
T001175,P-F014,3,95,285
T001175,P-F003,3,35,105
T001175,P-P019,1,120,120
T001176,P-L003,2,150,300
T001176,P-L001,1,260,260
T001176,P-P001,1,260,260
T001176,P-P021,1,240,240
T001177,P-F009,1,120,120
T001177,P-H001,1,680,680
T001177,P-F011,1,380,380
T001177,P-L023,1,540,540
T001177,P-L020,1,190,190
T001177,P-F016,1,110,110
T001178,P-H012,1,480,480
T001178,P-L022,3,160,480
T001178,P-H007,1,520,520
T001179,P-L019,1,110,110
T001180,P-L021,1,90,90
T001180,P-F016,2,110,220
T001181,P-P019,3,120,360
T001181,P-F003,3,35,105
T001182,P-L021,2,90,180
T001182,P-F003,2,35,70
T001182,P-L019,1,110,110
T001183,P-G006,1,560,560
T001183,P-L014,1,180,180
T001183,P-F001,3,65,195
T001183,P-F014,1,95,95
T001184,P-P006,1,250,250
T001184,P-H020,1,720,720
T001184,P-F016,2,110,220
T001185,P-L019,1,110,110
T001186,P-F003,3,35,105
T001187,P-L019,1,110,110
T001188,P-F003,2,35,70
T001189,P-L021,2,90,180
T001190,P-F003,3,35,105
T001190,P-L021,1,90,90
T001191,P-F003,2,35,70
T001192,P-B004,1,599,599
T001192,P-B010,3,220,660
T001192,P-B009,1,240,240
T001193,P-L021,1,90,90
T001194,P-F003,2,35,70
T001194,P-F016,1,110,110
T001195,P-G009,1,460,460
T001195,P-P002,1,380,380
T001195,P-P022,1,380,380
T001195,P-P017,1,260,260
T001195,P-P015,1,220,220
T001195,P-F016,1,110,110
T001196,P-F016,1,110,110
T001197,P-F014,4,95,380
T001197,P-L021,1,90,90
T001198,P-L021,1,90,90
T001199,P-F001,1,65,65
T001199,P-L021,1,90,90
T001200,P-F016,1,110,110
T001200,P-F001,1,65,65
T001200,P-F014,1,95,95
T001201,P-H012,1,480,480
T001201,P-L004,2,160,320
T001201,P-F001,1,65,65
T001201,P-F016,1,110,110
T001201,P-H007,1,520,520
T001202,P-F005,1,150,150
T001202,P-F009,1,120,120
T001202,P-F006,1,320,320
T001202,P-P005,1,340,340
T001202,P-F012,2,130,260
T001202,P-G003,1,380,380
T001203,P-F003,2,35,70
T001203,P-F016,1,110,110
T001204,P-F016,1,110,110
T001205,P-F003,3,35,105
T001206,P-F001,1,65,65
T001206,P-F003,1,35,35
T001207,P-F003,2,35,70
T001208,P-L021,1,90,90
T001209,P-F008,1,240,240
T001209,P-H003,1,890,890
T001209,P-P027,1,220,220
T001209,P-L002,1,220,220
T001209,P-F020,1,190,190
T001210,P-F016,1,110,110
T001211,P-H012,1,480,480
T001211,P-L005,3,180,540
T001212,P-L021,2,90,180
T001212,P-L019,1,110,110
T001213,P-F014,1,95,95
T001214,P-F003,2,35,70
T001214,P-F016,1,110,110
T001215,P-F014,1,95,95
T001216,P-H012,1,480,480
T001216,P-L001,1,260,260
T001216,P-F016,1,110,110
T001216,P-F003,2,35,70
T001216,P-H007,1,520,520
T001217,P-L013,1,380,380
T001217,P-P008,1,460,460
T001217,P-P029,1,320,320
T001217,P-P019,1,120,120
T001218,P-F016,1,110,110
T001219,P-L017,1,620,620
T001219,P-P013,1,150,150
T001219,P-F019,1,140,140
T001219,P-F003,2,35,70
T001220,P-P004,1,420,420
T001220,P-L003,1,150,150
T001220,P-L019,1,110,110
T001220,P-L021,1,90,90
T001221,P-F014,2,95,190
T001222,P-F001,3,65,195
T001222,P-F003,3,35,105
T001223,P-F003,2,35,70
T001223,P-L021,1,90,90
T001224,P-F003,1,35,35
T001225,P-L019,1,110,110
T001226,P-F016,1,110,110
T001227,P-B004,1,599,599
T001227,P-B009,1,240,240
T001227,P-B010,2,220,440
T001228,P-F018,1,180,180
T001228,P-F001,1,65,65
T001228,P-F014,1,95,95
T001229,P-L019,1,110,110
T001230,P-H012,1,480,480
T001230,P-F014,1,95,95
T001230,P-L022,1,160,160
T001230,P-F003,2,35,70
T001231,P-H016,1,390,390
T001231,P-P029,1,320,320
T001231,P-P023,1,260,260
T001231,P-F001,3,65,195
T001232,P-L004,2,160,320
T001232,P-F020,1,190,190
T001232,P-P019,1,120,120
T001233,P-L003,1,150,150
T001233,P-F013,3,160,480
T001233,P-F003,2,35,70
T001234,P-F010,1,75,75
T001234,P-F007,1,90,90
T001234,P-H015,1,450,450
T001234,P-H009,1,780,780
T001234,P-L011,1,520,520
T001235,P-F001,1,65,65
T001235,P-L019,1,110,110
T001236,P-F012,1,130,130
T001236,P-F003,4,35,140
T001236,P-F001,1,65,65
T001237,P-H012,1,480,480
T001237,P-L020,1,190,190
T001237,P-F016,2,110,220
T001238,P-F014,1,95,95
T001239,P-F001,1,65,65
T001240,P-F003,2,35,70
T001241,P-F003,1,35,35
T001241,P-F014,1,95,95
T001242,P-F014,1,95,95
T001243,P-B004,1,599,599
T001243,P-B009,1,240,240
T001243,P-B010,1,220,220
T001243,P-B007,1,260,260
T001244,P-H012,1,480,480
T001244,P-L018,3,130,390
T001244,P-H007,1,520,520
T001245,P-H016,1,390,390
T001246,P-H006,1,1080,1080
T001246,P-F004,1,55,55
T001246,P-H001,1,680,680
T001246,P-P030,1,300,300
T001246,P-F012,1,130,130
T001246,P-F002,1,180,180
T001247,P-H012,1,480,480
T001247,P-L019,1,110,110
T001247,P-F016,2,110,220
T001247,P-F003,1,35,35
T001248,P-F004,1,55,55
T001248,P-F005,1,150,150
T001248,P-H002,1,420,420
T001248,P-F018,3,180,540
T001248,P-P027,1,220,220
T001248,P-P019,3,120,360
T001249,P-L005,3,180,540
T001249,P-F016,1,110,110
T001250,P-G006,1,560,560
T001250,P-F014,2,95,190
T001250,P-P028,1,200,200
T001250,P-L018,3,130,390
T001251,P-G008,1,780,780
T001251,P-L003,3,150,450
T001251,P-P012,1,180,180
T001252,P-L009,1,280,280
T001252,P-L010,1,240,240
T001252,P-L014,2,180,360
T001252,P-P016,1,280,280
T001253,P-F009,1,120,120
T001253,P-P001,1,260,260
T001253,P-L011,1,520,520
T001253,P-L005,3,180,540
T001254,P-P028,1,200,200
T001254,P-H015,1,450,450
T001254,P-L005,1,180,180
T001254,P-F012,2,130,260
T001254,P-F014,1,95,95
T001254,P-L021,1,90,90
T001255,P-F001,1,65,65
T001255,P-F014,1,95,95
T001256,P-F003,1,35,35
T001257,P-F014,1,95,95
T001258,P-F003,3,35,105
T001259,P-F003,1,35,35
T001259,P-F001,2,65,130
T001260,P-L004,1,160,160
T001260,P-F020,1,190,190
T001260,P-P024,1,540,540
T001261,P-F016,1,110,110
T001261,P-F001,1,65,65
T001262,P-F004,1,55,55
T001262,P-P008,1,460,460
T001262,P-L021,1,90,90
T001262,P-F003,3,35,105
T001263,P-F018,1,180,180
T001263,P-L019,2,110,220
T001264,P-H024,1,750,750
T001264,P-P028,1,200,200
T001264,P-L005,1,180,180
T001264,P-F001,1,65,65
T001265,P-P020,1,350,350
T001265,P-F002,1,180,180
T001265,P-F001,3,65,195
T001265,P-P007,1,290,290
T001265,P-P030,1,300,300
T001265,P-F016,1,110,110
T001266,P-H006,1,1080,1080
T001266,P-F009,1,120,120
T001266,P-F010,1,75,75
T001266,P-P028,1,200,200
T001266,P-H010,1,520,520
T001266,P-L022,1,160,160
T001267,P-P029,1,320,320
T001267,P-F014,1,95,95
T001267,P-P023,1,260,260
T001267,P-F015,1,260,260
T001267,P-G005,1,420,420
T001267,P-L020,1,190,190
T001268,P-F014,1,95,95
T001268,P-L021,1,90,90
T001269,P-F003,2,35,70
T001270,P-F001,1,65,65
T001270,P-F016,1,110,110
T001271,P-F003,2,35,70
T001272,P-F001,1,65,65
T001272,P-F003,2,35,70
T001273,P-F003,1,35,35
T001273,P-F014,1,95,95
T001274,P-H012,1,480,480
T001274,P-F014,1,95,95
T001274,P-L020,1,190,190
T001274,P-F001,1,65,65
T001274,P-H007,1,520,520
T001275,P-L003,2,150,300
T001275,P-P014,1,320,320
T001275,P-P013,2,150,300
T001275,P-L014,1,180,180
T001275,P-P028,1,200,200
T001275,P-F002,1,180,180
T001276,P-L021,1,90,90
T001276,P-F001,1,65,65
T001277,P-H012,1,480,480
T001277,P-F002,3,180,540
T001278,P-P028,1,200,200
T001278,P-P019,1,120,120
T001279,P-F003,1,35,35
T001279,P-F014,1,95,95
T001280,P-G003,1,380,380
T001280,P-L001,1,260,260
T001280,P-L002,1,220,220
T001280,P-F016,1,110,110
T001281,P-F003,1,35,35
T001281,P-F001,2,65,130
T001282,P-P021,1,240,240
T001282,P-F014,1,95,95
T001282,P-F016,1,110,110
T001283,P-P005,1,340,340
T001283,P-P006,1,250,250
T001283,P-L007,1,320,320
T001283,P-P002,1,380,380
T001283,P-P028,1,200,200
T001284,P-H002,1,420,420
T001284,P-H016,1,390,390
T001284,P-P007,1,290,290
T001284,P-L003,1,150,150
T001284,P-F006,1,320,320
T001284,P-P004,1,420,420
T001284,P-F013,1,160,160
T001284,P-L019,1,110,110
T001285,P-F014,1,95,95
T001286,P-L021,1,90,90
T001287,P-F016,1,110,110
T001288,P-F003,3,35,105
T001289,P-L021,1,90,90
T001289,P-F014,1,95,95
T001290,P-F003,2,35,70
T001290,P-L019,1,110,110
T001291,P-F003,3,35,105
T001292,P-F004,1,55,55
T001292,P-P030,1,300,300
T001292,P-L022,2,160,320
T001292,P-G007,1,620,620
T001292,P-F011,1,380,380
T001292,P-P006,1,250,250
T001292,P-H017,1,640,640
T001292,P-L002,1,220,220
T001293,P-H012,1,480,480
T001294,P-F016,1,110,110
T001294,P-F003,1,35,35
T001295,P-L019,1,110,110
T001296,P-P007,1,290,290
T001296,P-P013,2,150,300
T001296,P-L023,1,540,540
T001296,P-F020,1,190,190
T001296,P-F003,2,35,70
T001296,P-F014,1,95,95
T001297,P-F013,1,160,160
T001297,P-H025,1,480,480
T001297,P-L002,1,220,220
T001297,P-F001,1,65,65
T001298,P-L007,1,320,320
T001298,P-F013,3,160,480
T001298,P-F014,1,95,95
T001299,P-L013,1,380,380
T001299,P-L010,1,240,240
T001299,P-P007,1,290,290
T001299,P-F001,2,65,130
T001300,P-F001,1,65,65
T001300,P-F014,1,95,95
T001301,P-F001,2,65,130
T001302,P-F018,1,180,180
T001302,P-F016,1,110,110
T001303,P-F003,3,35,105
T001304,P-F001,2,65,130
T001305,P-L019,1,110,110
T001306,P-F003,1,35,35
T001306,P-L021,1,90,90
T001307,P-F003,2,35,70
T001307,P-L021,1,90,90
T001308,P-H003,1,890,890
T001308,P-F009,1,120,120
T001308,P-F007,1,90,90
T001308,P-P011,1,320,320
T001308,P-F019,1,140,140
T001308,P-F001,1,65,65
T001309,P-G005,1,420,420
T001309,P-P013,1,150,150
T001309,P-L019,1,110,110
T001309,P-P004,1,420,420
T001309,P-P016,1,280,280
T001309,P-F001,3,65,195
T001310,P-L020,1,190,190
T001310,P-F001,1,65,65
T001310,P-L021,1,90,90
T001311,P-H012,1,480,480
T001311,P-L003,3,150,450
T001312,P-F014,1,95,95
T001312,P-L021,1,90,90
T001313,P-F001,1,65,65
T001313,P-F016,1,110,110
T001314,P-F003,3,35,105
T001315,P-F003,3,35,105
T001316,P-F003,3,35,105
T001316,P-F001,1,65,65
T001317,P-F003,1,35,35
T001318,P-B010,1,220,220
T001318,P-B008,1,380,380
T001318,P-B009,1,240,240
T001319,P-H021,1,580,580
T001319,P-P015,1,220,220
T001319,P-P012,1,180,180
T001319,P-F016,1,110,110
T001320,P-L019,1,110,110
T001321,P-L002,1,220,220
T001321,P-L004,3,160,480
T001321,P-F003,1,35,35
T001321,P-P026,1,280,280
T001321,P-L007,1,320,320
T001322,P-L021,1,90,90
T001322,P-F014,1,95,95
T001323,P-F012,2,130,260
T001323,P-F001,1,65,65
T001324,P-P012,2,180,360
T001324,P-F003,2,35,70
T001325,P-F001,1,65,65
T001325,P-F014,1,95,95
T001326,P-F003,1,35,35
T001326,P-L021,1,90,90
T001327,P-F014,2,95,190
T001328,P-F003,1,35,35
T001328,P-F001,1,65,65
T001329,P-F003,1,35,35
T001330,P-L021,1,90,90
T001331,P-H012,1,480,480
T001331,P-F015,1,260,260
T001331,P-F016,2,110,220
T001331,P-H007,1,520,520
T001332,P-B004,1,599,599
T001332,P-B005,1,320,320
T001332,P-B006,1,280,280
T001332,P-B009,1,240,240
T001333,P-B006,1,280,280
T001333,P-B008,1,380,380
T001333,P-B009,1,240,240
T001334,P-F013,1,160,160
T001334,P-F014,2,95,190
T001335,P-F001,1,65,65
T001335,P-F016,1,110,110
T001335,P-F014,1,95,95
T001336,P-F016,-1,110,-110
T001337,P-F003,3,35,105
T001337,P-F001,1,65,65
T001338,P-F003,2,35,70
T001338,P-F014,1,95,95
T001339,P-F014,2,95,190
T001340,P-P003,1,780,780
T001340,P-F017,1,220,220
T001340,P-F016,3,110,330
T001340,P-F014,1,95,95
T001341,P-H006,1,1080,1080
T001341,P-F005,1,150,150
T001341,P-F016,1,110,110
T001341,P-L023,1,540,540
T001341,P-F020,1,190,190
T001342,P-F014,1,95,95
T001343,P-F010,1,75,75
T001343,P-F009,1,120,120
T001343,P-H002,1,420,420
T001343,P-P002,1,380,380
T001343,P-F017,1,220,220
T001343,P-P008,1,460,460
T001344,P-H013,1,850,850
T001344,P-L020,1,190,190
T001344,P-F003,4,35,140
T001344,P-P021,1,240,240
T001345,P-P012,2,180,360
T001345,P-L019,1,110,110
T001345,P-F001,1,65,65
T001345,P-G006,1,560,560
T001345,P-H024,1,750,750
T001346,P-H012,1,480,480
T001346,P-L010,1,240,240
T001346,P-F019,1,140,140
T001346,P-L021,1,90,90
T001347,P-P021,1,240,240
T001347,P-L021,1,90,90
T001347,P-F016,1,110,110
T001348,P-F008,1,240,240
T001348,P-P011,1,320,320
T001348,P-P010,1,620,620
T001348,P-P005,1,340,340
T001349,P-L004,-1,160,-160
T001350,P-F003,2,35,70
T001350,P-L021,1,90,90
T001351,P-L019,1,110,110
T001352,P-F016,-1,110,-110
T001353,P-P008,1,460,460
T001353,P-L005,1,180,180
T001353,P-L019,2,110,220
T001353,P-F007,1,90,90
T001353,P-P019,3,120,360
T001353,P-F017,1,220,220
T001353,P-L018,2,130,260
T001354,P-F014,1,95,95
T001355,P-L019,1,110,110
T001356,P-F001,2,65,130
T001357,P-F001,1,65,65
T001357,P-L019,1,110,110
T001358,P-F003,2,35,70
T001358,P-F016,1,110,110
T001359,P-F003,2,35,70
T001360,P-F014,1,95,95
T001360,P-L021,1,90,90
T001361,P-F008,1,240,240
T001361,P-F009,1,120,120
T001361,P-F010,1,75,75
T001361,P-P009,1,890,890
T001361,P-P027,1,220,220
T001361,P-F013,3,160,480
T001362,P-G009,1,460,460
T001362,P-P012,1,180,180
T001362,P-F012,3,130,390
T001363,P-F003,2,35,70
T001363,P-F016,1,110,110
T001364,P-L021,4,90,360
T001364,P-L019,1,110,110
T001365,P-H012,1,480,480
T001365,P-L019,1,110,110
T001365,P-L021,1,90,90
T001366,P-L019,1,110,110
T001366,P-F001,1,65,65
T001367,P-F003,1,35,35
T001367,P-F001,1,65,65
T001368,P-H025,1,480,480
T001368,P-H016,1,390,390
T001368,P-F001,1,65,65
T001368,P-F014,1,95,95
T001369,P-P013,-1,150,-150
T001370,P-F005,1,150,150
T001370,P-H005,1,380,380
T001370,P-F002,2,180,360
T001370,P-P015,1,220,220
T001370,P-L019,1,110,110
T001371,P-P019,2,120,240
T001371,P-P024,1,540,540
T001371,P-L001,1,260,260
T001371,P-F012,1,130,130
T001371,P-F001,1,65,65
T001372,P-P015,1,220,220
T001372,P-F014,3,95,285
T001372,P-F001,2,65,130
T001373,P-F016,1,110,110
T001374,P-L019,1,110,110
T001374,P-F013,2,160,320
T001374,P-L008,1,450,450
T001374,P-F002,1,180,180
T001374,P-F001,1,65,65
T001374,P-L020,1,190,190
T001375,P-P015,2,220,440
T001375,P-L004,1,160,160
T001375,P-L003,3,150,450
T001376,P-F003,3,35,105
T001376,P-L021,1,90,90
T001376,P-F014,1,95,95
T001377,P-L021,1,90,90
T001378,P-F003,3,35,105
T001379,P-F003,2,35,70
T001380,P-G006,1,560,560
T001380,P-P019,2,120,240
T001380,P-F020,1,190,190
T001380,P-F017,1,220,220
T001380,P-F019,1,140,140
T001381,P-L013,1,380,380
T001381,P-L002,1,220,220
T001381,P-P023,1,260,260
T001381,P-L021,1,90,90
T001382,P-H009,1,780,780
T001382,P-L019,2,110,220
T001382,P-F017,1,220,220
T001382,P-P026,1,280,280
T001382,P-P028,1,200,200
T001382,P-L004,1,160,160
T001383,P-P026,1,280,280
T001383,P-L024,1,420,420
T001383,P-F019,1,140,140
T001383,P-P001,1,260,260
T001383,P-P016,1,280,280
T001383,P-F016,1,110,110
T001384,P-G009,1,460,460
T001384,P-L006,1,680,680
T001384,P-L014,3,180,540
T001385,P-L010,1,240,240
T001385,P-F017,1,220,220
T001385,P-F016,1,110,110
T001385,P-L015,1,590,590
T001385,P-F003,3,35,105
T001385,P-F014,2,95,190
T001386,P-F012,1,130,130
T001386,P-F001,1,65,65
T001386,P-F016,1,110,110
T001387,P-F014,2,95,190
T001387,P-F001,1,65,65
T001388,P-H004,1,560,560
T001388,P-H005,1,380,380
T001388,P-F008,1,240,240
T001388,P-G008,1,780,780
T001388,P-P011,1,320,320
T001388,P-F013,2,160,320
T001389,P-L021,2,90,180
T001390,P-F016,1,110,110
T001390,P-F001,1,65,65
T001391,P-F019,1,140,140
T001391,P-P012,1,180,180
T001391,P-L019,1,110,110
T001392,P-F015,1,260,260
T001392,P-L014,3,180,540
T001393,P-F014,1,95,95
T001393,P-F003,1,35,35
T001394,P-F014,1,95,95
T001395,P-F001,1,65,65
T001395,P-F016,1,110,110
T001396,P-P019,2,120,240
T001396,P-L024,1,420,420
T001396,P-F003,1,35,35
T001396,P-F003,3,35,105
T001396,P-P012,1,180,180
T001396,P-F001,2,65,130
T001397,P-F014,2,95,190
T001398,P-F014,1,95,95
T001399,P-F003,1,35,35
T001399,P-L019,1,110,110
T001400,P-P016,1,280,280
T001400,P-L001,1,260,260
T001400,P-F012,2,130,260
T001400,P-F020,1,190,190
T001400,P-F016,1,110,110
T001401,P-F010,1,75,75
T001401,P-H003,1,890,890
T001401,P-F004,1,55,55
T001401,P-L020,1,190,190
T001401,P-P016,1,280,280
T001401,P-G002,1,480,480
T001402,P-F005,1,150,150
T001402,P-P024,1,540,540
T001402,P-L018,1,130,130
T001402,P-H010,1,520,520
T001402,P-F006,1,320,320
T001402,P-L021,1,90,90
T001402,P-P023,1,260,260
T001402,P-F015,1,260,260
T001403,P-P008,1,460,460
T001403,P-P024,1,540,540
T001403,P-P011,1,320,320
T001403,P-P012,2,180,360
T001403,P-F001,1,65,65
T001403,P-F003,1,35,35
T001404,P-P009,1,890,890
T001404,P-P013,3,150,450
T001404,P-F003,2,35,70
T001404,P-L019,3,110,330
T001404,P-F019,1,140,140
T001404,P-F001,1,65,65
T001405,P-L021,1,90,90
T001405,P-F001,1,65,65
T001406,P-P025,1,480,480
T001406,P-F003,3,35,105
T001406,P-H021,1,580,580
T001406,P-P023,1,260,260
T001406,P-L019,1,110,110
T001406,P-P012,1,180,180
T001407,P-G002,2,480,960
T001407,P-G003,1,380,380
T001408,P-F011,1,380,380
T001408,P-L024,1,420,420
T001408,P-P013,1,150,150
T001408,P-G002,1,480,480
T001409,P-G007,1,620,620
T001409,P-F014,4,95,380
T001409,P-F012,1,130,130
T001409,P-F016,1,110,110
T001410,P-G002,1,480,480
T001411,P-L021,1,90,90
T001411,P-F003,1,35,35
T001412,P-F016,1,110,110
T001413,P-H012,1,480,480
T001414,P-L003,1,150,150
T001414,P-P019,2,120,240
T001414,P-L012,1,460,460
T001415,P-H012,1,480,480
T001415,P-L019,2,110,220
T001416,P-F003,2,35,70
T001416,P-L021,1,90,90
T001417,P-F016,1,110,110
T001418,P-F003,1,35,35
T001419,P-F003,2,35,70
T001419,P-F001,1,65,65
T001420,P-P016,1,280,280
T001420,P-F016,3,110,330
T001421,P-F015,1,260,260
T001421,P-L019,1,110,110
T001421,P-F001,1,65,65
T001421,P-P009,1,890,890
T001421,P-P029,1,320,320
T001421,P-F001,2,65,130
T001422,P-F016,1,110,110
T001422,P-F001,1,65,65
T001423,P-H012,1,480,480
T001423,P-L002,1,220,220
T001423,P-F003,2,35,70
T001423,P-F014,1,95,95
T001424,P-F003,2,35,70
T001424,P-F001,2,65,130
T001424,P-F016,1,110,110
T001425,P-F007,1,90,90
T001425,P-H001,1,680,680
T001425,P-F011,1,380,380
T001425,P-L014,2,180,360
T001425,P-P028,1,200,200
T001425,P-F014,1,95,95
T001426,P-F016,1,110,110
T001427,P-F003,2,35,70
T001427,P-F016,1,110,110
T001428,P-L014,1,180,180
T001428,P-P019,1,120,120
T001428,P-F003,2,35,70
T001429,P-P015,1,220,220
T001429,P-L021,1,90,90
T001429,P-L019,1,110,110
T001430,P-F006,1,320,320
T001430,P-F008,1,240,240
T001430,P-P016,1,280,280
T001430,P-P017,1,260,260
T001430,P-F016,1,110,110
T001431,P-F010,1,75,75
T001431,P-F008,1,240,240
T001431,P-F006,1,320,320
T001431,P-P020,1,350,350
T001431,P-L021,3,90,270
T001431,P-P016,1,280,280
T001432,P-F003,3,35,105
T001433,P-L006,1,680,680
T001433,P-F014,1,95,95
T001433,P-P013,2,150,300
T001434,P-L024,1,420,420
T001434,P-P017,1,260,260
T001434,P-L019,1,110,110
T001435,P-L021,2,90,180
T001436,P-F001,2,65,130
T001437,P-L021,1,90,90
T001438,P-F005,1,150,150
T001438,P-H004,1,560,560
T001438,P-F016,2,110,220
T001438,P-P030,1,300,300
T001438,P-F001,2,65,130
T001439,P-H017,1,640,640
T001439,P-P023,1,260,260
T001439,P-L005,1,180,180
T001439,P-P013,3,150,450
T001439,P-G005,1,420,420
T001439,P-L017,1,620,620
T001440,P-F014,1,95,95
T001441,P-L021,1,90,90
T001441,P-F001,1,65,65
T001442,P-L019,1,110,110
T001443,P-F014,1,95,95
T001444,P-L019,1,110,110
T001444,P-F001,1,65,65
T001445,P-F003,3,35,105
T001446,P-F003,1,35,35
T001446,P-F014,1,95,95
T001447,P-F003,3,35,105
T001448,P-F008,1,240,240
T001448,P-F010,1,75,75
T001448,P-F008,1,240,240
T001448,P-L007,1,320,320
T001448,P-P011,1,320,320
T001448,P-L019,1,110,110
T001449,P-F016,1,110,110
T001449,P-F003,2,35,70
T001449,P-F014,1,95,95
T001450,P-F003,3,35,105
T001450,P-F001,3,65,195
T001451,P-L018,1,130,130
T001451,P-L019,2,110,220
T001452,P-F013,1,160,160
T001452,P-F014,1,95,95
T001452,P-F016,1,110,110
T001452,P-F003,1,35,35
T001453,P-L003,1,150,150
T001453,P-L014,1,180,180
T001453,P-L021,1,90,90
T001453,P-F001,1,65,65
T001454,P-F016,1,110,110
T001455,P-F014,1,95,95
T001456,P-F003,2,35,70
T001456,P-F014,1,95,95
T001457,P-F008,1,240,240
T001457,P-H004,1,560,560
T001457,P-P016,1,280,280
T001457,P-F014,2,95,190
T001457,P-L019,1,110,110
T001458,P-F003,1,35,35
T001458,P-F014,1,95,95
T001459,P-F003,2,35,70
T001460,P-H006,1,1080,1080
T001460,P-F013,3,160,480
T001460,P-F018,2,180,360
T001460,P-F001,1,65,65
T001460,P-H005,1,380,380
T001460,P-P022,1,380,380
T001460,P-L020,1,190,190
T001460,P-L014,1,180,180
T001461,P-B006,1,280,280
T001461,P-B004,1,599,599
T001461,P-B010,1,220,220
T001462,P-F005,1,150,150
T001462,P-F008,1,240,240
T001462,P-F007,1,90,90
T001462,P-L002,1,220,220
T001462,P-L013,1,380,380
T001462,P-L014,1,180,180
T001463,P-P007,1,290,290
T001463,P-P008,1,460,460
T001463,P-P023,1,260,260
T001463,P-H021,1,580,580
T001463,P-L019,2,110,220
T001463,P-P013,1,150,150
T001464,P-H012,1,480,480
T001464,P-F014,3,95,285
T001464,P-F001,2,65,130
T001464,P-H007,1,520,520
T001465,P-H012,1,480,480
T001465,P-F002,2,180,360
T001465,P-F014,1,95,95
T001465,P-F016,1,110,110
T001466,P-F007,1,90,90
T001466,P-F008,1,240,240
T001466,P-F004,1,55,55
T001466,P-H021,1,580,580
T001466,P-L014,3,180,540
T001466,P-P019,2,120,240
T001467,P-L005,2,180,360
T001467,P-L008,1,450,450
T001467,P-P001,1,260,260
T001467,P-L021,1,90,90
T001468,P-F004,1,55,55
T001468,P-H005,1,380,380
T001468,P-P030,1,300,300
T001468,P-F002,2,180,360
T001468,P-H010,1,520,520
T001469,P-F007,1,90,90
T001469,P-H006,1,1080,1080
T001469,P-F010,1,75,75
T001469,P-P027,1,220,220
T001469,P-P009,1,890,890
T001469,P-L007,1,320,320
T001470,P-L019,1,110,110
T001471,P-F019,1,140,140
T001471,P-F001,2,65,130
T001472,P-H009,1,780,780
T001472,P-P001,1,260,260
T001472,P-P006,1,250,250
T001472,P-P019,1,120,120
T001473,P-H006,1,1080,1080
T001473,P-L006,1,680,680
T001473,P-L022,1,160,160
T001473,P-F019,3,140,420
T001474,P-F001,1,65,65
T001474,P-F014,1,95,95
T001475,P-L007,1,320,320
T001475,P-P026,1,280,280
T001475,P-F019,1,140,140
T001475,P-F003,2,35,70
T001476,P-F001,1,65,65
T001476,P-L019,1,110,110
T001477,P-L021,1,90,90
T001477,P-F014,1,95,95
T001478,P-G007,1,620,620
T001478,P-F018,1,180,180
T001478,P-L018,1,130,130
T001479,P-H001,1,680,680
T001479,P-F010,1,75,75
T001479,P-P014,1,320,320
T001479,P-P023,1,260,260
T001479,P-F013,2,160,320
T001480,P-F003,2,35,70
T001480,P-L019,1,110,110
T001481,P-F001,1,65,65
T001481,P-F003,1,35,35
T001481,P-L021,1,90,90
T001482,P-P012,2,180,360
T001482,P-P014,1,320,320
T001482,P-F020,1,190,190
T001483,P-P014,1,320,320
T001483,P-F019,3,140,420
T001484,P-F020,1,190,190
T001484,P-P019,1,120,120
T001484,P-F001,2,65,130
T001485,P-F014,1,95,95
T001485,P-L021,3,90,270
T001486,P-F010,1,75,75
T001486,P-F004,1,55,55
T001486,P-H003,1,890,890
T001486,P-P010,1,620,620
T001486,P-P021,1,240,240
T001486,P-F002,1,180,180
T001487,P-L012,1,460,460
T001487,P-L019,1,110,110
T001487,P-L021,1,90,90
T001487,P-G007,1,620,620
T001487,P-P019,2,120,240
T001487,P-F001,2,65,130
T001488,P-L019,1,110,110
T001488,P-F016,1,110,110
T001489,P-P026,1,280,280
T001489,P-H020,1,720,720
T001489,P-L021,1,90,90
T001489,P-F014,1,95,95
T001489,P-F003,1,35,35
T001489,P-L019,1,110,110
T001490,P-F014,1,95,95
T001490,P-F001,1,65,65
T001491,P-F003,1,35,35
T001491,P-F016,1,110,110
T001492,P-F003,1,35,35
T001492,P-F003,3,35,105
T001493,P-F005,1,150,150
T001493,P-F002,3,180,540
T001493,P-L003,1,150,150
T001493,P-F016,1,110,110
T001494,P-B007,3,260,780
T001494,P-B009,1,240,240
T001495,P-L021,1,90,90
T001495,P-F001,1,65,65
T001496,P-L015,1,590,590
T001496,P-P029,1,320,320
T001496,P-P027,1,220,220
T001496,P-P023,1,260,260
T001496,P-L021,2,90,180
T001497,P-F012,1,130,130
T001497,P-L019,1,110,110
T001498,P-F016,1,110,110
T001498,P-F003,2,35,70
T001499,P-P021,1,240,240
T001499,P-P029,1,320,320
T001499,P-P011,1,320,320
T001499,P-F016,3,110,330
T001499,P-P019,1,120,120
T001500,P-P010,1,620,620
T001500,P-F002,1,180,180
T001500,P-P022,1,380,380
T001501,P-F003,1,35,35
T001501,P-L019,1,110,110
T001502,P-H003,1,890,890
T001502,P-F007,1,90,90
T001502,P-H015,1,450,450
T001502,P-F014,3,95,285
T001502,P-L017,1,620,620
T001503,P-F004,1,55,55
T001503,P-F008,1,240,240
T001503,P-F007,1,90,90
T001503,P-L005,3,180,540
T001503,P-P012,1,180,180
T001503,P-F019,1,140,140
T001504,P-F003,2,35,70
T001504,P-L020,1,190,190
T001504,P-F014,1,95,95
T001504,P-F003,3,35,105
T001504,P-P023,1,260,260
T001504,P-L020,1,190,190
T001505,P-L022,1,160,160
T001505,P-L021,1,90,90
T001506,P-P012,1,180,180
T001506,P-P019,1,120,120
T001507,P-F006,1,320,320
T001507,P-P010,1,620,620
T001507,P-P012,1,180,180
T001507,P-P022,1,380,380
T001507,P-H003,1,890,890
T001507,P-F019,2,140,280
T001507,P-H024,1,750,750
T001507,P-G005,1,420,420
T001508,P-F009,1,120,120
T001508,P-F008,1,240,240
T001508,P-H009,1,780,780
T001508,P-L020,1,190,190
T001508,P-P021,1,240,240
T001509,P-G009,1,460,460
T001509,P-P013,3,150,450
T001509,P-F014,1,95,95
T001510,P-L011,1,520,520
T001510,P-L013,1,380,380
T001510,P-P017,1,260,260
T001511,P-F014,1,95,95
T001511,P-L021,1,90,90
T001512,P-F020,1,190,190
T001512,P-F014,1,95,95
T001512,P-L021,1,90,90
T001513,P-L021,1,90,90
T001514,P-L018,1,130,130
T001514,P-F016,1,110,110
T001515,P-P018,1,580,580
T001515,P-L017,1,620,620
T001515,P-L022,3,160,480
T001516,P-H005,1,380,380
T001516,P-F005,1,150,150
T001516,P-G008,1,780,780
T001516,P-L005,1,180,180
T001516,P-P013,1,150,150
T001517,P-F003,1,35,35
T001517,P-L021,1,90,90
T001518,P-F003,1,35,35
T001518,P-F003,3,35,105
T001519,P-F003,1,35,35
T001520,P-H003,1,890,890
T001520,P-H002,1,420,420
T001520,P-G009,1,460,460
T001520,P-P016,1,280,280
T001520,P-L024,1,420,420
T001521,P-F006,1,320,320
T001521,P-F006,1,320,320
T001521,P-P004,1,420,420
T001521,P-L022,1,160,160
T001521,P-P007,1,290,290
T001522,P-F010,1,75,75
T001522,P-F009,1,120,120
T001522,P-P024,1,540,540
T001522,P-L020,1,190,190
T001522,P-P017,1,260,260
T001523,P-P013,1,150,150
T001523,P-F014,1,95,95
T001523,P-F001,1,65,65
T001524,P-L019,3,110,330
T001524,P-F003,3,35,105
T001525,P-F016,1,110,110
T001525,P-F012,3,130,390
T001525,P-F001,3,65,195
T001526,P-F005,1,150,150
T001526,P-H004,1,560,560
T001526,P-P023,1,260,260
T001526,P-P017,1,260,260
T001526,P-P011,1,320,320
T001527,P-F003,1,35,35
T001527,P-L019,1,110,110
T001528,P-H012,1,480,480
T001528,P-F013,2,160,320
T001528,P-L019,1,110,110
T001529,P-B004,1,599,599
T001529,P-B006,1,280,280
T001529,P-B008,1,380,380
T001529,P-B009,1,240,240
T001530,P-F011,1,380,380
T001530,P-F008,1,240,240
T001530,P-H003,1,890,890
T001530,P-P015,1,220,220
T001530,P-P011,1,320,320
T001530,P-G009,1,460,460
T001531,P-H016,1,390,390
T001532,P-H005,1,380,380
T001532,P-F009,1,120,120
T001532,P-H024,1,750,750
T001532,P-L022,3,160,480
T001532,P-P014,1,320,320
T001533,P-H005,1,380,380
T001533,P-F008,1,240,240
T001533,P-G009,1,460,460
T001533,P-H020,1,720,720
T001533,P-P002,1,380,380
T001534,P-F002,1,180,180
T001534,P-F014,2,95,190
T001535,P-P013,2,150,300
T001535,P-H025,1,480,480
T001535,P-P006,1,250,250
T001535,P-F016,2,110,220
T001536,P-F009,1,120,120
T001536,P-H003,1,890,890
T001536,P-H006,1,1080,1080
T001536,P-P028,1,200,200
T001536,P-H021,1,580,580
T001536,P-P005,1,340,340
T001537,P-L021,1,90,90
T001537,P-F003,1,35,35
T001538,P-L023,1,540,540
T001538,P-F018,1,180,180
T001538,P-F017,1,220,220
T001538,P-P013,2,150,300
T001539,P-F014,1,95,95
T001540,P-L019,1,110,110
T001541,P-F001,1,65,65
T001541,P-F003,1,35,35
T001542,P-F008,1,240,240
T001542,P-H005,1,380,380
T001542,P-P005,1,340,340
T001542,P-G002,1,480,480
T001542,P-P029,1,320,320
T001543,P-H004,1,560,560
T001543,P-H001,1,680,680
T001543,P-H011,1,960,960
T001543,P-H015,1,450,450
T001543,P-L002,1,220,220
T001544,P-F006,1,320,320
T001544,P-F011,1,380,380
T001544,P-L010,1,240,240
T001544,P-L001,1,260,260
T001544,P-L002,1,220,220
T001545,P-F016,1,110,110
T001545,P-F001,2,65,130
T001545,P-F003,1,35,35
T001546,P-H015,1,450,450
T001546,P-P020,1,350,350
T001546,P-L009,1,280,280
T001546,P-F018,3,180,540
T001546,P-P028,1,200,200
T001546,P-L022,3,160,480
T001547,P-L017,1,620,620
T001547,P-P006,1,250,250
T001547,P-F014,1,95,95
T001547,P-H015,1,450,450
T001547,P-P030,1,300,300
T001547,P-L007,1,320,320
T001548,P-P020,1,350,350
T001548,P-F001,2,65,130
T001548,P-F014,1,95,95
T001549,P-L011,-1,520,-520
T001550,P-F003,2,35,70
T001550,P-F014,2,95,190
T001550,P-L019,1,110,110
T001551,P-F014,1,95,95
T001552,P-H012,1,480,480
T001552,P-L003,1,150,150
T001552,P-F014,2,95,190
T001552,P-F016,1,110,110
T001552,P-H007,1,520,520
T001553,P-F005,1,150,150
T001553,P-F005,1,150,150
T001553,P-F007,1,90,90
T001553,P-P007,1,290,290
T001553,P-P013,2,150,300
T001553,P-P023,1,260,260
T001554,P-L019,1,110,110
T001555,P-F003,3,35,105
T001556,P-B004,1,599,599
T001556,P-B007,2,260,520
T001556,P-B009,1,240,240
T001557,P-P016,1,280,280
T001557,P-L007,1,320,320
T001557,P-F003,3,35,105
T001557,P-P028,1,200,200
T001557,P-L012,1,460,460
T001557,P-L007,1,320,320
T001558,P-G006,1,560,560
T001558,P-P028,1,200,200
T001558,P-F014,1,95,95
T001558,P-F020,1,190,190
T001558,P-P007,1,290,290
T001558,P-P004,1,420,420
T001559,P-F003,1,35,35
T001559,P-F018,1,180,180
T001559,P-F016,1,110,110
T001560,P-F003,2,35,70
T001560,P-L019,1,110,110
T001561,P-L018,2,130,260
T001561,P-F001,1,65,65
T001562,P-L009,1,280,280
T001562,P-L003,1,150,150
T001562,P-F003,3,35,105
T001563,P-F017,1,220,220
T001563,P-P019,1,120,120
T001563,P-L019,1,110,110
T001564,P-F016,1,110,110
T001565,P-F003,3,35,105
T001565,P-L021,1,90,90
T001566,P-L004,4,160,640
T001566,P-L007,1,320,320
T001566,P-F020,1,190,190
T001566,P-F001,1,65,65
T001567,P-G002,2,480,960
T001567,P-G004,1,320,320
T001568,P-H012,1,480,480
T001568,P-L004,1,160,160
T001568,P-L019,1,110,110
T001569,P-H002,1,420,420
T001569,P-H003,1,890,890
T001569,P-F006,1,320,320
T001569,P-L024,1,420,420
T001569,P-L003,1,150,150
T001569,P-F016,1,110,110
T001570,P-F016,1,110,110
T001571,P-F014,1,95,95
T001572,P-F007,1,90,90
T001572,P-F004,1,55,55
T001572,P-F004,1,55,55
T001572,P-P017,1,260,260
T001572,P-H009,1,780,780
T001572,P-L022,2,160,320
T001573,P-F003,1,35,35
T001573,P-F001,1,65,65
T001573,P-L021,1,90,90
T001574,P-L019,1,110,110
T001575,P-F011,1,380,380
T001575,P-F009,1,120,120
T001575,P-G006,1,560,560
T001575,P-P021,1,240,240
T001575,P-F018,2,180,360
T001576,P-P001,1,260,260
T001576,P-H023,1,620,620
T001576,P-P012,3,180,540
T001576,P-P026,1,280,280
T001576,P-F020,1,190,190
T001576,P-L001,1,260,260
T001577,P-F001,1,65,65
T001577,P-P005,1,340,340
T001577,P-F003,2,35,70
T001577,P-F016,1,110,110
T001578,P-P024,-1,540,-540
T001579,P-H012,1,480,480
T001579,P-F018,3,180,540
T001579,P-H007,1,520,520
T001580,P-F001,3,65,195
T001580,P-F014,1,95,95
T001581,P-L014,1,180,180
T001581,P-F001,1,65,65
T001581,P-L021,1,90,90
T001581,P-L019,1,110,110
T001582,P-P019,3,120,360
T001582,P-P028,1,200,200
T001582,P-L014,1,180,180
T001582,P-F003,2,35,70
T001583,P-F019,2,140,280
T001583,P-F016,1,110,110
T001584,P-F015,1,260,260
T001584,P-G004,1,320,320
T001584,P-L013,1,380,380
T001585,P-G002,2,480,960
T001585,P-G003,1,380,380
T001586,P-H001,1,680,680
T001586,P-F011,1,380,380
T001586,P-L018,1,130,130
T001586,P-F020,1,190,190
T001586,P-P015,1,220,220
T001587,P-F012,2,130,260
T001587,P-L008,1,450,450
T001587,P-F002,3,180,540
T001588,P-L021,1,90,90
T001588,P-F003,1,35,35
T001588,P-F001,1,65,65
T001589,P-F001,1,65,65
T001589,P-L021,1,90,90
T001590,P-L019,1,110,110
T001591,P-F003,2,35,70
T001592,P-L019,1,110,110
T001592,P-F003,1,35,35
T001593,P-L001,1,260,260
T001593,P-F014,2,95,190
T001593,P-P027,1,220,220
T001593,P-L002,1,220,220
T001593,P-P019,2,120,240
T001593,P-L004,1,160,160
T001594,P-B004,1,599,599
T001594,P-B008,1,380,380
T001594,P-B009,1,240,240
T001594,P-B010,1,220,220
T001595,P-L019,2,110,220
T001595,P-L021,1,90,90
T001596,P-H004,1,560,560
T001596,P-F005,1,150,150
T001596,P-F005,1,150,150
T001596,P-P006,1,250,250
T001596,P-F001,4,65,260
T001597,P-P013,2,150,300
T001597,P-L018,1,130,130
T001597,P-F003,1,35,35
T001597,P-L021,1,90,90
T001598,P-F005,1,150,150
T001598,P-F011,1,380,380
T001598,P-F008,1,240,240
T001598,P-L024,1,420,420
T001598,P-G002,1,480,480
T001598,P-H015,1,450,450
T001599,P-F001,2,65,130
T001600,P-L010,1,240,240
T001600,P-F001,2,65,130
T001600,P-L019,1,110,110
T001601,P-F003,3,35,105
T001601,P-L021,1,90,90
T001602,P-F003,2,35,70
T001603,P-G004,1,320,320
T001603,P-F014,3,95,285
T001603,P-L005,2,180,360
T001603,P-L022,1,160,160
T001603,P-L019,1,110,110
T001604,P-L019,2,110,220
T001604,P-L018,2,130,260
T001604,P-F018,3,180,540
T001604,P-F001,2,65,130
T001604,P-F003,1,35,35
T001605,P-P009,1,890,890
T001605,P-L003,2,150,300
T001605,P-P011,1,320,320
T001605,P-L023,1,540,540
T001605,P-L022,2,160,320
T001605,P-L021,3,90,270
T001606,P-P015,1,220,220
T001606,P-P007,1,290,290
T001606,P-F001,1,65,65
T001606,P-F002,3,180,540
T001607,P-L024,1,420,420
T001607,P-P014,1,320,320
T001607,P-P019,3,120,360
T001607,P-F014,1,95,95
T001608,P-P008,1,460,460
T001608,P-L018,3,130,390
T001608,P-P016,1,280,280
T001608,P-P010,1,620,620
T001608,P-L008,1,450,450
T001608,P-L020,1,190,190
T001609,P-L015,1,590,590
T001609,P-P015,1,220,220
T001609,P-F014,1,95,95
T001609,P-P024,1,540,540
T001609,P-F001,4,65,260
T001609,P-P013,1,150,150
T001610,P-H012,1,480,480
T001610,P-F012,3,130,390
T001611,P-L018,1,130,130
T001611,P-L021,1,90,90
T001611,P-L019,1,110,110
T001612,P-F005,1,150,150
T001612,P-F011,1,380,380
T001612,P-H015,1,450,450
T001612,P-F016,1,110,110
T001612,P-F014,1,95,95
T001613,P-F001,1,65,65
T001613,P-L019,1,110,110
T001614,P-F014,1,95,95
T001614,P-F001,1,65,65
T001615,P-L003,1,150,150
T001615,P-F003,3,35,105
T001615,P-L021,1,90,90
T001616,P-F004,1,55,55
T001616,P-F004,1,55,55
T001616,P-F005,1,150,150
T001616,P-G007,1,620,620
T001616,P-P005,1,340,340
T001616,P-L020,1,190,190
T001617,P-L021,4,90,360
T001617,P-F003,4,35,140
T001618,P-F012,1,130,130
T001618,P-F019,1,140,140
T001618,P-F014,1,95,95
T001619,P-F003,3,35,105
T001619,P-F014,2,95,190
T001620,P-P010,1,620,620
T001620,P-F012,3,130,390
T001621,P-P001,1,260,260
T001621,P-F002,3,180,540
T001621,P-L005,1,180,180
T001622,P-G002,1,480,480
T001622,P-G004,2,320,640
T001623,P-L020,1,190,190
T001623,P-G003,1,380,380
T001623,P-P028,1,200,200
T001623,P-P022,1,380,380
T001623,P-L012,1,460,460
T001623,P-L001,1,260,260
T001624,P-H001,1,680,680
T001624,P-P005,1,340,340
T001624,P-L022,1,160,160
T001624,P-F001,1,65,65
T001624,P-F004,1,55,55
T001624,P-P013,1,150,150
T001624,P-F015,1,260,260
T001624,P-F014,3,95,285
T001625,P-F003,1,35,35
T001625,P-L019,1,110,110
T001626,P-F001,1,65,65
T001626,P-F003,1,35,35
T001627,P-H025,1,480,480
T001627,P-G003,1,380,380
T001627,P-F001,3,65,195
T001627,P-F003,1,35,35
T001628,P-F003,3,35,105
T001628,P-P022,1,380,380
T001628,P-G003,1,380,380
T001628,P-P004,1,420,420
T001628,P-P022,1,380,380
T001628,P-L020,1,190,190
T001629,P-H012,1,480,480
T001629,P-F017,1,220,220
T001629,P-L022,1,160,160
T001629,P-L019,1,110,110
T001630,P-L018,3,130,390
T001630,P-F001,2,65,130
T001630,P-L019,1,110,110
T001631,P-F003,3,35,105
T001632,P-P017,1,260,260
T001632,P-F014,3,95,285
T001633,P-L021,1,90,90
T001634,P-H012,1,480,480
T001634,P-L018,2,130,260
T001634,P-L021,1,90,90
T001634,P-F001,1,65,65
T001635,P-F001,3,65,195
T001635,P-L019,1,110,110
T001636,P-L005,1,180,180
T001636,P-F003,4,35,140
T001637,P-P012,1,180,180
T001637,P-F003,3,35,105
T001637,P-F016,2,110,220
T001638,P-L014,1,180,180
T001638,P-F014,1,95,95
T001638,P-L019,1,110,110
T001639,P-H001,1,680,680
T001639,P-F008,1,240,240
T001639,P-L011,1,520,520
T001639,P-G002,1,480,480
T001639,P-P001,1,260,260
T001640,P-F007,1,90,90
T001640,P-H001,1,680,680
T001640,P-P014,1,320,320
T001640,P-F013,1,160,160
T001640,P-L019,1,110,110
T001641,P-L015,1,590,590
T001641,P-L021,3,90,270
T001641,P-P013,1,150,150
T001642,P-F016,1,110,110
T001642,P-F001,1,65,65
T001643,P-F003,3,35,105
T001644,P-F003,1,35,35
T001644,P-F016,1,110,110
T001645,P-F003,2,35,70
T001646,P-B004,1,599,599
T001646,P-B004,1,599,599
T001646,P-B006,1,280,280
T001646,P-B007,1,260,260
T001647,P-B008,2,380,760
T001647,P-B007,3,260,780
T001648,P-B007,1,260,260
T001648,P-B006,1,280,280
T001648,P-B009,1,240,240
T001649,P-H006,1,1080,1080
T001649,P-H003,1,890,890
T001649,P-P021,1,240,240
T001649,P-F013,1,160,160
T001649,P-F001,1,65,65
T001650,P-H004,1,560,560
T001650,P-H005,1,380,380
T001650,P-F005,1,150,150
T001650,P-F012,3,130,390
T001650,P-H003,1,890,890
T001650,P-G008,1,780,780
T001650,P-P023,1,260,260
T001650,P-L009,1,280,280
T001651,P-P026,1,280,280
T001651,P-F001,2,65,130
T001651,P-P029,1,320,320
T001651,P-F017,1,220,220
T001651,P-F012,1,130,130
T001651,P-F016,1,110,110
T001652,P-L002,1,220,220
T001652,P-F016,1,110,110
T001652,P-L019,1,110,110
T001653,P-L020,1,190,190
T001653,P-F019,1,140,140
T001653,P-F016,1,110,110
T001654,P-L001,1,260,260
T001654,P-F013,1,160,160
T001654,P-L020,1,190,190
T001654,P-L021,3,90,270
T001654,P-P002,1,380,380
T001654,P-F019,1,140,140
T001655,P-F003,2,35,70
T001655,P-L021,1,90,90
T001656,P-P020,1,350,350
T001656,P-L022,1,160,160
T001656,P-P023,1,260,260
T001657,P-P014,1,320,320
T001657,P-P015,1,220,220
T001657,P-P011,1,320,320
T001657,P-P006,1,250,250
T001657,P-H010,1,520,520
T001657,P-P002,1,380,380
T001658,P-F001,3,65,195
T001659,P-F014,2,95,190
T001659,P-G002,1,480,480
T001659,P-P015,1,220,220
T001659,P-L019,1,110,110
T001660,P-H012,1,480,480
T001660,P-L003,1,150,150
T001660,P-L021,2,90,180
T001661,P-H006,1,1080,1080
T001661,P-F006,1,320,320
T001661,P-H003,1,890,890
T001661,P-P014,1,320,320
T001661,P-F012,2,130,260
T001661,P-F016,1,110,110
T001662,P-F003,2,35,70
T001662,P-L021,1,90,90
T001663,P-L019,-1,110,-110
T001664,P-F001,4,65,260
T001664,P-F012,1,130,130
T001665,P-H016,1,390,390
T001665,P-F001,1,65,65
T001665,P-F013,1,160,160
T001665,P-P028,1,200,200
T001665,P-L020,1,190,190
T001665,P-P025,1,480,480
T001666,P-F001,1,65,65
T001666,P-F014,1,95,95
T001667,P-F016,1,110,110
T001668,P-G007,1,620,620
T001668,P-L010,1,240,240
T001668,P-L012,1,460,460
T001668,P-F017,1,220,220
T001669,P-P016,1,280,280
T001669,P-P029,1,320,320
T001669,P-F019,3,140,420
T001669,P-F016,1,110,110
T001670,P-L019,1,110,110
T001671,P-F014,1,95,95
T001672,P-L005,1,180,180
T001672,P-L003,1,150,150
T001672,P-L019,1,110,110
T001673,P-F001,3,65,195
T001673,P-F003,3,35,105
T001673,P-F016,1,110,110
T001674,P-F016,1,110,110
T001675,P-F003,3,35,105
T001675,P-L021,1,90,90
T001676,P-F003,1,35,35
T001676,P-L021,1,90,90
T001677,P-F003,2,35,70
T001677,P-L019,1,110,110
T001678,P-F016,1,110,110
T001679,P-F001,1,65,65
T001679,P-F014,1,95,95
T001680,P-G007,1,620,620
T001680,P-F020,1,190,190
T001680,P-F003,4,35,140
T001681,P-P017,1,260,260
T001681,P-L018,1,130,130
T001681,P-L021,1,90,90
T001681,P-F017,1,220,220
T001681,P-G003,1,380,380
T001681,P-L021,1,90,90
T001682,P-G009,1,460,460
T001682,P-P007,1,290,290
T001682,P-P012,1,180,180
T001682,P-P019,2,120,240
T001683,P-L009,1,280,280
T001683,P-P016,1,280,280
T001683,P-F003,3,35,105
T001683,P-P026,1,280,280
T001683,P-F001,1,65,65
T001683,P-F016,3,110,330
T001684,P-F003,3,35,105
T001685,P-F003,1,35,35
T001685,P-L019,1,110,110
T001686,P-H012,1,480,480
T001686,P-L014,1,180,180
T001686,P-F002,1,180,180
T001686,P-F003,2,35,70
T001687,P-F007,1,94,94
T001687,P-H006,1,1166,1166
T001687,P-L024,1,420,420
T001687,P-H016,1,390,390
T001687,P-P013,1,150,150
T001688,P-P001,1,260,260
T001688,P-L007,2,320,640
T001688,P-F013,3,160,480
T001689,P-P004,1,420,420
T001689,P-P025,1,480,480
T001689,P-P023,1,260,260
T001689,P-L018,2,130,260
T001690,P-F016,1,110,110
T001690,P-F001,1,65,65
T001691,P-F016,1,110,110
T001692,P-F014,1,95,95
T001692,P-L021,1,90,90
T001693,P-F003,1,35,35
T001694,P-P016,1,280,280
T001694,P-P015,1,220,220
T001694,P-P020,1,350,350
T001694,P-P019,3,120,360
T001695,P-F016,1,110,110
T001696,P-F007,1,94,94
T001696,P-L003,1,150,150
T001696,P-L022,3,160,480
T001696,P-L018,1,130,130
T001696,P-H005,1,410,410
T001696,P-P026,1,280,280
T001696,P-L014,1,180,180
T001696,P-G003,1,380,380
T001697,P-F017,1,220,220
T001697,P-P006,1,250,250
T001697,P-F019,1,140,140
T001697,P-G005,1,420,420
T001697,P-F018,1,180,180
T001697,P-F014,1,95,95
T001698,P-L014,1,180,180
T001698,P-L021,1,90,90
T001699,P-H017,1,640,640
T001699,P-L011,1,520,520
T001699,P-P030,1,300,300
T001699,P-P014,1,320,320
T001699,P-F014,2,95,190
T001699,P-L021,1,90,90
T001700,P-L021,2,90,180
T001701,P-F016,1,110,110
T001702,P-G005,1,420,420
T001702,P-P001,1,260,260
T001702,P-P013,1,150,150
T001702,P-P019,1,120,120
T001703,P-L019,1,110,110
T001704,P-H012,1,480,480
T001704,P-L018,1,130,130
T001704,P-F018,1,180,180
T001704,P-L019,1,110,110
T001705,P-L022,1,160,160
T001705,P-F001,2,65,130
T001706,P-P024,1,540,540
T001706,P-H010,1,520,520
T001706,P-P013,1,150,150
T001706,P-P019,1,120,120
T001707,P-P006,1,250,250
T001707,P-H015,1,450,450
T001707,P-P013,2,150,300
T001708,P-G003,1,380,380
T001708,P-P030,1,300,300
T001708,P-P015,1,220,220
T001708,P-P019,2,120,240
T001709,P-F004,1,58,58
T001709,P-F005,1,158,158
T001709,P-P019,3,120,360
T001709,P-F001,3,65,195
T001709,P-H006,1,1166,1166
T001709,P-L015,1,590,590
T001709,P-P014,1,320,320
T001709,P-L012,1,460,460
T001710,P-H020,1,720,720
T001710,P-L012,1,460,460
T001710,P-P012,1,180,180
T001710,P-F012,1,130,130
T001710,P-F015,1,260,260
T001710,P-L014,1,180,180
T001711,P-F008,1,252,252
T001711,P-L010,1,240,240
T001711,P-F020,1,190,190
T001711,P-F018,1,180,180
T001712,P-F003,2,35,70
T001712,P-F014,1,95,95
T001713,P-F003,1,35,35
T001714,P-F003,2,35,70
T001714,P-F016,1,110,110
T001715,P-F003,3,35,105
T001715,P-L021,1,90,90
T001716,P-L019,1,110,110
T001717,P-H006,1,1166,1166
T001717,P-F006,1,336,336
T001717,P-L013,1,380,380
T001717,P-G007,1,620,620
T001717,P-P015,1,220,220
T001718,P-H016,1,390,390
T001719,P-P023,1,260,260
T001719,P-P020,1,350,350
T001719,P-P001,1,260,260
T001719,P-P013,1,150,150
T001720,P-P011,1,320,320
T001720,P-P014,1,320,320
T001720,P-F016,1,110,110
T001720,P-L006,1,680,680
T001720,P-P028,1,200,200
T001720,P-L009,1,280,280
T001721,P-F018,1,180,180
T001721,P-L021,3,90,270
T001721,P-F014,1,95,95
T001722,P-P021,1,240,240
T001722,P-F014,1,95,95
T001722,P-L019,1,110,110
T001723,P-P020,1,350,350
T001723,P-F016,3,110,330
T001723,P-G001,1,880,880
T001723,P-P021,1,240,240
T001723,P-F018,3,180,540
T001724,P-P019,3,120,360
T001724,P-G004,1,320,320
T001724,P-F003,2,35,70
T001725,P-F003,2,35,70
T001726,P-H003,1,961,961
T001726,P-H006,1,1166,1166
T001726,P-P028,1,200,200
T001726,P-L014,1,180,180
T001726,P-P016,1,280,280
T001727,P-B007,1,260,260
T001727,P-B001,1,780,780
T001727,P-B005,1,320,320
T001728,P-H024,1,750,750
T001728,P-P023,1,260,260
T001728,P-P019,1,120,120
T001729,P-F003,3,35,105
T001729,P-F013,1,160,160
T001729,P-L005,3,180,540
T001729,P-G009,1,460,460
T001729,P-G006,1,560,560
T001729,P-P021,1,240,240
T001730,P-L021,1,90,90
T001731,P-F016,1,110,110
T001732,P-F015,1,260,260
T001732,P-L019,2,110,220
T001732,P-F003,3,35,105
T001733,P-F003,1,35,35
T001733,P-F016,1,110,110
T001734,P-L021,1,90,90
T001734,P-F016,1,110,110
T001734,P-L019,1,110,110
T001735,P-P024,1,540,540
T001735,P-P013,3,150,450
T001736,P-F003,2,35,70
T001737,P-H012,1,480,480
T001737,P-L004,2,160,320
T001737,P-L021,1,90,90
T001737,P-F001,1,65,65
T001738,P-L010,1,240,240
T001738,P-P021,1,240,240
T001738,P-F016,1,110,110
T001739,P-L020,1,190,190
T001739,P-F003,3,35,105
T001739,P-F014,1,95,95
T001739,P-L019,1,110,110
T001740,P-L005,1,180,180
T001740,P-H022,1,690,690
T001740,P-F002,3,180,540
T001740,P-F018,2,180,360
T001740,P-L002,1,220,220
T001740,P-L005,1,180,180
T001741,P-F001,1,65,65
T001741,P-F003,1,35,35
T001742,P-F001,1,65,65
T001742,P-F003,1,35,35
T001743,P-P016,1,280,280
T001743,P-P002,1,380,380
T001743,P-P012,1,180,180
T001743,P-P019,2,120,240
T001744,P-F008,1,252,252
T001744,P-H002,1,454,454
T001744,P-H004,1,605,605
T001744,P-F015,1,260,260
T001744,P-P006,1,250,250
T001744,P-P010,1,620,620
T001745,P-F019,1,140,140
T001745,P-F016,1,110,110
T001746,P-L003,3,150,450
T001746,P-F016,1,110,110
T001746,P-G009,1,460,460
T001746,P-G005,1,420,420
T001746,P-L005,1,180,180
T001747,P-F003,2,35,70
T001747,P-F014,1,95,95
T001748,P-F001,1,65,65
T001748,P-F014,1,95,95
T001749,P-F005,1,158,158
T001749,P-F008,1,252,252
T001749,P-F005,1,158,158
T001749,P-P005,1,340,340
T001749,P-P022,1,380,380
T001749,P-G004,1,320,320
T001750,P-G002,1,480,480
T001750,P-F015,1,260,260
T001750,P-L003,1,150,150
T001750,P-L019,1,110,110
T001751,P-F003,2,35,70
T001752,P-F001,1,65,65
T001752,P-F003,1,35,35
T001752,P-F014,1,95,95
T001753,P-F003,1,35,35
T001754,P-F003,2,35,70
T001755,P-F016,1,110,110
T001756,P-P019,2,120,240
T001756,P-P026,1,280,280
T001756,P-P017,1,260,260
T001756,P-P028,1,200,200
T001757,P-P006,1,250,250
T001757,P-F014,1,95,95
T001757,P-L019,1,110,110
T001758,P-F001,2,65,130
T001759,P-P026,1,280,280
T001759,P-P012,1,180,180
T001759,P-L008,1,450,450
T001759,P-P015,1,220,220
T001759,P-F001,2,65,130
T001759,P-L019,1,110,110
T001760,P-P027,1,220,220
T001760,P-L010,1,240,240
T001760,P-P001,1,260,260
T001760,P-L001,1,260,260
T001760,P-F012,3,130,390
T001761,P-P013,1,150,150
T001762,P-P021,1,240,240
T001762,P-F003,2,35,70
T001762,P-L019,1,110,110
T001763,P-P024,1,540,540
T001763,P-P018,1,580,580
T001763,P-P027,1,220,220
T001763,P-P013,1,150,150
T001764,P-F013,3,160,480
T001764,P-F001,1,65,65
T001765,P-H006,1,1166,1166
T001765,P-F006,1,336,336
T001765,P-H006,1,1166,1166
T001765,P-P010,1,620,620
T001765,P-F013,2,160,320
T001765,P-P001,1,260,260
T001766,P-F005,1,158,158
T001766,P-G003,1,380,380
T001766,P-P012,1,180,180
T001766,P-F001,3,65,195
T001767,P-H012,1,480,480
T001767,P-F019,2,140,280
T001767,P-F003,2,35,70
T001767,P-F001,1,65,65
T001768,P-H012,1,480,480
T001768,P-F014,2,95,190
T001768,P-F020,1,190,190
T001768,P-L018,1,130,130
T001769,P-L016,1,880,880
T001769,P-L004,3,160,480
T001769,P-F014,1,95,95
T001770,P-F003,2,35,70
T001771,P-F003,2,35,70
T001772,P-F003,1,35,35
T001773,P-G004,1,320,320
T001773,P-P015,1,220,220
T001773,P-P028,1,200,200
T001773,P-P019,1,120,120
T001774,P-P010,1,620,620
T001774,P-P022,1,380,380
T001774,P-P021,1,240,240
T001774,P-P012,1,180,180
T001775,P-L008,1,450,450
T001775,P-P005,1,340,340
T001775,P-F020,1,190,190
T001775,P-P006,1,250,250
T001775,P-F019,1,140,140
T001775,P-F014,1,95,95
T001776,P-F016,2,110,220
T001776,P-L020,1,190,190
T001776,P-F001,1,65,65
T001776,P-L011,1,520,520
T001776,P-L015,1,590,590
T001776,P-P021,1,240,240
T001777,P-G010,1,1080,1080
T001777,P-P002,1,380,380
T001777,P-P015,1,220,220
T001777,P-F018,1,180,180
T001777,P-G005,1,420,420
T001777,P-F001,2,65,130
T001778,P-F014,2,95,190
T001778,P-F016,1,110,110
T001779,P-G006,1,560,560
T001779,P-F012,1,130,130
T001779,P-L001,1,260,260
T001779,P-F001,1,65,65
T001779,P-L021,1,90,90
T001780,P-F003,1,35,35
T001780,P-F014,1,95,95
T001781,P-F003,3,35,105
T001782,P-F003,1,35,35
T001782,P-F016,1,110,110
T001783,P-P028,1,200,200
T001783,P-G007,1,620,620
T001783,P-L018,3,130,390
T001783,P-L019,1,110,110
T001784,P-P019,3,120,360
T001784,P-L018,1,130,130
T001784,P-L021,1,90,90
T001785,P-L001,1,260,260
T001785,P-P015,1,220,220
T001785,P-F019,1,140,140
T001785,P-L019,1,110,110
T001786,P-F001,1,65,65
T001786,P-F014,1,95,95
T001787,P-P014,1,320,320
T001787,P-P004,1,420,420
T001787,P-P011,1,320,320
T001787,P-P019,3,120,360
T001788,P-P015,1,220,220
T001788,P-L001,1,260,260
T001788,P-F016,1,110,110
T001788,P-F001,1,65,65
T001789,P-P027,1,220,220
T001789,P-P016,1,280,280
T001789,P-P006,1,250,250
T001789,P-P012,1,180,180
T001789,P-P019,1,120,120
T001790,P-G009,1,460,460
T001790,P-P007,1,290,290
T001790,P-L018,1,130,130
T001790,P-F016,1,110,110
T001791,P-L001,1,260,260
T001791,P-P012,2,180,360
T001791,P-L022,3,160,480
T001791,P-H005,1,410,410
T001791,P-P005,1,340,340
T001791,P-P027,1,220,220
T001791,P-L001,1,260,260
T001792,P-P020,2,350,700
T001792,P-H015,1,450,450
T001792,P-P019,2,120,240
T001793,P-F003,3,35,105
T001794,P-F001,1,65,65
T001794,P-F016,1,110,110
T001795,P-F003,2,35,70
T001795,P-L019,1,110,110
T001796,P-F003,1,35,35
T001796,P-F014,1,95,95
T001797,P-G007,1,620,620
T001797,P-P006,1,250,250
T001797,P-P019,2,120,240
T001798,P-F012,2,130,260
T001798,P-L021,1,90,90
T001799,P-P026,1,280,280
T001799,P-L008,1,450,450
T001799,P-P010,1,620,620
T001799,P-F016,3,110,330
T001799,P-G003,1,380,380
T001799,P-P015,1,220,220
T001800,P-F006,1,336,336
T001800,P-F006,1,336,336
T001800,P-F004,1,58,58
T001800,P-L015,1,590,590
T001800,P-P026,1,280,280
T001800,P-P003,1,780,780
T001801,P-P028,1,200,200
T001801,P-P019,1,120,120
T001802,P-F006,1,336,336
T001802,P-H001,1,734,734
T001802,P-G009,1,460,460
T001802,P-P015,1,220,220
T001802,P-H017,1,640,640
T001803,P-H005,1,410,410
T001803,P-H001,1,734,734
T001803,P-H003,1,961,961
T001803,P-P006,1,250,250
T001803,P-F012,3,130,390
T001803,P-P029,1,320,320
T001804,P-G007,1,620,620
T001804,P-L002,1,220,220
T001804,P-F013,1,160,160
T001805,P-L003,1,150,150
T001805,P-F002,2,180,360
T001805,P-L005,2,180,360
T001805,P-F019,1,140,140
T001806,P-H012,1,480,480
T001806,P-L018,3,130,390
T001806,P-H007,1,520,520
T001807,P-F001,2,65,130
T001807,P-L014,1,180,180
T001807,P-F003,1,35,35
T001807,P-F014,1,95,95
T001808,P-P019,3,120,360
T001808,P-L019,1,110,110
T001809,P-H010,1,520,520
T001809,P-L009,1,280,280
T001809,P-L005,2,180,360
T001809,P-F016,2,110,220
T001810,P-F011,1,399,399
T001810,P-F009,1,126,126
T001810,P-H015,1,450,450
T001810,P-L008,1,450,450
T001810,P-P021,1,240,240
T001811,P-P015,1,220,220
T001811,P-L019,3,110,330
T001812,P-F003,2,35,70
T001813,P-L019,1,110,110
T001814,P-F016,1,110,110
T001814,P-F003,1,35,35
T001815,P-F003,1,35,35
T001815,P-F016,1,110,110
T001816,P-P024,1,540,540
T001816,P-P021,1,240,240
T001816,P-P022,1,380,380
T001817,P-H012,1,480,480
T001817,P-F018,1,180,180
T001817,P-F001,3,65,195
T001817,P-H007,1,520,520
T001818,P-B004,1,599,599
T001818,P-B009,1,240,240
T001818,P-B006,1,280,280
T001818,P-B010,1,220,220
T001819,P-F004,1,58,58
T001819,P-L003,2,150,300
T001819,P-P025,1,480,480
T001819,P-L005,1,180,180
T001819,P-F008,1,252,252
T001819,P-F018,3,180,540
T001819,P-L008,1,450,450
T001819,P-L002,1,220,220
T001820,P-H016,1,390,390
T001821,P-P019,1,120,120
T001821,P-H021,1,580,580
T001821,P-P012,2,180,360
T001821,P-P013,1,150,150
T001822,P-H013,1,850,850
T001822,P-P004,1,420,420
T001822,P-P027,1,220,220
T001823,P-P007,1,290,290
T001823,P-P012,2,180,360
T001823,P-P013,3,150,450
T001823,P-L014,2,180,360
T001823,P-P001,1,260,260
T001823,P-P013,1,150,150
T001824,P-F015,1,260,260
T001824,P-P016,1,280,280
T001824,P-P023,1,260,260
T001824,P-F016,1,110,110
T001825,P-L021,2,90,180
T001825,P-F016,1,110,110
T001825,P-F014,1,95,95
T001826,P-L019,3,110,330
T001826,P-L009,1,280,280
T001826,P-H016,1,390,390
T001826,P-L003,1,150,150
T001827,P-F015,1,260,260
T001827,P-L008,1,450,450
T001827,P-F003,2,35,70
T001827,P-L003,1,150,150
T001828,P-H002,1,454,454
T001828,P-F008,1,252,252
T001828,P-H001,1,734,734
T001828,P-L012,1,460,460
T001828,P-P002,1,380,380
T001828,P-L014,3,180,540
T001829,P-B004,1,599,599
T001829,P-B006,1,280,280
T001830,P-L002,1,220,220
T001830,P-L020,1,190,190
T001830,P-G006,1,560,560
T001830,P-L024,1,420,420
T001830,P-L011,1,520,520
T001830,P-L003,1,150,150
T001831,P-P012,2,180,360
T001831,P-P027,1,220,220
T001831,P-P023,1,260,260
T001831,P-L019,1,110,110
T001832,P-F005,1,158,158
T001832,P-L005,1,180,180
T001832,P-H017,1,640,640
T001832,P-F019,2,140,280
T001833,P-F009,1,126,126
T001833,P-F009,1,126,126
T001833,P-F007,1,94,94
T001833,P-L005,3,180,540
T001833,P-F001,3,65,195
T001833,P-P030,1,300,300
T001834,P-L022,3,160,480
T001834,P-F014,1,95,95
T001835,P-P002,1,380,380
T001835,P-P026,1,280,280
T001835,P-P020,1,350,350
T001835,P-P027,1,220,220
T001835,P-P019,1,120,120
T001836,P-G005,1,420,420
T001836,P-F003,4,35,140
T001836,P-F013,1,160,160
T001837,P-G002,2,480,960
T001837,P-G003,1,380,380
T001838,P-H012,1,480,480
T001838,P-F018,1,180,180
T001838,P-F001,2,65,130
T001838,P-F003,2,35,70
T001839,P-H012,1,480,480
T001839,P-L003,2,150,300
T001839,P-F003,1,35,35
T001839,P-F014,1,95,95
T001840,P-F015,-1,260,-260
T001841,P-F003,1,35,35
T001842,P-F003,3,35,105
T001842,P-L021,1,90,90
T001843,P-L018,3,130,390
T001843,P-P002,1,380,380
T001843,P-F019,1,140,140
T001843,P-F003,2,35,70
T001844,P-F004,1,58,58
T001844,P-H002,1,454,454
T001844,P-F005,1,158,158
T001844,P-F015,1,260,260
T001844,P-L005,3,180,540
T001844,P-P013,1,150,150
T001845,P-B005,1,320,320
T001845,P-B008,1,380,380
T001845,P-B009,1,240,240
T001846,P-G007,1,620,620
T001846,P-P026,1,280,280
T001846,P-P021,1,240,240
T001846,P-P019,1,120,120
T001847,P-H016,1,390,390
T001848,P-F001,3,65,195
T001848,P-L003,2,150,300
T001848,P-F016,1,110,110
T001848,P-P011,1,320,320
T001848,P-F003,1,35,35
T001848,P-P029,1,320,320
T001849,P-G003,1,380,380
T001849,P-P012,1,180,180
T001849,P-P022,1,380,380
T001849,P-P016,1,280,280
T001849,P-P019,1,120,120
T001850,P-P001,1,260,260
T001850,P-P017,1,260,260
T001850,P-F017,1,220,220
T001850,P-P019,1,120,120
T001851,P-F018,1,180,180
T001851,P-F014,1,95,95
T001851,P-L021,1,90,90
T001852,P-H025,1,480,480
T001852,P-P017,1,260,260
T001852,P-P028,1,200,200
T001852,P-P019,1,120,120
T001853,P-L018,2,130,260
T001853,P-L021,1,90,90
T001854,P-F003,1,35,35
T001854,P-L021,1,90,90
T001855,P-L006,1,680,680
T001855,P-F013,1,160,160
T001855,P-F018,1,180,180
T001855,P-H001,1,734,734
T001855,P-L017,1,620,620
T001855,P-L007,1,320,320
T001855,P-P011,1,320,320
T001856,P-F003,2,35,70
T001857,P-F014,1,95,95
T001857,P-F003,1,35,35
T001858,P-L021,1,90,90
T001859,P-B004,1,599,599
T001859,P-B008,1,380,380
T001859,P-B009,1,240,240
T001859,P-B007,1,260,260
T001860,P-F006,1,336,336
T001860,P-F005,1,158,158
T001860,P-F017,1,220,220
T001860,P-L021,2,90,180
T001860,P-L007,1,320,320
T001861,P-L009,1,280,280
T001861,P-L010,1,240,240
T001861,P-L018,2,130,260
T001861,P-F001,1,65,65
T001861,P-L002,1,220,220
T001861,P-P013,1,150,150
T001862,P-H012,1,480,480
T001862,P-L001,1,260,260
T001862,P-F001,3,65,195
T001863,P-H012,1,480,480
T001863,P-F015,1,260,260
T001863,P-L018,1,130,130
T001863,P-F003,3,35,105
T001863,P-H007,1,520,520
T001864,P-L021,1,90,90
T001864,P-F003,1,35,35
T001864,P-F001,1,65,65
T001865,P-P011,1,320,320
T001865,P-G002,1,480,480
T001865,P-P019,4,120,480
T001866,P-G003,1,380,380
T001866,P-P012,1,180,180
T001866,P-L021,1,90,90
T001867,P-L015,1,590,590
T001867,P-P008,1,460,460
T001867,P-L004,3,160,480
T001868,P-L018,1,130,130
T001868,P-F001,3,65,195
T001868,P-F014,1,95,95
T001869,P-L009,1,280,280
T001869,P-F003,1,35,35
T001869,P-L019,1,110,110
T001870,P-F008,1,252,252
T001870,P-F009,1,126,126
T001870,P-H001,1,734,734
T001870,P-P003,1,780,780
T001870,P-P019,2,120,240
T001870,P-P017,1,260,260
T001871,P-F003,2,35,70
T001871,P-L019,1,110,110
T001872,P-H003,1,961,961
T001872,P-F009,1,126,126
T001872,P-F005,1,158,158
T001872,P-L017,1,620,620
T001872,P-P008,1,460,460
T001872,P-L022,1,160,160
T001873,P-H012,1,480,480
T001873,P-L022,1,160,160
T001873,P-F012,1,130,130
T001873,P-F001,1,65,65
T001874,P-P013,1,150,150
T001874,P-P019,1,120,120
T001875,P-L020,1,190,190
T001875,P-L007,1,320,320
T001875,P-L012,1,460,460
T001875,P-L014,1,180,180
T001875,P-F013,1,160,160
T001876,P-G003,1,380,380
T001876,P-L003,2,150,300
T001876,P-P018,1,580,580
T001876,P-L025,1,1180,1180
T001876,P-L020,1,190,190
T001876,P-H016,1,390,390
T001877,P-H012,1,480,480
T001877,P-F019,1,140,140
T001877,P-L003,1,150,150
T001877,P-L019,1,110,110
T001877,P-H007,1,520,520
T001878,P-G002,1,480,480
T001878,P-G004,2,320,640
T001879,P-G004,1,320,320
T001879,P-P025,1,480,480
T001879,P-P013,1,150,150
T001879,P-P019,2,120,240
T001880,P-P019,1,120,120
T001880,P-P014,1,320,320
T001880,P-G003,1,380,380
T001880,P-P023,1,260,260
T001880,P-P001,1,260,260
T001880,P-P027,1,220,220
T001881,P-L019,1,110,110
T001882,P-G008,1,780,780
T001882,P-P004,1,420,420
T001882,P-L021,2,90,180
T001882,P-F003,4,35,140
T001883,P-F001,1,65,65
T001883,P-L021,1,90,90
T001884,P-F003,1,35,35
T001884,P-F016,1,110,110
T001885,P-F008,1,252,252
T001885,P-H003,1,961,961
T001885,P-F006,1,336,336
T001885,P-L013,1,380,380
T001885,P-P011,1,320,320
T001885,P-P012,2,180,360
T001886,P-L018,3,130,390
T001886,P-P027,1,220,220
T001886,P-G007,1,620,620
T001886,P-H015,1,450,450
T001886,P-L001,1,260,260
T001886,P-G005,1,420,420
T001887,P-P021,1,240,240
T001887,P-G009,1,460,460
T001887,P-P030,1,300,300
T001887,P-P019,1,120,120
T001888,P-P004,1,420,420
T001888,P-F018,1,180,180
T001888,P-P015,1,220,220
T001888,P-F013,3,160,480
T001889,P-F006,1,336,336
T001889,P-L014,1,180,180
T001889,P-F001,3,65,195
T001889,P-H016,1,390,390
T001889,P-F006,1,336,336
T001889,P-P027,1,220,220
T001889,P-L022,1,160,160
T001889,P-L019,1,110,110
T001890,P-G006,1,560,560
T001890,P-L015,1,590,590
T001890,P-P017,1,260,260
T001890,P-P012,2,180,360
T001890,P-P021,1,240,240
T001890,P-L004,1,160,160
T001891,P-H012,1,480,480
T001891,P-F002,3,180,540
T001892,P-L002,1,220,220
T001892,P-F019,1,140,140
T001892,P-F014,1,95,95
T001893,P-L019,2,110,220
T001893,P-F001,2,65,130
T001893,P-F003,1,35,35
T001894,P-F003,4,35,140
T001894,P-F001,2,65,130
T001894,P-L019,1,110,110
T001895,P-G002,1,480,480
T001895,P-L004,2,160,320
T001895,P-F002,3,180,540
T001895,P-L022,1,160,160
T001896,P-H002,1,454,454
T001896,P-H001,1,734,734
T001896,P-L019,3,110,330
T001896,P-L021,1,90,90
T001896,P-F003,1,35,35
T001897,P-H002,1,454,454
T001897,P-P015,1,220,220
T001897,P-P021,1,240,240
T001897,P-F020,1,190,190
T001898,P-P023,1,260,260
T001898,P-P012,1,180,180
T001898,P-P005,1,340,340
T001898,P-L018,2,130,260
T001899,P-F003,1,35,35
T001900,P-F003,1,35,35
T001900,P-L019,1,110,110
T001901,P-F014,1,95,95
T001901,P-F001,1,65,65
T001902,P-F003,2,35,70
T001902,P-F014,1,95,95
T001903,P-B004,1,599,599
T001903,P-B005,2,320,640
T001903,P-B008,1,380,380
T001904,P-B009,3,240,720
T001904,P-B005,1,320,320
T001905,P-H006,1,1166,1166
T001905,P-H005,1,410,410
T001905,P-H001,1,734,734
T001905,P-L014,2,180,360
T001905,P-F012,2,130,260
T001905,P-P029,1,320,320
T001906,P-L005,1,180,180
T001906,P-F014,1,95,95
T001906,P-L019,1,110,110
T001907,P-F003,2,35,70
T001907,P-L021,1,90,90
T001908,P-P005,1,340,340
T001908,P-L021,1,90,90
T001908,P-P029,1,320,320
T001909,P-H006,1,1166,1166
T001909,P-H013,1,850,850
T001909,P-P017,1,260,260
T001909,P-L002,1,220,220
T001909,P-F004,1,58,58
T001909,P-P013,1,150,150
T001909,P-L002,1,220,220
T001909,P-F014,1,95,95
T001910,P-B004,1,599,599
T001910,P-B006,1,280,280
T001910,P-B007,1,260,260
T001910,P-B010,1,220,220
T001911,P-L021,2,90,180
T001911,P-F002,3,180,540
T001911,P-F020,1,190,190
T001911,P-F018,3,180,540
T001911,P-F014,1,95,95
T001912,P-H012,1,480,480
T001912,P-L004,3,160,480
T001913,P-H012,1,480,480
T001913,P-L004,1,160,160
T001913,P-F001,2,65,130
T001913,P-F016,1,110,110
T001913,P-H007,1,520,520
T001914,P-F003,3,35,105
T001914,P-F016,1,110,110
T001915,P-P021,1,240,240
T001915,P-F019,1,140,140
T001915,P-F016,1,110,110
T001915,P-H023,1,620,620
T001915,P-L018,3,130,390
T001915,P-F014,1,95,95
T001916,P-H012,1,480,480
T001916,P-L019,1,110,110
T001916,P-L018,1,130,130
T001916,P-F001,1,65,65
T001917,P-F008,1,252,252
T001917,P-H004,1,605,605
T001917,P-F006,1,336,336
T001917,P-P026,1,280,280
T001917,P-L021,1,90,90
T001917,P-F019,3,140,420
T001918,P-F016,1,110,110
T001919,P-F003,2,35,70
T001919,P-F001,1,65,65
T001920,P-F003,2,35,70
T001920,P-L014,1,180,180
T001920,P-F016,1,110,110
T001921,P-F014,2,95,190
T001921,P-F001,2,65,130
T001922,P-P030,1,300,300
T001922,P-H016,1,390,390
T001922,P-P019,1,120,120
T001922,P-P013,1,150,150
T001923,P-F014,2,95,190
T001924,P-F003,1,35,35
T001924,P-F014,1,95,95
T001925,P-P023,1,260,260
T001925,P-F013,1,160,160
T001925,P-F001,2,65,130
T001925,P-G002,1,480,480
T001925,P-P019,3,120,360
T001925,P-P001,1,260,260
T001926,P-F003,2,35,70
T001926,P-F014,2,95,190
T001926,P-F001,1,65,65
T001927,P-F009,1,126,126
T001927,P-H006,1,1166,1166
T001927,P-L019,1,110,110
T001927,P-L003,2,150,300
T001927,P-P012,1,180,180
T001928,P-P024,1,540,540
T001928,P-P013,2,150,300
T001928,P-P012,1,180,180
T001929,P-G004,1,320,320
T001929,P-F019,3,140,420
T001930,P-H012,-1,480,-480
T001931,P-F003,2,35,70
T001931,P-L021,1,90,90
T001932,P-H001,1,734,734
T001932,P-P028,1,200,200
T001932,P-H015,1,450,450
T001932,P-L003,1,150,150
T001933,P-F009,1,126,126
T001933,P-F006,1,336,336
T001933,P-G003,1,380,380
T001933,P-P016,1,280,280
T001933,P-L021,3,90,270
T001934,P-P004,1,420,420
T001934,P-P022,1,380,380
T001934,P-P013,2,150,300
T001934,P-P015,1,220,220
T001935,P-H023,1,620,620
T001935,P-P029,1,320,320
T001935,P-F018,1,180,180
T001935,P-F016,1,110,110
T001936,P-P028,1,200,200
T001936,P-F012,1,130,130
T001936,P-F001,2,65,130
T001937,P-F003,2,35,70
T001937,P-L019,1,110,110
T001938,P-F014,1,95,95
T001938,P-F001,1,65,65
T001939,P-L002,1,220,220
T001939,P-L019,1,110,110
T001939,P-L021,1,90,90
T001940,P-P029,1,320,320
T001940,P-P011,1,320,320
T001940,P-P023,1,260,260
T001940,P-P012,1,180,180
T001940,P-P019,1,120,120
T001941,P-P010,1,620,620
T001941,P-P028,1,200,200
T001941,P-P019,3,120,360
T001942,P-P019,2,120,240
T001943,P-H016,1,390,390
T001944,P-F014,2,95,190
T001944,P-P023,1,260,260
T001944,P-P007,1,290,290
T001944,P-P013,1,150,150
T001944,P-F001,1,65,65
T001945,P-F006,1,336,336
T001945,P-F005,1,158,158
T001945,P-H001,1,734,734
T001945,P-P011,1,320,320
T001945,P-F013,2,160,320
T001945,P-L021,1,90,90
T001946,P-L024,1,420,420
T001946,P-P028,1,200,200
T001946,P-L002,1,220,220
T001946,P-F003,1,35,35
T001947,P-P018,1,580,580
T001947,P-L010,1,240,240
T001947,P-F001,1,65,65
T001947,P-L019,1,110,110
T001948,P-P006,1,250,250
T001948,P-L019,1,110,110
T001948,P-F003,1,35,35
T001949,P-F005,1,158,158
T001949,P-F005,1,158,158
T001949,P-P012,3,180,540
T001949,P-G006,1,560,560
T001949,P-L018,2,130,260
T001949,P-P013,2,150,300
T001950,P-F003,2,35,70
T001950,P-L021,1,90,90
T001951,P-P028,1,200,200
T001951,P-P001,1,260,260
T001951,P-P019,2,120,240
T001951,P-P013,2,150,300
T001952,P-P014,1,320,320
T001952,P-H017,1,640,640
T001952,P-F014,2,95,190
T001952,P-L009,1,280,280
T001952,P-F012,1,130,130
T001953,P-P025,1,480,480
T001953,P-L001,1,260,260
T001953,P-F015,1,260,260
T001953,P-P002,1,380,380
T001953,P-F018,1,180,180
T001953,P-L014,1,180,180
T001954,P-F005,1,158,158
T001954,P-H020,1,720,720
T001954,P-P005,1,340,340
T001954,P-F014,1,95,95
T001955,P-F001,1,65,65
T001955,P-F014,1,95,95
T001956,P-F003,3,35,105
T001956,P-L021,3,90,270
T001957,P-G006,1,560,560
T001957,P-P013,1,150,150
T001957,P-P019,1,120,120
T001958,P-F011,1,399,399
T001958,P-H021,1,580,580
T001958,P-P006,1,250,250
T001958,P-F019,1,140,140
T001958,P-H006,1,1166,1166
T001958,P-L010,1,240,240
T001958,P-L003,1,150,150
T001958,P-L018,2,130,260
T001959,P-L019,2,110,220
T001959,P-F001,1,65,65
T001960,P-F003,3,35,105
T001960,P-F001,1,65,65
T001961,P-H023,1,620,620
T001961,P-P018,1,580,580
T001961,P-P019,3,120,360
T001962,P-P026,1,280,280
T001962,P-P002,1,380,380
T001962,P-P029,1,320,320
T001962,P-P019,3,120,360
T001963,P-F019,1,140,140
T001963,P-P008,1,460,460
T001963,P-P011,1,320,320
T001963,P-P014,1,320,320
T001963,P-F019,3,140,420
T001963,P-F003,1,35,35
T001964,P-F020,1,190,190
T001964,P-L013,1,380,380
T001964,P-L003,2,150,300
T001964,P-P024,1,540,540
T001964,P-F014,1,95,95
T001964,P-L021,3,90,270
T001965,P-F008,1,252,252
T001965,P-P030,1,300,300
T001965,P-G005,1,420,420
T001965,P-F013,3,160,480
T001965,P-F004,1,58,58
T001965,P-F008,1,252,252
T001965,P-F012,3,130,390
T001965,P-F003,3,35,105
T001966,P-F010,1,79,79
T001966,P-F007,1,94,94
T001966,P-H005,1,410,410
T001966,P-L009,1,280,280
T001966,P-P021,1,240,240
T001966,P-L022,1,160,160
T001967,P-L020,1,190,190
T001967,P-P008,1,460,460
T001967,P-F019,1,140,140
T001967,P-L019,1,110,110
T001968,P-L022,2,160,320
T001968,P-F001,1,65,65
T001969,P-P002,1,380,380
T001969,P-P019,1,120,120
T001969,P-F016,1,110,110
T001970,P-F006,1,336,336
T001970,P-H001,1,734,734
T001970,P-L017,1,620,620
T001970,P-P003,1,780,780
T001970,P-F020,1,190,190
T001971,P-F007,1,94,94
T001971,P-F005,1,158,158
T001971,P-L014,2,180,360
T001971,P-H009,1,780,780
T001971,P-L022,1,160,160
T001972,P-P029,1,320,320
T001972,P-P013,1,150,150
T001972,P-F014,1,95,95
T001972,P-F002,3,180,540
T001972,P-F013,1,160,160
T001972,P-F014,1,95,95
T001973,P-F003,3,35,105
T001974,P-F003,3,35,105
T001975,P-F014,1,95,95
T001976,P-F004,1,58,58
T001976,P-F008,1,252,252
T001976,P-F008,1,252,252
T001976,P-G002,1,480,480
T001976,P-L005,1,180,180
T001976,P-P027,1,220,220
T001977,P-F005,1,158,158
T001977,P-F004,1,58,58
T001977,P-L001,1,260,260
T001977,P-P010,1,620,620
T001977,P-L009,1,280,280
T001978,P-L019,1,110,110
T001979,P-H004,1,605,605
T001979,P-F007,1,94,94
T001979,P-P005,1,340,340
T001979,P-L002,1,220,220
T001979,P-F013,1,160,160
T001980,P-H012,1,480,480
T001980,P-F015,1,260,260
T001980,P-F019,1,140,140
T001980,P-F001,1,65,65
T001980,P-H007,1,520,520
T001981,P-H001,1,734,734
T001981,P-P020,1,350,350
T001981,P-F013,1,160,160
T001981,P-F012,1,130,130
T001981,P-F009,1,126,126
T001981,P-P013,3,150,450
T001981,P-L020,1,190,190
T001981,P-F017,1,220,220
T001982,P-H012,1,480,480
T001982,P-L020,1,190,190
T001982,P-L003,1,150,150
T001982,P-F014,1,95,95
T001983,P-P019,3,120,360
T001983,P-P012,1,180,180
T001983,P-L021,1,90,90
T001984,P-F003,1,35,35
T001984,P-F001,1,65,65
T001985,P-L021,2,90,180
T001985,P-P024,1,540,540
T001985,P-P011,1,320,320
T001985,P-H010,1,520,520
T001985,P-P022,1,380,380
T001985,P-P019,1,120,120
T001986,P-F003,3,35,105
T001987,P-L021,1,90,90
T001988,P-F003,1,35,35
T001988,P-F016,1,110,110
T001989,P-G006,1,560,560
T001989,P-H015,1,450,450
T001989,P-L022,3,160,480
T001990,P-F009,1,126,126
T001990,P-F008,1,252,252
T001990,P-P001,1,260,260
T001990,P-L020,1,190,190
T001990,P-L021,3,90,270
T001991,P-P013,1,150,150
T001992,P-F003,1,35,35
T001992,P-F001,2,65,130
T001992,P-F016,1,110,110
T001993,P-G003,-1,380,-380
T001994,P-H004,1,605,605
T001994,P-F011,1,399,399
T001994,P-P027,1,220,220
T001994,P-F001,2,65,130
T001994,P-G010,1,1080,1080
T001995,P-P015,1,220,220
T001995,P-F014,1,95,95
T001995,P-F001,1,65,65
T001996,P-P018,1,580,580
T001996,P-L021,3,90,270
T001996,P-L019,1,110,110
T001997,P-F001,1,65,65
T001997,P-F014,2,95,190
T001997,P-F003,2,35,70
T001998,P-P030,1,300,300
T001998,P-P001,1,260,260
T001998,P-P016,1,280,280
T001998,P-P019,1,120,120
T001999,P-L004,3,160,480
T001999,P-P029,1,320,320
T001999,P-P019,2,120,240
T002000,P-G006,1,560,560
T002000,P-P030,1,300,300
T002000,P-F019,1,140,140
T002001,P-F004,1,58,58
T002001,P-H004,1,605,605
T002001,P-F014,1,95,95
T002001,P-G004,1,320,320
T002001,P-G009,1,460,460
T002002,P-F003,2,35,70
T002003,P-F003,3,35,105
T002004,P-B001,1,780,780
T002004,P-B010,2,220,440
T002004,P-B009,1,240,240
T002005,P-P010,1,620,620
T002005,P-P015,1,220,220
T002005,P-P019,1,120,120
T002005,P-P013,1,150,150
T002006,P-H017,1,640,640
T002006,P-L020,1,190,190
T002006,P-L018,2,130,260
T002006,P-L021,1,90,90
T002007,P-H001,1,734,734
T002007,P-H022,1,690,690
T002007,P-L014,2,180,360
T002007,P-P001,1,260,260
T002008,P-L009,1,280,280
T002008,P-F013,1,160,160
T002008,P-P024,1,540,540
T002008,P-P027,1,220,220
T002008,P-G010,1,1080,1080
T002008,P-P023,1,260,260
T002009,P-L022,1,160,160
T002009,P-F001,1,65,65
T002009,P-F016,1,110,110
T002010,P-P006,1,250,250
T002010,P-F014,1,95,95
T002010,P-F001,3,65,195
T002011,P-F016,1,110,110
T002012,P-F019,1,140,140
T002012,P-L013,1,380,380
T002012,P-P020,1,350,350
T002012,P-L005,1,180,180
T002012,P-F003,3,35,105
T002013,P-F016,1,110,110
T002014,P-F003,1,35,35
T002014,P-F014,1,95,95
T002015,P-L021,1,90,90
T002015,P-F014,1,95,95
T002016,P-F016,1,110,110
T002017,P-L002,1,220,220
T002017,P-P023,1,260,260
T002017,P-P021,1,240,240
T002018,P-F006,1,336,336
T002018,P-G002,1,480,480
T002018,P-F012,3,130,390
T002018,P-F015,1,260,260
T002019,P-F014,1,95,95
T002020,P-L019,1,110,110
T002021,P-L005,1,180,180
T002021,P-F003,1,35,35
T002021,P-F016,1,110,110
T002021,P-L021,1,90,90
T002022,P-L004,1,160,160
T002022,P-P019,1,120,120
T002022,P-L021,1,90,90
T002023,P-F012,3,130,390
T002023,P-F016,1,110,110
T002024,P-G006,1,560,560
T002024,P-F003,3,35,105
T002024,P-L019,2,110,220
T002025,P-F016,3,110,330
T002025,P-F003,1,35,35
T002025,P-L021,1,90,90
T002025,P-P013,1,150,150
T002025,P-H022,1,690,690
T002025,P-P028,1,200,200
T002026,P-G002,1,480,480
T002026,P-F012,3,130,390
T002026,P-F016,1,110,110
T002026,P-P021,1,240,240
T002026,P-P013,3,150,450
T002026,P-F013,2,160,320
T002027,P-F008,1,252,252
T002027,P-F006,1,336,336
T002027,P-P009,1,890,890
T002027,P-H023,1,620,620
T002027,P-F017,1,220,220
T002028,P-F003,1,35,35
T002028,P-F001,1,65,65
T002028,P-L021,1,90,90
T002029,P-F003,1,35,35
T002030,P-H012,1,480,480
T002030,P-F014,1,95,95
T002030,P-F019,1,140,140
T002030,P-F003,1,35,35
T002031,P-F001,3,65,195
T002032,P-F003,3,35,105
T002032,P-F001,1,65,65
T002033,P-L021,1,90,90
T002033,P-F014,1,95,95
T002034,P-P016,1,280,280
T002034,P-G003,1,380,380
T002034,P-F015,1,260,260
T002034,P-L010,1,240,240
T002034,P-P011,1,320,320
T002034,P-F003,3,35,105
T002035,P-G002,2,480,960
T002036,P-P015,1,220,220
T002036,P-P019,1,120,120
T002036,P-L019,1,110,110
T002037,P-L001,1,260,260
T002037,P-L019,1,110,110
T002037,P-F016,1,110,110
T002038,P-P002,1,380,380
T002038,P-F012,1,130,130
T002038,P-F002,3,180,540
T002039,P-F003,1,35,35
T002039,P-F001,1,65,65
T002040,P-L019,1,110,110
T002041,P-H023,1,620,620
T002041,P-P015,1,220,220
T002041,P-P013,2,150,300
T002042,P-H015,1,450,450
T002042,P-P012,1,180,180
T002042,P-P019,2,120,240
T002042,P-P027,1,220,220
T002042,P-P013,2,150,300
T002043,P-L023,1,540,540
T002043,P-F019,2,140,280
T002043,P-F016,2,110,220
T002043,P-L019,1,110,110
T002044,P-F003,1,35,35
T002045,P-F003,2,35,70
T002045,P-F014,1,95,95
T002046,P-F003,1,35,35
T002046,P-F014,1,95,95
T002047,P-L021,1,90,90
T002048,P-H025,1,480,480
T002048,P-G005,1,420,420
T002048,P-P028,1,200,200
T002048,P-P019,2,120,240
T002049,P-F011,1,399,399
T002049,P-P004,1,420,420
T002049,P-P019,2,120,240
T002049,P-F002,3,180,540
T002049,P-F008,1,252,252
T002049,P-P021,1,240,240
T002049,P-G003,1,380,380
T002049,P-P002,1,380,380
T002050,P-H004,1,605,605
T002050,P-F004,1,58,58
T002050,P-H002,1,454,454
T002050,P-P010,1,620,620
T002050,P-P016,1,280,280
T002050,P-F012,1,130,130
T002051,P-F001,1,65,65
T002051,P-F014,1,95,95
T002052,P-G008,1,780,780
T002052,P-P028,1,200,200
T002052,P-P027,1,220,220
T002052,P-P013,1,150,150
T002053,P-H001,1,734,734
T002053,P-F010,1,79,79
T002053,P-G001,1,880,880
T002053,P-L022,2,160,320
T002053,P-L019,3,110,330
T002054,P-H001,1,734,734
T002054,P-P012,2,180,360
T002054,P-P019,1,120,120
T002054,P-L019,1,110,110
T002055,P-L021,3,90,270
T002055,P-F014,1,95,95
T002056,P-F014,1,95,95
T002057,P-H006,1,1166,1166
T002057,P-F004,1,58,58
T002057,P-L019,3,110,330
T002057,P-F001,1,65,65
T002057,P-F016,1,110,110
T002058,P-F009,1,126,126
T002058,P-F005,1,158,158
T002058,P-H006,1,1166,1166
T002058,P-P012,3,180,540
T002058,P-F003,3,35,105
T002058,P-L003,1,150,150
T002059,P-L015,1,590,590
T002059,P-L002,1,220,220
T002059,P-F012,1,130,130
T002059,P-G004,1,320,320
T002059,P-F015,1,260,260
T002059,P-G002,1,480,480
T002060,P-F003,1,35,35
T002060,P-F001,1,65,65
T002060,P-L021,1,90,90
T002061,P-F003,3,35,105
T002062,P-H012,1,480,480
T002062,P-L007,1,320,320
T002062,P-L018,1,130,130
T002062,P-F014,1,95,95
T002063,P-B004,1,599,599
T002063,P-B009,2,240,480
T002063,P-B005,1,320,320
T002064,P-B004,1,599,599
T002064,P-B007,1,260,260
T002064,P-B005,1,320,320
T002064,P-B006,1,280,280
T002065,P-P026,1,280,280
T002065,P-L020,1,190,190
T002065,P-F017,1,220,220
T002065,P-F016,2,110,220
T002065,P-P030,1,300,300
T002066,P-G003,1,380,380
T002066,P-P026,1,280,280
T002066,P-P012,2,180,360
T002067,P-F014,1,95,95
T002068,P-L001,1,260,260
T002068,P-P017,1,260,260
T002068,P-L019,1,110,110
T002068,P-L003,1,150,150
T002069,P-F016,2,110,220
T002069,P-L010,1,240,240
T002069,P-L005,3,180,540
T002069,P-P004,1,420,420
T002069,P-G006,1,560,560
T002069,P-P028,1,200,200
T002070,P-F003,3,35,105
T002070,P-F001,1,65,65
T002071,P-P024,1,540,540
T002071,P-F002,1,180,180
T002071,P-F018,2,180,360
T002071,P-F019,1,140,140
T002071,P-F003,3,35,105
T002072,P-F010,1,79,79
T002072,P-H001,1,734,734
T002072,P-H005,1,410,410
T002072,P-P019,3,120,360
T002072,P-G003,1,380,380
T002072,P-L022,2,160,320
T002073,P-F005,1,158,158
T002073,P-F009,1,126,126
T002073,P-G004,1,320,320
T002073,P-F003,2,35,70
T002073,P-L019,1,110,110
T002074,P-F002,1,180,180
T002074,P-P005,1,340,340
T002074,P-F016,2,110,220
T002074,P-F013,2,160,320
T002074,P-L020,1,190,190
T002074,P-F012,2,130,260
T002075,P-L021,1,90,90
T002075,P-F001,1,65,65
T002076,P-L017,1,620,620
T002076,P-P028,2,200,400
T002076,P-P027,1,220,220
T002077,P-G005,1,420,420
T002077,P-L022,1,160,160
T002077,P-L021,1,90,90
T002077,P-F020,1,190,190
T002077,P-P017,1,260,260
T002077,P-P015,1,220,220
T002078,P-B004,1,599,599
T002078,P-B006,2,280,560
T002078,P-B010,2,220,440
T002079,P-B010,3,220,660
T002079,P-B004,1,599,599
T002080,P-P006,1,250,250
T002080,P-P030,1,300,300
T002080,P-P026,1,280,280
T002080,P-P013,1,150,150
T002080,P-P019,1,120,120
T002081,P-L018,1,130,130
T002081,P-L003,1,150,150
T002081,P-H009,1,780,780
T002081,P-F020,1,190,190
T002081,P-H021,1,580,580
T002081,P-P026,1,280,280
T002082,P-P013,1,150,150
T002082,P-P019,1,120,120
T002083,P-L019,2,110,220
T002083,P-L021,1,90,90
T002084,P-H025,1,480,480
T002084,P-L013,1,380,380
T002084,P-F012,1,130,130
T002084,P-L004,2,160,320
T002084,P-P018,1,580,580
T002084,P-P029,1,320,320
T002085,P-F001,2,65,130
T002086,P-L004,1,160,160
T002086,P-F003,3,35,105
T002086,P-F014,1,95,95
T002087,P-L004,2,160,320
T002087,P-L019,1,110,110
T002088,P-L019,3,110,330
T002088,P-F013,1,160,160
T002088,P-F015,1,260,260
T002088,P-F020,1,190,190
T002088,P-F014,1,95,95
T002089,P-H002,1,454,454
T002089,P-H001,1,734,734
T002089,P-F009,1,126,126
T002089,P-P010,1,620,620
T002089,P-F003,2,35,70
T002089,P-P022,1,380,380
T002090,P-L021,1,90,90
T002090,P-F001,1,65,65
T002091,P-L014,2,180,360
T002091,P-P013,1,150,150
T002091,P-F001,1,65,65
T002092,P-F003,2,35,70
T002092,P-F003,3,35,105
T002093,P-F003,2,35,70
T002094,P-F014,1,95,95
T002094,P-L021,1,90,90
T002095,P-F014,1,95,95
T002095,P-P030,1,300,300
T002095,P-L005,2,180,360
T002095,P-F016,3,110,330
T002096,P-H003,1,961,961
T002096,P-P013,2,150,300
T002096,P-F003,3,35,105
T002096,P-L021,1,90,90
T002097,P-F012,1,130,130
T002097,P-F014,1,95,95
T002098,P-F008,1,252,252
T002098,P-G005,1,420,420
T002098,P-F002,1,180,180
T002098,P-F003,2,35,70
T002098,P-F004,1,58,58
T002098,P-L004,1,160,160
T002098,P-F019,1,140,140
T002098,P-L021,1,90,90
T002099,P-P016,1,280,280
T002099,P-G004,1,320,320
T002099,P-P008,1,460,460
T002099,P-P017,1,260,260
T002099,P-P029,1,320,320
T002099,P-F013,3,160,480
T002100,P-F003,1,35,35
T002100,P-L019,1,110,110
T002101,P-P001,1,260,260
T002101,P-P013,2,150,300
T002101,P-P007,1,290,290
T002101,P-L003,1,150,150
T002102,P-P024,1,540,540
T002102,P-G009,1,460,460
T002102,P-L004,1,160,160
T002102,P-L019,1,110,110
T002103,P-F017,1,220,220
T002103,P-F001,3,65,195
T002104,P-G002,1,480,480
T002104,P-G005,1,420,420
T002105,P-F003,2,35,70
T002105,P-F016,1,110,110
T002106,P-F003,3,35,105
T002107,P-F014,2,95,190
T002108,P-F014,1,95,95
T002109,P-L019,1,110,110
T002110,P-F003,3,35,105
T002110,P-L021,1,90,90
T002111,P-H016,1,390,390
T002111,P-G004,1,320,320
T002111,P-F003,3,35,105
T002111,P-L018,2,130,260
T002112,P-F018,1,180,180
T002112,P-L020,1,190,190
T002112,P-L019,1,110,110
T002113,P-F009,1,126,126
T002113,P-H017,1,640,640
T002113,P-L001,1,260,260
T002113,P-P027,1,220,220
T002114,P-L021,1,90,90
T002115,P-F013,2,160,320
T002115,P-L019,1,110,110
T002116,P-P001,1,260,260
T002116,P-L021,1,90,90
T002116,P-F001,1,65,65
T002117,P-L010,1,240,240
T002117,P-F016,1,110,110
T002117,P-L019,1,110,110
T002118,P-F012,1,130,130
T002118,P-L019,2,110,220
T002119,P-L019,1,110,110
T002119,P-F001,1,65,65
T002120,P-F003,1,35,35
T002120,P-F001,1,65,65
T002120,P-F014,1,95,95
T002121,P-F003,1,35,35
T002122,P-F003,3,35,105
T002123,P-F003,2,35,70
T002123,P-L019,1,110,110
T002124,P-F003,2,35,70
T002124,P-F014,1,95,95
T002125,P-F001,1,65,65
T002125,P-L019,1,110,110
T002126,P-F003,3,35,105
T002126,P-F001,1,65,65
T002127,P-F001,1,65,65
T002127,P-L019,1,110,110
T002128,P-B004,1,599,599
T002128,P-B004,1,599,599
T002128,P-B010,1,220,220
T002128,P-B009,1,240,240
T002129,P-H012,1,480,480
T002129,P-L014,1,180,180
T002129,P-F016,1,110,110
T002129,P-F001,1,65,65
T002130,P-F001,3,65,195
T002130,P-F003,3,35,105
T002131,P-F012,-1,130,-130
T002132,P-H015,1,450,450
T002132,P-L004,1,160,160
T002132,P-F001,1,65,65
T002132,P-L019,1,110,110
T002133,P-P029,1,320,320
T002133,P-F002,1,180,180
T002133,P-F016,1,110,110
T002133,P-F007,1,94,94
T002133,P-F018,3,180,540
T002133,P-F016,1,110,110
T002133,P-F012,1,130,130
T002134,P-L019,2,110,220
T002134,P-L021,1,90,90
T002135,P-L021,1,90,90
T002136,P-L019,1,110,110
T002137,P-B004,1,599,599
T002137,P-B008,1,380,380
T002137,P-B007,1,260,260
T002138,P-P025,1,480,480
T002138,P-F014,2,95,190
T002138,P-F001,3,65,195
T002139,P-F012,1,130,130
T002139,P-F014,2,95,190
T002140,P-F009,1,126,126
T002140,P-H001,1,734,734
T002140,P-H005,1,410,410
T002140,P-G008,1,780,780
T002140,P-P005,1,340,340
T002140,P-L020,1,190,190
T002141,P-L015,1,590,590
T002141,P-L003,2,150,300
T002141,P-L019,1,110,110
T002141,P-F001,1,65,65
T002142,P-F004,1,58,58
T002142,P-F014,1,95,95
T002142,P-F016,1,110,110
T002143,P-P012,1,180,180
T002143,P-F001,3,65,195
T002144,P-P012,1,180,180
T002144,P-L019,1,110,110
T002144,P-F001,1,65,65
T002145,P-G002,2,480,960
T002145,P-G003,1,380,380
T002146,P-G002,2,480,960
T002146,P-G004,1,320,320
T002147,P-P011,1,320,320
T002147,P-P006,1,250,250
T002147,P-F019,2,140,280
T002147,P-L005,3,180,540
T002147,P-L021,2,90,180
T002147,P-P004,1,420,420
T002148,P-H022,1,690,690
T002148,P-P022,1,380,380
T002148,P-P007,1,290,290
T002148,P-P013,1,150,150
T002149,P-F013,1,160,160
T002149,P-F001,3,65,195
T002150,P-H006,1,1166,1166
T002150,P-L015,1,590,590
T002150,P-F012,2,130,260
T002150,P-P019,1,120,120
T002150,P-F004,1,58,58
T002150,P-L020,1,190,190
T002150,P-F015,1,260,260
T002150,P-F016,2,110,220
T002151,P-F003,3,35,105
T002152,P-L021,1,90,90
T002153,P-F016,1,110,110
T002154,P-F003,3,35,105
T002155,P-F003,1,35,35
T002155,P-F003,3,35,105
T002156,P-F003,2,35,70
T002156,P-F016,1,110,110
T002157,P-L020,1,190,190
T002157,P-F013,2,160,320
T002157,P-F001,3,65,195
T002157,P-L014,1,180,180
T002158,P-H004,1,605,605
T002158,P-F009,1,126,126
T002158,P-P023,1,260,260
T002158,P-F012,3,130,390
T002158,P-F014,3,95,285
T002159,P-H016,1,390,390
T002160,P-P019,1,120,120
T002161,P-F003,4,35,140
T002161,P-F016,1,110,110
T002162,P-P004,1,420,420
T002162,P-L002,1,220,220
T002162,P-L022,3,160,480
T002162,P-P013,1,150,150
T002162,P-F001,1,65,65
T002163,P-F010,1,79,79
T002163,P-H001,1,734,734
T002163,P-P025,1,480,480
T002163,P-G001,1,880,880
T002163,P-L007,1,320,320
T002164,P-F014,1,95,95
T002164,P-F001,1,65,65
T002165,P-P003,1,780,780
T002165,P-P030,1,300,300
T002165,P-L001,1,260,260
T002165,P-F019,1,140,140
T002166,P-L005,2,180,360
T002166,P-L020,1,190,190
T002166,P-F003,2,35,70
T002167,P-L021,1,90,90
T002168,P-F008,1,252,252
T002168,P-F011,1,399,399
T002168,P-H003,1,961,961
T002168,P-P024,1,540,540
T002168,P-F020,1,190,190
T002168,P-L004,1,160,160
T002169,P-B005,1,320,320
T002169,P-B007,1,260,260
T002169,P-B006,1,280,280
T002170,P-F012,2,130,260
T002170,P-L007,1,320,320
T002170,P-G006,1,560,560
T002170,P-P007,1,290,290
T002170,P-L019,1,110,110
T002170,P-F003,2,35,70
T002171,P-L020,1,190,190
T002171,P-L019,1,110,110
T002172,P-L014,1,180,180
T002172,P-L019,1,110,110
T002173,P-L005,1,180,180
T002173,P-F001,1,65,65
T002173,P-F014,1,95,95
T002174,P-L019,1,110,110
T002175,P-F014,1,95,95
T002176,P-F014,1,95,95
T002177,P-F012,1,130,130
T002177,P-L021,3,90,270
T002178,P-L001,1,260,260
T002178,P-P019,1,120,120
T002178,P-F003,1,35,35
T002178,P-F014,1,95,95
T002179,P-P016,1,280,280
T002179,P-L021,2,90,180
T002180,P-F003,1,35,35
T002180,P-L019,1,110,110
T002180,P-H023,1,620,620
T002180,P-H011,1,960,960
T002180,P-L001,1,260,260
T002180,P-L019,2,110,220
T002181,P-H012,1,480,480
T002181,P-F015,1,260,260
T002181,P-F016,1,110,110
T002181,P-L019,1,110,110
T002181,P-H007,1,520,520
T002182,P-F001,1,65,65
T002182,P-F016,1,110,110
T002183,P-B004,1,599,599
T002183,P-B010,2,220,440
T002183,P-B009,1,240,240
T002184,P-P027,1,220,220
T002184,P-L024,1,420,420
T002184,P-L008,1,450,450
T002184,P-F013,1,160,160
T002184,P-L019,1,110,110
T002185,P-P025,1,480,480
T002185,P-L013,1,380,380
T002185,P-P021,1,240,240
T002185,P-L021,1,90,90
T002186,P-F012,3,130,390
T002186,P-F001,1,65,65
T002187,P-F010,1,79,79
T002187,P-H003,1,961,961
T002187,P-P019,3,120,360
T002187,P-P021,1,240,240
T002187,P-P029,1,320,320
T002188,P-H005,1,410,410
T002188,P-P022,1,380,380
T002188,P-L009,1,280,280
T002188,P-P019,1,120,120
T002188,P-F011,1,399,399
T002188,P-F001,2,65,130
T002188,P-F002,3,180,540
T002188,P-L019,1,110,110
T002189,P-F004,1,58,58
T002189,P-H001,1,734,734
T002189,P-F010,1,79,79
T002189,P-P004,1,420,420
T002189,P-L006,1,680,680
T002189,P-P006,1,250,250
T002190,P-L012,1,460,460
T002190,P-F015,1,260,260
T002190,P-L004,1,160,160
T002190,P-H021,1,580,580
T002190,P-P014,1,320,320
T002190,P-P016,1,280,280
T002191,P-H012,1,480,480
T002191,P-F012,2,130,260
T002191,P-L019,1,110,110
T002191,P-F001,2,65,130
T002192,P-F014,1,95,95
T002192,P-F003,1,35,35
T002193,P-F009,1,126,126
T002193,P-L009,1,280,280
T002193,P-G007,1,620,620
T002193,P-L003,2,150,300
T002194,P-H002,1,454,454
T002194,P-L014,2,180,360
T002194,P-L019,3,110,330
T002194,P-F003,2,35,70
T002195,P-L004,1,160,160
T002195,P-L021,1,90,90
T002195,P-F003,3,35,105
T002196,P-L022,1,160,160
T002196,P-P027,1,220,220
T002196,P-F015,1,260,260
T002197,P-P020,1,350,350
T002197,P-P023,1,260,260
T002197,P-L001,1,260,260
T002197,P-L024,1,420,420
T002197,P-F012,1,130,130
T002197,P-F001,1,65,65
T002198,P-L019,1,110,110
T002198,P-F002,3,180,540
T002198,P-F003,3,35,105
T002199,P-F009,1,126,126
T002199,P-F008,1,252,252
T002199,P-F008,1,252,252
T002199,P-P001,1,260,260
T002199,P-P007,1,290,290
T002199,P-F003,2,35,70
T002200,P-F003,3,35,105
T002201,P-P019,1,120,120
T002201,P-P026,1,280,280
T002201,P-L002,1,220,220
T002202,P-H004,1,605,605
T002202,P-P019,1,120,120
T002202,P-P015,1,220,220
T002202,P-F013,1,160,160
T002202,P-H001,1,734,734
T002202,P-P024,1,540,540
T002202,P-F003,2,35,70
T002202,P-L018,1,130,130
T002203,P-F006,1,336,336
T002203,P-H005,1,410,410
T002203,P-H025,1,480,480
T002203,P-L003,3,150,450
T002203,P-P012,3,180,540
T002204,P-L013,1,380,380
T002204,P-L001,1,260,260
T002204,P-F001,1,65,65
T002204,P-L017,1,620,620
T002204,P-L012,1,460,460
T002204,P-P005,1,340,340
T002205,P-L009,1,280,280
T002205,P-F018,2,180,360
T002205,P-F019,1,140,140
T002205,P-H002,1,454,454
T002205,P-P025,1,480,480
T002205,P-F017,1,220,220
T002205,P-L001,1,260,260
T002206,P-F003,4,35,140
T002206,P-F016,2,110,220
T002207,P-G007,1,620,620
T002207,P-P023,1,260,260
T002207,P-P019,1,120,120
T002207,P-L014,1,180,180
T002207,P-F017,1,220,220
T002207,P-P028,1,200,200
T002208,P-P007,1,290,290
T002208,P-L022,1,160,160
T002208,P-F001,1,65,65
T002209,P-L021,1,90,90
T002210,P-P013,2,150,300
T002210,P-F003,1,35,35
T002210,P-L019,1,110,110
T002211,P-G004,1,320,320
T002211,P-F019,2,140,280
T002211,P-L021,3,90,270
T002211,P-L019,1,110,110
T002212,P-H010,1,520,520
T002212,P-F013,2,160,320
T002212,P-F001,4,65,260
T002213,P-L020,1,190,190
T002213,P-P018,1,580,580
T002213,P-P017,1,260,260
T002213,P-F001,1,65,65
T002214,P-H002,1,454,454
T002214,P-H001,1,734,734
T002214,P-P017,1,260,260
T002214,P-F014,1,95,95
T002214,P-P023,1,260,260
T002215,P-F014,1,95,95
T002215,P-L021,1,90,90
T002216,P-F003,3,35,105
T002216,P-L021,1,90,90
T002217,P-F003,1,35,35
T002217,P-F001,1,65,65
T002218,P-F003,2,35,70
T002219,P-F003,1,35,35
T002220,P-F016,1,110,110
T002220,P-F003,1,35,35
T002221,P-F003,3,35,105
T002222,P-F003,1,35,35
T002223,P-F016,1,110,110
T002223,P-F001,1,65,65
T002224,P-H013,1,850,850
T002224,P-L010,1,240,240
T002224,P-F017,1,220,220
T002225,P-L021,1,90,90
T002225,P-L019,1,110,110
T002225,P-P012,1,180,180
T002225,P-F019,1,140,140
T002226,P-F016,1,110,110
T002227,P-F003,4,35,140
T002227,P-F014,1,95,95
T002228,P-F012,3,130,390
T002228,P-L005,1,180,180
T002228,P-L015,1,590,590
T002228,P-P002,1,380,380
T002228,P-P006,1,250,250
T002228,P-P013,3,150,450
T002229,P-F017,1,220,220
T002229,P-P027,1,220,220
T002229,P-P013,1,150,150
T002230,P-F014,1,95,95
T002230,P-F003,1,35,35
T002231,P-F020,1,190,190
T002231,P-F001,3,65,195
T002232,P-G002,1,480,480
T002233,P-G002,1,480,480
T002234,P-H001,1,734,734
T002234,P-H001,1,734,734
T002234,P-G007,1,620,620
T002234,P-F014,3,95,285
T002234,P-F003,2,35,70
T002235,P-F003,3,35,105
T002236,P-L019,1,110,110
T002237,P-P013,1,150,150
T002237,P-P019,1,120,120
T002238,P-L019,3,110,330
T002238,P-L004,2,160,320
T002239,P-F005,1,158,158
T002239,P-F009,1,126,126
T002239,P-L012,1,460,460
T002239,P-L001,1,260,260
T002239,P-P007,1,290,290
T002240,P-L019,1,110,110
T002241,P-H012,1,480,480
T002241,P-L018,2,130,260
T002241,P-L004,1,160,160
T002241,P-F003,3,35,105
T002242,P-L001,1,260,260
T002242,P-L021,1,90,90
T002242,P-F016,1,110,110
T002243,P-L019,1,110,110
T002244,P-F001,1,65,65
T002244,P-F003,1,35,35
T002245,P-F001,2,65,130
T002246,P-L021,1,90,90
T002246,P-F001,1,65,65
T002247,P-L021,1,90,90
T002247,P-F001,1,65,65
T002248,P-B004,1,599,599
T002248,P-B007,1,260,260
T002248,P-B005,1,320,320
T002248,P-B010,1,220,220
T002249,P-F008,1,252,252
T002249,P-F004,1,58,58
T002249,P-L022,1,160,160
T002249,P-F017,1,220,220
T002249,P-L021,1,90,90
T002250,P-H012,1,480,480
T002250,P-L002,1,220,220
T002250,P-L021,1,90,90
T002250,P-L019,1,110,110
T002251,P-H012,1,480,480
T002251,P-F020,1,190,190
T002251,P-L018,1,130,130
T002251,P-F016,1,110,110
T002252,P-H016,1,390,390
T002253,P-L013,1,380,380
T002253,P-H015,1,450,450
T002253,P-L018,3,130,390
T002254,P-G002,2,480,960
T002255,P-G002,2,480,960
T002256,P-F010,1,79,79
T002256,P-F011,1,399,399
T002256,P-L012,1,460,460
T002256,P-F013,1,160,160
T002256,P-P023,1,260,260
T002257,P-P023,1,260,260
T002257,P-L013,1,380,380
T002257,P-P012,3,180,540
T002257,P-G005,1,420,420
T002257,P-F016,3,110,330
T002257,P-L021,1,90,90
T002258,P-F003,1,35,35
T002259,P-F003,1,35,35
T002259,P-L021,1,90,90
T002260,P-L018,2,130,260
T002260,P-L021,1,90,90
T002261,P-H003,1,961,961
T002261,P-F010,1,79,79
T002261,P-G009,1,460,460
T002261,P-P016,1,280,280
T002261,P-P014,1,320,320
T002262,P-P030,1,300,300
T002262,P-L002,1,220,220
T002262,P-F002,3,180,540
T002263,P-G009,1,460,460
T002263,P-L021,2,90,180
T002263,P-L019,1,110,110
T002263,P-G008,1,780,780
T002263,P-P025,1,480,480
T002263,P-H025,1,480,480
T002264,P-F014,2,95,190
T002264,P-L019,1,110,110
T002264,P-F003,2,35,70
T002265,P-F001,-1,65,-65
T002266,P-G002,1,480,480
T002266,P-G004,1,320,320
T002267,P-G002,1,480,480
T002267,P-G005,1,420,420
T002268,P-L019,1,110,110
T002269,P-L019,1,110,110
T002270,P-P007,1,290,290
T002270,P-L018,2,130,260
T002270,P-F012,3,130,390
T002271,P-F018,3,180,540
T002271,P-P006,1,250,250
T002271,P-P001,1,260,260
T002271,P-L019,1,110,110
T002272,P-B001,1,780,780
T002272,P-B008,1,380,380
T002272,P-B010,1,220,220
T002273,P-F008,1,252,252
T002273,P-P011,1,320,320
T002273,P-H017,1,640,640
T002273,P-L024,1,420,420
T002273,P-H006,1,1166,1166
T002273,P-H024,1,750,750
T002273,P-P027,1,220,220
T002273,P-P006,1,250,250
T002274,P-F014,3,95,285
T002274,P-F003,1,35,35
T002275,P-F012,1,130,130
T002275,P-F001,1,65,65
T002275,P-F016,1,110,110
T002276,P-P028,1,200,200
T002276,P-L018,1,130,130
T002276,P-F016,1,110,110
T002276,P-L022,2,160,320
T002276,P-H025,1,480,480
T002276,P-F018,3,180,540
T002277,P-F010,1,79,79
T002277,P-P021,1,240,240
T002277,P-F018,1,180,180
T002277,P-L021,1,90,90
T002278,P-L020,1,190,190
T002278,P-F014,1,95,95
T002278,P-L021,1,90,90
T002279,P-L020,1,190,190
T002279,P-F019,1,140,140
T002279,P-F014,1,95,95
T002280,P-L001,1,260,260
T002280,P-F001,1,65,65
T002280,P-L002,1,220,220
T002280,P-F003,2,35,70
T002281,P-H005,1,410,410
T002281,P-G002,1,480,480
T002281,P-F013,2,160,320
T002281,P-P024,1,540,540
T002281,P-H003,1,961,961
T002281,P-L004,2,160,320
T002281,P-P023,1,260,260
T002281,P-F001,2,65,130
T002282,P-L009,1,280,280
T002282,P-P016,1,280,280
T002282,P-H017,1,640,640
T002282,P-F016,1,110,110
T002282,P-P028,1,200,200
T002282,P-F003,2,35,70
T002283,P-F014,2,95,190
T002284,P-L021,2,90,180
T002285,P-L002,1,220,220
T002285,P-F016,1,110,110
T002285,P-P019,1,120,120
T002286,P-L021,1,90,90
T002287,P-F016,1,110,110
T002288,P-P015,1,220,220
T002288,P-P017,1,260,260
T002288,P-G009,1,460,460
T002288,P-L019,3,110,330
T002289,P-F007,1,94,94
T002289,P-F011,1,399,399
T002289,P-H010,1,520,520
T002289,P-P019,1,120,120
T002289,P-F017,1,220,220
T002290,P-F011,1,399,399
T002290,P-F007,1,94,94
T002290,P-H001,1,734,734
T002290,P-L010,1,240,240
T002290,P-P027,1,220,220
T002290,P-L013,1,380,380
T002291,P-F005,1,158,158
T002291,P-F009,1,126,126
T002291,P-F008,1,252,252
T002291,P-F020,1,190,190
T002291,P-L014,1,180,180
T002291,P-P013,2,150,300
T002292,P-H012,1,480,480
T002292,P-L018,2,130,260
T002292,P-F016,1,110,110
T002293,P-F019,1,140,140
T002293,P-L003,1,150,150
T002293,P-F014,1,95,95
T002294,P-F011,1,399,399
T002294,P-H005,1,410,410
T002294,P-P014,1,320,320
T002294,P-L011,1,520,520
T002294,P-L004,1,160,160
T002295,P-P011,1,320,320
T002295,P-L002,1,220,220
T002295,P-L012,1,460,460
T002295,P-F003,1,35,35
T002295,P-P013,1,150,150
T002295,P-P012,2,180,360
T002296,P-H012,1,480,480
T002296,P-F014,2,95,190
T002296,P-F003,2,35,70
T002296,P-L003,1,150,150
T002296,P-H007,1,520,520
T002297,P-P017,1,260,260
T002297,P-L005,2,180,360
T002297,P-L019,1,110,110
T002298,P-F003,2,35,70
T002299,P-L021,1,90,90
T002300,P-F004,1,58,58
T002300,P-F009,1,126,126
T002300,P-G005,1,420,420
T002300,P-P028,1,200,200
T002300,P-P027,1,220,220
T002301,P-F003,3,35,105
T002301,P-L010,1,240,240
T002301,P-F002,1,180,180
T002301,P-F003,2,35,70
T002301,P-P022,1,380,380
T002301,P-F017,1,220,220
T002302,P-B008,2,380,760
T002302,P-B010,1,220,220
T002303,P-P021,1,240,240
T002303,P-F012,3,130,390
T002304,P-L018,2,130,260
T002304,P-P012,1,180,180
T002304,P-P005,1,340,340
T002304,P-F012,1,130,130
T002304,P-L009,1,280,280
T002304,P-F001,3,65,195
T002305,P-F008,1,252,252
T002305,P-L025,1,1180,1180
T002305,P-G003,1,380,380
T002305,P-L005,3,180,540
T002305,P-H006,1,1166,1166
T002305,P-F018,1,180,180
T002305,P-G003,1,380,380
T002305,P-L014,2,180,360
T002306,P-F014,1,95,95
T002306,P-L021,1,90,90
T002307,P-F003,2,35,70
T002307,P-F001,1,65,65
T002308,P-L021,1,90,90
T002309,P-L019,1,110,110
T002310,P-B002,1,760,760
T002310,P-B010,2,220,440
T002310,P-B009,1,240,240
T002311,P-B004,2,599,1198
T002311,P-B010,1,220,220
T002312,P-L021,1,90,90
T002312,P-P001,1,260,260
T002312,P-F020,1,190,190
T002312,P-P019,1,120,120
T002312,P-P021,1,240,240
T002312,P-P013,1,150,150
T002313,P-P013,1,150,150
T002314,P-F001,1,65,65
T002314,P-F003,1,35,35
T002315,P-H016,1,390,390
T002315,P-F014,2,95,190
T002316,P-F015,1,260,260
T002316,P-L021,1,90,90
T002316,P-F001,1,65,65
T002317,P-G002,1,480,480
T002318,P-G002,1,480,480
T002318,P-G005,1,420,420
T002319,P-F009,1,126,126
T002319,P-P013,1,150,150
T002319,P-F014,3,95,285
T002319,P-F001,1,65,65
T002319,P-F005,1,158,158
T002319,P-P019,1,120,120
T002319,P-P007,1,290,290
T002319,P-P027,1,220,220
T002320,P-F003,1,35,35
T002320,P-L021,1,90,90
T002321,P-H012,1,480,480
T002321,P-F019,2,140,280
T002321,P-L018,1,130,130
T002321,P-F001,1,65,65
T002321,P-H007,1,520,520
T002322,P-L019,1,110,110
T002322,P-F003,1,35,35
T002323,P-F003,1,35,35
T002323,P-L019,1,110,110
T002324,P-F014,1,95,95
T002324,P-L021,1,90,90
T002325,P-B009,1,240,240
T002325,P-B007,1,260,260
T002325,P-B008,1,380,380
T002326,P-F016,1,110,110
T002326,P-F014,2,95,190
T002327,P-L019,1,110,110
T002327,P-L021,2,90,180
T002328,P-L024,1,420,420
T002328,P-P013,1,150,150
T002328,P-P019,1,120,120
T002329,P-P017,1,260,260
T002329,P-L021,1,90,90
T002329,P-F001,1,65,65
T002329,P-P005,1,340,340
T002329,P-F015,1,260,260
T002329,P-H020,1,720,720
T002330,P-F020,1,190,190
T002330,P-F003,2,35,70
T002330,P-F001,1,65,65
T002331,P-P013,2,150,300
T002331,P-L019,1,110,110
T002331,P-F014,1,95,95
T002332,P-F005,1,158,158
T002332,P-F010,1,79,79
T002332,P-P001,1,260,260
T002332,P-P019,1,120,120
T002332,P-F003,3,35,105
T002333,P-F016,1,110,110
T002334,P-F003,1,35,35
T002334,P-F014,1,95,95
T002335,P-F001,1,65,65
T002335,P-F003,1,35,35
T002336,P-L003,1,150,150
T002336,P-L004,2,160,320
T002336,P-L010,1,240,240
T002336,P-L018,1,130,130
T002336,P-F014,1,95,95
T002336,P-F013,3,160,480
T002337,P-F003,4,35,140
T002337,P-F001,1,65,65
T002337,P-F016,1,110,110
T002338,P-P023,1,260,260
T002338,P-F012,2,130,260
T002338,P-P012,1,180,180
T002338,P-F001,1,65,65
T002339,P-F004,1,58,58
T002339,P-P005,1,340,340
T002339,P-P018,1,580,580
T002339,P-L009,1,280,280
T002339,P-P019,2,120,240
T002339,P-L003,3,150,450
T002339,P-L019,3,110,330
T002339,P-F016,1,110,110
T002340,P-L019,1,110,110
T002341,P-H012,1,480,480
T002341,P-L021,1,90,90
T002341,P-L003,1,150,150
T002341,P-L019,1,110,110
T002342,P-L018,3,130,390
T002342,P-L019,1,110,110
T002343,P-P012,1,180,180
T002343,P-L019,1,110,110
T002343,P-F001,1,65,65
T002344,P-F009,1,126,126
T002344,P-P013,1,150,150
T002344,P-G007,1,620,620
T002344,P-G003,1,380,380
T002344,P-H006,1,1166,1166
T002344,P-P016,1,280,280
T002344,P-L004,1,160,160
T002344,P-F016,1,110,110
T002345,P-F003,1,35,35
T002346,P-F003,1,35,35
T002346,P-L021,1,90,90
T002347,P-F003,1,35,35
T002348,P-B004,1,599,599
T002348,P-B009,1,240,240
T002348,P-B010,2,220,440
T002349,P-P030,1,300,300
T002349,P-G006,1,560,560
T002349,P-L010,1,240,240
T002350,P-H002,1,454,454
T002350,P-H017,1,640,640
T002350,P-L001,1,260,260
T002350,P-P005,1,340,340
T002350,P-F006,1,336,336
T002350,P-H016,1,390,390
T002350,P-G009,1,460,460
T002350,P-L004,2,160,320
T002351,P-P009,1,890,890
T002351,P-L020,1,190,190
T002351,P-P005,1,340,340
T002351,P-P008,1,460,460
T002351,P-F016,1,110,110
T002351,P-L021,1,90,90
T002352,P-H012,1,480,480
T002352,P-L018,1,130,130
T002352,P-F014,2,95,190
T002352,P-L019,1,110,110
T002352,P-H007,1,520,520
T002353,P-H016,1,390,390
T002354,P-L018,1,130,130
T002354,P-L021,1,90,90
T002355,P-F001,-1,65,-65
T002356,P-F004,1,58,58
T002356,P-F009,1,126,126
T002356,P-H004,1,605,605
T002356,P-H013,1,850,850
T002356,P-H021,1,580,580
T002356,P-F014,3,95,285
T002357,P-F014,1,95,95
T002358,P-F014,3,95,285
T002358,P-L004,3,160,480
T002358,P-L018,1,130,130
T002358,P-P001,1,260,260
T002358,P-L021,1,90,90
T002359,P-F007,1,94,94
T002359,P-F008,1,252,252
T002359,P-P019,3,120,360
T002359,P-F002,2,180,360
T002359,P-P017,1,260,260
T002360,P-F003,2,35,70
T002360,P-F014,1,95,95
T002361,P-F003,2,35,70
T002361,P-L021,1,90,90
T002362,P-F003,3,35,105
T002363,P-F016,1,110,110
T002364,P-F007,1,94,94
T002364,P-F001,3,65,195
T002364,P-L009,1,280,280
T002364,P-P008,1,460,460
T002364,P-F016,1,110,110
T002364,P-G008,1,780,780
T002364,P-P024,1,540,540
T002364,P-L003,2,150,300
T002365,P-H012,1,480,480
T002365,P-F020,1,190,190
T002365,P-F001,1,65,65
T002365,P-L019,1,110,110
T002366,P-B004,1,599,599
T002366,P-B007,1,260,260
T002366,P-B009,3,240,720
T002367,P-B004,1,599,599
T002367,P-B007,1,260,260
T002367,P-B006,1,280,280
T002367,P-B005,1,320,320
T002368,P-P017,2,260,520
T002368,P-L021,3,90,270
T002369,P-F009,1,126,126
T002369,P-F006,1,336,336
T002369,P-P008,1,460,460
T002369,P-P005,1,340,340
T002369,P-G003,1,380,380
T002370,P-F008,1,252,252
T002370,P-F006,1,336,336
T002370,P-P013,2,150,300
T002370,P-P028,1,200,200
T002370,P-G005,1,420,420
T002371,P-F001,1,65,65
T002371,P-F014,1,95,95
T002372,P-L011,1,520,520
T002372,P-P017,1,260,260
T002372,P-P021,1,240,240
T002372,P-F001,2,65,130
T002373,P-L006,1,680,680
T002373,P-L004,2,160,320
T002373,P-F016,1,110,110
T002374,P-G002,1,480,480
T002374,P-G004,1,320,320
T002375,P-H002,1,454,454
T002375,P-F008,1,252,252
T002375,P-H006,1,1166,1166
T002375,P-H017,1,640,640
T002375,P-F003,3,35,105
T002375,P-P007,1,290,290
T002376,P-F014,1,95,95
T002377,P-F014,1,95,95
T002378,P-H012,1,480,480
T002378,P-L009,1,280,280
T002378,P-F001,3,65,195
T002378,P-L021,1,90,90
T002379,P-L022,3,160,480
T002379,P-P016,1,280,280
T002379,P-F015,1,260,260
T002380,P-F005,1,158,158
T002380,P-F005,1,158,158
T002380,P-H004,1,605,605
T002380,P-H021,1,580,580
T002380,P-P005,1,340,340
T002380,P-L014,2,180,360
T002381,P-F003,1,35,35
T002381,P-F016,1,110,110
T002382,P-P017,1,260,260
T002382,P-P006,1,250,250
T002382,P-L003,1,150,150
T002382,P-G007,1,620,620
T002382,P-G008,1,780,780
T002382,P-P007,1,290,290
T002383,P-P020,1,350,350
T002383,P-L001,1,260,260
T002383,P-L018,2,130,260
T002383,P-L023,1,540,540
T002383,P-L024,1,420,420
T002383,P-P022,1,380,380
T002384,P-F001,2,65,130
T002384,P-P010,1,620,620
T002384,P-L018,3,130,390
T002385,P-H002,1,454,454
T002385,P-G009,1,460,460
T002385,P-L008,1,450,450
T002385,P-P001,1,260,260
T002386,P-P013,3,150,450
T002386,P-L019,1,110,110
T002387,P-H015,1,450,450
T002387,P-P007,1,290,290
T002387,P-F019,1,140,140
T002387,P-P017,1,260,260
T002387,P-P010,1,620,620
T002387,P-H010,1,520,520
T002388,P-F003,2,35,70
T002388,P-F014,1,95,95
T002389,P-F003,2,35,70
T002389,P-L019,1,110,110
T002390,P-G001,1,880,880
T002390,P-P026,1,280,280
T002390,P-L003,1,150,150
T002390,P-L016,1,880,880
T002390,P-L001,1,260,260
T002390,P-G005,1,420,420
T002391,P-H025,1,480,480
T002391,P-L013,1,380,380
T002391,P-F017,1,220,220
T002391,P-P016,1,280,280
T002391,P-G004,1,320,320
T002391,P-L015,1,590,590
T002392,P-P002,1,380,380
T002392,P-P017,1,260,260
T002392,P-H010,1,520,520
T002393,P-F004,1,58,58
T002393,P-H001,1,734,734
T002393,P-F011,1,399,399
T002393,P-G003,1,380,380
T002393,P-P014,1,320,320
T002393,P-P017,1,260,260
T002394,P-L002,1,220,220
T002394,P-F014,1,95,95
T002394,P-L019,1,110,110
T002395,P-F018,2,180,360
T002395,P-G004,1,320,320
T002395,P-L010,1,240,240
T002396,P-P017,1,260,260
T002396,P-G009,1,460,460
T002396,P-F002,1,180,180
T002396,P-F016,1,110,110
T002397,P-F001,3,65,195
T002397,P-L004,3,160,480
T002397,P-F014,1,95,95
T002397,P-L021,1,90,90
T002398,P-F016,1,110,110
T002399,P-L019,1,110,110
T002400,P-F003,1,35,35
T002401,P-L019,1,110,110
T002401,P-F003,1,35,35
T002402,P-L021,2,90,180
T002403,P-P026,1,280,280
T002403,P-F003,2,35,70
T002403,P-P015,1,220,220
T002404,P-L010,1,240,240
T002404,P-H010,1,520,520
T002404,P-L021,2,90,180
T002404,P-P022,1,380,380
T002404,P-P008,1,460,460
T002404,P-P003,1,780,780
T002405,P-H002,1,454,454
T002405,P-H006,1,1166,1166
T002405,P-F009,1,126,126
T002405,P-L014,1,180,180
T002405,P-H018,1,990,990
T002405,P-P025,1,480,480
T002406,P-F014,3,95,285
T002406,P-F001,1,65,65
T002407,P-P030,1,300,300
T002407,P-L002,1,220,220
T002407,P-F003,4,35,140
T002407,P-L021,1,90,90
T002407,P-L004,1,160,160
T002407,P-F001,1,65,65
T002408,P-L021,1,90,90
T002408,P-F001,1,65,65
T002409,P-F006,1,336,336
T002409,P-F010,1,79,79
T002409,P-H021,1,580,580
T002409,P-P016,1,280,280
T002409,P-F020,1,190,190
T002410,P-H002,1,454,454
T002410,P-H004,1,605,605
T002410,P-P013,3,150,450
T002410,P-L019,3,110,330
T002410,P-F014,2,95,190
T002411,P-P019,2,120,240
T002411,P-G002,1,480,480
T002411,P-L021,1,90,90
T002411,P-F012,3,130,390
T002411,P-F014,1,95,95
T002412,P-L003,2,150,300
T002412,P-P012,1,180,180
T002412,P-F014,1,95,95
T002413,P-F003,3,35,105
T002413,P-F001,1,65,65
T002414,P-F003,1,35,35
T002415,P-F016,1,110,110
T002415,P-F003,1,35,35
T002416,P-B009,1,240,240
T002416,P-B010,2,220,440
T002417,P-L016,1,880,880
T002417,P-F013,1,160,160
T002417,P-F014,3,95,285
T002417,P-P013,4,150,600
T002417,P-F016,2,110,220
T002417,P-G004,1,320,320
T002418,P-F006,1,336,336
T002418,P-H006,1,1166,1166
T002418,P-H001,1,734,734
T002418,P-P006,1,250,250
T002418,P-L004,1,160,160
T002418,P-L019,1,110,110
T002419,P-F014,3,95,285
T002419,P-F018,3,180,540
T002419,P-P021,1,240,240
T002419,P-L001,1,260,260
T002419,P-F016,1,110,110
T002420,P-F014,-1,95,-95
T002421,P-F016,3,110,330
T002421,P-L015,1,590,590
T002421,P-G002,1,480,480
T002421,P-H011,1,960,960
T002421,P-G003,1,380,380
T002421,P-L001,1,260,260
T002422,P-L014,1,180,180
T002422,P-F016,1,110,110
T002423,P-L022,1,160,160
T002423,P-F016,1,110,110
T002424,P-P030,1,300,300
T002424,P-P002,1,380,380
T002424,P-L022,1,160,160
T002424,P-F001,3,65,195
T002425,P-F001,1,65,65
T002425,P-L019,1,110,110
T002426,P-G002,2,480,960
T002426,P-G005,1,420,420
T002427,P-G002,1,480,480
T002427,P-G004,2,320,640
T002428,P-F016,1,110,110
T002429,P-H012,1,480,480
T002429,P-L022,1,160,160
T002429,P-F014,1,95,95
T002429,P-F016,1,110,110
T002430,P-L022,3,160,480
T002430,P-L010,1,240,240
T002430,P-F002,2,180,360
T002430,P-F018,1,180,180
T002430,P-F001,1,65,65
T002430,P-L021,1,90,90
T002431,P-F005,1,158,158
T002431,P-H006,1,1166,1166
T002431,P-G004,1,320,320
T002431,P-P030,1,300,300
T002431,P-L019,1,110,110
T002432,P-F003,1,35,35
T002433,P-F003,3,35,105
T002434,P-P021,1,240,240
T002434,P-P016,1,280,280
T002434,P-F003,1,35,35
T002435,P-B004,1,599,599
T002435,P-B006,2,280,560
T002435,P-B010,1,220,220
T002436,P-P019,1,120,120
T002436,P-P024,1,540,540
T002436,P-F019,3,140,420
T002437,P-P015,1,220,220
T002437,P-P019,1,120,120
T002437,P-L019,1,110,110
T002438,P-F019,2,140,280
T002438,P-L019,1,110,110
T002438,P-F016,1,110,110
T002438,P-L024,1,420,420
T002438,P-P005,1,340,340
T002438,P-P002,1,380,380
T002439,P-H012,1,480,480
T002439,P-F016,4,110,440
T002439,P-F003,1,35,35
T002440,P-H016,1,390,390
T002441,P-F003,1,35,35
T002441,P-F001,1,65,65
T002442,P-F001,1,65,65
T002442,P-F016,1,110,110
T002443,P-L002,1,220,220
T002443,P-F013,2,160,320
T002443,P-F014,1,95,95
T002444,P-F018,1,180,180
T002444,P-F016,2,110,220
T002445,P-F016,3,110,330
T002445,P-P021,1,240,240
T002445,P-F018,1,180,180
T002445,P-P026,1,280,280
T002445,P-P020,1,350,350
T002445,P-F019,1,140,140
T002446,P-F016,1,110,110
T002447,P-B004,1,599,599
T002447,P-B007,2,260,520
T002447,P-B005,1,320,320
T002448,P-F003,2,35,70
T002448,P-F016,1,110,110
T002449,P-F019,1,140,140
T002449,P-F003,2,35,70
T002449,P-F014,1,95,95
T002450,P-F003,1,35,35
T002450,P-F014,1,95,95
T002451,P-F014,1,95,95
T002451,P-F003,1,35,35
T002452,P-F002,1,180,180
T002452,P-L021,1,90,90
T002452,P-F001,1,65,65
T002453,P-G002,1,480,480
T002454,P-G002,1,480,480
T002454,P-G003,1,380,380
T002455,P-H001,1,734,734
T002455,P-G007,1,620,620
T002455,P-L009,1,280,280
T002455,P-L004,3,160,480
T002455,P-F004,1,58,58
T002455,P-L020,2,190,380
T002455,P-P022,1,380,380
T002455,P-L018,2,130,260
T002456,P-F005,1,158,158
T002456,P-P016,1,280,280
T002456,P-P017,1,260,260
T002456,P-F019,1,140,140
T002456,P-F004,1,58,58
T002456,P-L005,2,180,360
T002456,P-P022,1,380,380
T002456,P-P014,1,320,320
T002457,P-F001,1,65,65
T002457,P-L021,1,90,90
T002458,P-H012,1,480,480
T002458,P-F012,2,130,260
T002458,P-L019,1,110,110
T002458,P-H007,1,520,520
T002459,P-L007,1,320,320
T002459,P-F012,3,130,390
T002460,P-L019,1,110,110
T002461,P-F003,1,35,35
T002461,P-L019,1,110,110
T002462,P-F016,1,110,110
T002463,P-L021,2,90,180
T002463,P-F016,2,110,220
T002463,P-F001,3,65,195
T002463,P-L014,1,180,180
T002463,P-L013,1,380,380
T002463,P-F013,2,160,320
T002464,P-L015,1,590,590
T002464,P-L004,3,160,480
T002464,P-F017,1,220,220
T002464,P-H025,1,480,480
T002464,P-P006,1,250,250
T002464,P-L003,1,150,150
T002465,P-L014,1,180,180
T002465,P-L019,1,110,110
T002466,P-P021,1,240,240
T002466,P-F016,1,110,110
T002466,P-L019,1,110,110
T002467,P-F003,3,35,105
T002467,P-P019,1,120,120
T002467,P-F016,1,110,110
T002468,P-F019,3,140,420
T002468,P-F016,1,110,110
T002469,P-L020,1,190,190
T002469,P-L005,3,180,540
T002469,P-F001,1,65,65
T002470,P-H025,1,480,480
T002470,P-P012,1,180,180
T002470,P-F014,1,95,95
T002471,P-F008,1,252,252
T002471,P-L001,1,260,260
T002471,P-L008,1,450,450
T002471,P-F002,3,180,540
T002471,P-F009,1,126,126
T002471,P-H025,1,480,480
T002471,P-L010,1,240,240
T002471,P-F013,1,160,160
T002472,P-H012,1,480,480
T002472,P-L021,3,90,270
T002472,P-F016,1,110,110
T002472,P-H007,1,520,520
T002473,P-H024,1,750,750
T002473,P-P006,1,250,250
T002473,P-P014,1,320,320
T002473,P-L003,3,150,450
T002474,P-F003,3,35,105
T002475,P-L021,1,90,90
T002476,P-B008,1,380,380
T002476,P-B010,1,220,220
T002476,P-B009,1,240,240
T002477,P-B002,1,760,760
T002477,P-B007,2,260,520
T002477,P-B010,1,220,220
T002478,P-P013,3,150,450
T002478,P-H016,1,390,390
T002478,P-F014,1,95,95
T002478,P-L018,3,130,390
T002479,P-L004,4,160,640
T002479,P-P021,1,240,240
T002479,P-F014,3,95,285
T002479,P-P019,2,120,240
T002479,P-G006,1,560,560
T002479,P-H016,1,390,390
T002480,P-H016,1,390,390
T002481,P-L021,3,90,270
T002481,P-L019,1,110,110
T002482,P-F002,1,180,180
T002482,P-P009,1,890,890
T002482,P-L009,1,280,280
T002482,P-P014,1,320,320
T002482,P-G006,1,560,560
T002482,P-L014,1,180,180
T002483,P-F014,3,95,285
T002483,P-L019,1,110,110
T002484,P-P017,1,260,260
T002484,P-F016,1,110,110
T002484,P-L019,1,110,110
T002485,P-H012,1,480,480
T002485,P-L021,3,90,270
T002486,P-L021,2,90,180
T002487,P-F001,1,65,65
T002487,P-F016,1,110,110
T002488,P-F016,1,110,110
T002488,P-F001,1,65,65
T002489,P-F003,3,35,105
T002490,P-H005,1,410,410
T002490,P-F008,1,252,252
T002490,P-F009,1,126,126
T002490,P-L014,1,180,180
T002490,P-L005,3,180,540
T002490,P-F001,1,65,65
T002491,P-B004,1,599,599
T002491,P-B008,1,380,380
T002491,P-B007,1,260,260
T002491,P-B010,1,220,220
T002492,P-F017,1,220,220
T002492,P-P012,3,180,540
T002492,P-L013,1,380,380
T002492,P-P023,1,260,260
T002492,P-F019,1,140,140
T002493,P-F011,1,399,399
T002493,P-F005,1,158,158
T002493,P-G004,1,320,320
T002493,P-P028,1,200,200
T002493,P-P014,1,320,320
T002494,P-L011,1,520,520
T002494,P-P014,1,320,320
T002494,P-G005,1,420,420
T002495,P-F017,1,220,220
T002495,P-H010,1,520,520
T002495,P-L007,1,320,320
T002495,P-L021,2,90,180
T002496,P-G002,1,480,480
T002496,P-G004,1,320,320
T002497,P-F009,1,126,126
T002497,P-H025,1,480,480
T002497,P-L008,1,450,450
T002497,P-P022,1,380,380
T002497,P-F006,1,336,336
T002497,P-H025,1,480,480
T002497,P-P006,1,250,250
T002497,P-P012,1,180,180
T002498,P-H015,1,450,450
T002498,P-L004,1,160,160
T002498,P-F016,1,110,110
T002499,P-F001,1,65,65
T002499,P-P001,1,260,260
T002499,P-L002,1,220,220
T002500,P-L021,1,90,90
T002501,P-F014,1,95,95
T002501,P-F001,1,65,65
T002502,P-F003,3,35,105
T002503,P-F014,1,95,95
T002503,P-F001,1,65,65
T002504,P-F016,1,110,110
T002505,P-F003,1,35,35
T002505,P-F001,1,65,65
T002506,P-F020,1,190,190
T002506,P-F001,1,65,65
T002506,P-P013,2,150,300
T002507,P-F005,1,158,158
T002507,P-H006,1,1166,1166
T002507,P-P020,1,350,350
T002507,P-P019,1,120,120
T002507,P-F016,1,110,110
T002508,P-H012,1,480,480
T002508,P-L022,2,160,320
T002508,P-L019,1,110,110
T002509,P-F019,1,140,140
T002509,P-F014,1,95,95
T002509,P-F016,1,110,110
T002510,P-F018,1,180,180
T002510,P-F016,1,110,110
T002511,P-F020,1,190,190
T002511,P-L024,1,420,420
T002511,P-L005,2,180,360
T002511,P-F003,3,35,105
T002511,P-L021,1,90,90
T002512,P-P008,1,460,460
T002512,P-H017,1,640,640
T002512,P-P012,3,180,540
T002512,P-H001,1,734,734
T002512,P-F004,1,58,58
T002512,P-P022,1,380,380
T002512,P-F018,3,180,540
T002513,P-H012,1,480,480
T002513,P-F016,3,110,330
T002513,P-F001,2,65,130
T002514,P-P011,1,320,320
T002514,P-H022,1,690,690
T002514,P-G004,1,320,320
T002514,P-L003,1,150,150
T002514,P-L019,1,110,110
T002515,P-F009,1,126,126
T002515,P-H004,1,605,605
T002515,P-H001,1,734,734
T002515,P-P010,1,620,620
T002515,P-G002,1,480,480
T002515,P-F019,2,140,280
T002516,P-P023,1,260,260
T002516,P-F001,2,65,130
T002516,P-F014,1,95,95
T002517,P-P009,1,890,890
T002517,P-P021,1,240,240
T002517,P-G004,1,320,320
T002517,P-L021,1,90,90
T002518,P-G002,1,480,480
T002519,P-L019,1,110,110
T002520,P-F016,1,110,110
T002520,P-F003,1,35,35
T002521,P-P020,1,350,350
T002521,P-P023,1,260,260
T002521,P-P012,2,180,360
T002522,P-F003,3,35,105
T002523,P-H012,1,480,480
T002523,P-L001,1,260,260
T002523,P-F014,1,95,95
T002523,P-F003,1,35,35
T002524,P-B001,1,780,780
T002524,P-B008,1,380,380
T002524,P-B010,1,220,220
T002525,P-F016,1,110,110
T002526,P-P004,1,420,420
T002526,P-L012,1,460,460
T002526,P-L022,1,160,160
T002526,P-P029,1,320,320
T002526,P-F015,1,260,260
T002526,P-L010,1,240,240
T002527,P-F003,2,35,70
T002527,P-F016,1,110,110
T002528,P-L008,1,450,450
T002528,P-P015,1,220,220
T002528,P-F014,2,95,190
T002529,P-P029,1,320,320
T002529,P-L011,1,520,520
T002529,P-F014,3,95,285
T002529,P-F019,1,140,140
T002530,P-F003,1,35,35
T002530,P-L019,1,110,110
T002531,P-F001,-1,65,-65
T002532,P-L021,1,90,90
T002532,P-F014,1,95,95
T002533,P-F010,1,79,79
T002533,P-H025,1,480,480
T002533,P-F016,1,110,110
T002533,P-L005,2,180,360
T002533,P-F006,1,336,336
T002533,P-L008,1,450,450
T002533,P-P001,1,260,260
T002533,P-P027,1,220,220
T002534,P-H003,1,961,961
T002534,P-P029,1,320,320
T002534,P-P015,1,220,220
T002534,P-L021,2,90,180
T002535,P-B004,1,599,599
T002535,P-B004,1,599,599
T002535,P-B005,1,320,320
T002536,P-P014,1,320,320
T002536,P-L010,1,240,240
T002536,P-P008,1,460,460
T002536,P-P030,1,300,300
T002536,P-L021,1,90,90
T002536,P-F001,2,65,130
T002537,P-L005,1,180,180
T002537,P-L019,1,110,110
T002538,P-F002,1,180,180
T002538,P-H023,1,620,620
T002538,P-P028,1,200,200
T002539,P-P028,1,200,200
T002539,P-P012,1,180,180
T002539,P-L018,1,130,130
T002540,P-H012,1,480,480
T002540,P-L010,1,240,240
T002540,P-L018,1,130,130
T002540,P-F003,2,35,70
T002541,P-P005,1,340,340
T002541,P-P001,1,260,260
T002541,P-F019,3,140,420
T002541,P-P012,1,180,180
T002542,P-F005,1,158,158
T002542,P-L019,1,110,110
T002543,P-H012,1,480,480
T002543,P-F013,3,160,480
T002543,P-F003,1,35,35
T002543,P-H007,1,520,520
T002544,P-F018,1,180,180
T002544,P-F016,1,110,110
T002545,P-P006,1,250,250
T002545,P-L019,1,110,110
T002545,P-F001,1,65,65
T002546,P-H016,1,390,390
T002546,P-P017,1,260,260
T002546,P-P014,1,320,320
T002546,P-G009,1,460,460
T002546,P-P027,1,220,220
T002546,P-P029,1,320,320
T002547,P-P012,2,180,360
T002547,P-G008,1,780,780
T002547,P-L005,1,180,180
T002547,P-L018,3,130,390
T002548,P-L010,1,240,240
T002548,P-L002,1,220,220
T002548,P-F013,3,160,480
T002549,P-F004,1,58,58
T002549,P-P021,1,240,240
T002549,P-F016,2,110,220
T002549,P-P027,1,220,220
T002549,P-H003,1,961,961
T002549,P-F004,1,58,58
T002549,P-H001,1,734,734
T002549,P-L004,3,160,480
T002550,P-F003,2,35,70
T002550,P-F001,1,65,65
T002551,P-F020,1,190,190
T002551,P-L002,1,220,220
T002551,P-L020,1,190,190
T002552,P-F001,1,65,65
T002552,P-L021,1,90,90
T002553,P-L021,1,90,90
T002554,P-L013,1,380,380
T002554,P-P016,1,280,280
T002554,P-L002,1,220,220
T002554,P-L019,1,110,110
T002555,P-F018,3,180,540
T002555,P-P016,1,280,280
T002555,P-F017,1,220,220
T002555,P-L021,1,90,90
T002556,P-P019,3,120,360
T002556,P-P021,1,240,240
T002556,P-F020,1,190,190
T002557,P-G002,2,480,960
T002557,P-G002,1,480,480
T002558,P-H015,1,450,450
T002558,P-P019,3,120,360
T002558,P-H020,1,720,720
T002558,P-L024,1,420,420
T002558,P-F015,1,260,260
T002558,P-G003,1,380,380
T002559,P-F003,3,35,105
T002560,P-F011,1,399,399
T002560,P-P015,1,220,220
T002560,P-P024,1,540,540
T002560,P-P002,1,380,380
T002561,P-H012,1,480,480
T002561,P-L020,2,190,380
T002561,P-F014,1,95,95
T002561,P-H007,1,520,520
T002562,P-L019,2,110,220
T002562,P-L021,1,90,90
T002563,P-L022,1,160,160
T002563,P-L019,2,110,220
T002564,P-F016,1,110,110
T002565,P-L021,1,90,90
T002566,P-L021,1,90,90
T002567,P-H012,1,480,480
T002567,P-L002,1,220,220
T002567,P-F013,1,160,160
T002567,P-F001,1,65,65
T002568,P-P019,-1,120,-120
T002569,P-L019,1,110,110
T002570,P-F007,1,94,94
T002570,P-H025,1,480,480
T002570,P-P014,1,320,320
T002570,P-F002,2,180,360
T002571,P-H012,1,480,480
T002571,P-L010,1,240,240
T002571,P-L018,3,130,390
T002572,P-P029,1,320,320
T002572,P-F016,3,110,330
T002572,P-L001,1,260,260
T002572,P-L020,1,190,190
T002573,P-H002,1,454,454
T002573,P-F007,1,94,94
T002573,P-H017,1,640,640
T002573,P-L015,1,590,590
T002573,P-F001,1,65,65
T002574,P-F010,1,79,79
T002574,P-F004,1,58,58
T002574,P-P027,1,220,220
T002574,P-P015,1,220,220
T002574,P-L005,1,180,180
T002575,P-H002,1,454,454
T002575,P-L004,2,160,320
T002575,P-F012,1,130,130
T002575,P-F014,1,95,95
T002575,P-F008,1,252,252
T002575,P-P001,1,260,260
T002575,P-L003,1,150,150
T002575,P-F019,1,140,140
T002576,P-F001,1,65,65
T002576,P-L021,1,90,90
T002577,P-P022,1,380,380
T002577,P-P023,1,260,260
T002577,P-F017,1,220,220
T002578,P-F001,1,65,65
T002578,P-F003,1,35,35
T002579,P-L021,2,90,180
T002579,P-H015,1,450,450
T002579,P-P030,1,300,300
T002579,P-F001,1,65,65
T002579,P-P026,1,280,280
T002579,P-F012,1,130,130
T002580,P-F007,1,94,94
T002580,P-P008,1,460,460
T002580,P-P007,1,290,290
T002580,P-P002,1,380,380
T002580,P-F007,1,94,94
T002580,P-P025,1,480,480
T002580,P-L011,1,520,520
T002580,P-P004,1,420,420
T002581,P-F001,1,65,65
T002581,P-F016,1,110,110
T002581,P-F003,1,35,35
T002581,P-H006,1,1166,1166
T002581,P-F003,1,35,35
T002581,P-L021,1,90,90
T002581,P-P010,1,620,620
T002582,P-F001,1,65,65
T002583,P-H012,1,480,480
T002583,P-F016,1,110,110
T002583,P-L005,1,180,180
T002583,P-L019,1,110,110
T002583,P-H007,1,520,520
T002584,P-P013,1,150,150
T002585,P-P020,1,350,350
T002585,P-P018,1,580,580
T002585,P-L003,3,150,450
T002586,P-F020,1,190,190
T002586,P-F003,2,35,70
T002586,P-F014,1,95,95
T002587,P-G005,1,420,420
T002587,P-P027,1,220,220
T002587,P-L023,1,540,540
T002587,P-P005,1,340,340
T002587,P-P006,1,250,250
T002587,P-H024,1,750,750
T002588,P-F017,1,220,220
T002588,P-L019,3,110,330
T002588,P-F013,4,160,640
T002588,P-L012,1,460,460
T002589,P-F003,1,35,35
T002589,P-F003,3,35,105
T002590,P-F013,1,160,160
T002590,P-F001,2,65,130
T002590,P-F003,1,35,35
T002591,P-F006,1,336,336
T002591,P-F008,1,252,252
T002591,P-L007,2,320,640
T002591,P-L018,1,130,130
T002591,P-L004,2,160,320
T002592,P-H016,1,390,390
T002593,P-L021,1,90,90
T002593,P-L019,2,110,220
T002594,P-F010,1,79,79
T002594,P-H002,1,454,454
T002594,P-F020,1,190,190
T002594,P-F012,1,130,130
T002594,P-F014,1,95,95
T002595,P-P009,1,890,890
T002595,P-L024,1,420,420
T002595,P-F016,2,110,220
T002595,P-H015,1,450,450
T002595,P-P017,1,260,260
T002595,P-G003,1,380,380
T002596,P-F009,1,126,126
T002596,P-H021,1,580,580
T002596,P-H015,1,450,450
T002596,P-P020,1,350,350
T002596,P-F011,1,399,399
T002596,P-L003,2,150,300
T002596,P-L023,1,540,540
T002596,P-P028,1,200,200
T002597,P-L004,1,160,160
T002597,P-F001,3,65,195
T002598,P-G002,2,480,960
T002599,P-G002,1,480,480
T002599,P-L007,1,320,320
T002599,P-G004,1,320,320
T002599,P-P019,2,120,240
T002599,P-L017,1,620,620
T002599,P-F003,1,35,35
T002600,P-F014,1,95,95
T002600,P-F001,1,65,65
T002601,P-F003,1,35,35
T002601,P-L021,1,90,90
T002602,P-B005,2,320,640
T002602,P-B009,1,240,240
T002602,P-B007,1,260,260
T002603,P-P025,1,480,480
T002603,P-P023,1,260,260
T002603,P-P008,1,460,460
T002603,P-F013,2,160,320
T002603,P-L021,1,90,90
T002604,P-L003,1,150,150
T002604,P-L021,2,90,180
T002605,P-L005,1,180,180
T002605,P-F014,1,95,95
T002605,P-F016,1,110,110
T002606,P-P019,3,120,360
T002606,P-L021,1,90,90
T002607,P-L020,1,190,190
T002607,P-L018,3,130,390
T002607,P-F016,1,110,110
T002607,P-P028,1,200,200
T002607,P-P021,1,240,240
T002607,P-P015,1,220,220
T002608,P-F003,1,35,35
T002609,P-P030,1,300,300
T002609,P-H010,1,520,520
T002609,P-P022,1,380,380
T002609,P-L022,1,160,160
T002610,P-B007,1,260,260
T002610,P-B009,1,240,240
T002610,P-B010,1,220,220
T002611,P-H013,1,850,850
T002611,P-L001,1,260,260
T002611,P-L019,2,110,220
T002612,P-F011,1,399,399
T002612,P-H003,1,961,961
T002612,P-P021,1,240,240
T002612,P-F012,1,130,130
T002612,P-F003,1,35,35
T002613,P-F018,1,180,180
T002613,P-F014,1,95,95
T002613,P-P015,1,220,220
T002613,P-H025,1,480,480
T002613,P-P028,1,200,200
T002613,P-P013,3,150,450
T002614,P-L022,1,160,160
T002614,P-L021,2,90,180
T002615,P-H004,1,605,605
T002615,P-F004,1,58,58
T002615,P-H004,1,605,605
T002615,P-P002,1,380,380
T002615,P-L003,1,150,150
T002615,P-F018,1,180,180
T002616,P-H015,1,450,450
T002616,P-H011,1,960,960
T002616,P-G005,1,420,420
T002616,P-G010,1,1080,1080
T002616,P-P007,1,290,290
T002616,P-L014,3,180,540
T002617,P-F014,1,95,95
T002618,P-P027,1,220,220
T002618,P-P013,1,150,150
T002618,P-H015,1,450,450
T002619,P-L021,1,90,90
T002620,P-F001,1,65,65
T002620,P-F016,1,110,110
T002621,P-F003,1,35,35
T002621,P-F001,2,65,130
T002622,P-B006,1,280,280
T002622,P-B009,1,240,240
T002622,P-B005,1,320,320
T002623,P-B004,1,599,599
T002623,P-B009,2,240,480
T002623,P-B006,1,280,280
T002623,P-B010,1,220,220
T002624,P-H016,1,390,390
T002625,P-H012,1,480,480
T002625,P-L021,1,90,90
T002625,P-F003,2,35,70
T002625,P-F015,1,260,260
T002625,P-H007,1,520,520
T002626,P-G005,1,420,420
T002626,P-L014,2,180,360
T002626,P-P012,2,180,360
T002627,P-L008,1,450,450
T002627,P-F002,1,180,180
T002627,P-P024,1,540,540
T002628,P-F003,2,35,70
T002628,P-F001,1,65,65
T002629,P-F015,1,260,260
T002629,P-L010,1,240,240
T002629,P-P015,1,220,220
T002629,P-L018,1,130,130
T002630,P-F019,1,140,140
T002630,P-F016,1,110,110
T002630,P-L019,1,110,110
T002631,P-G006,1,560,560
T002631,P-P006,1,250,250
T002631,P-P019,1,120,120
T002631,P-F017,1,220,220
T002631,P-L018,1,130,130
T002632,P-G002,2,480,960
T002632,P-G004,1,320,320
T002633,P-P019,2,120,240
T002633,P-P014,1,320,320
T002633,P-P012,1,180,180
T002633,P-F009,1,126,126
T002633,P-F016,2,110,220
T002633,P-G009,1,460,460
T002633,P-H016,1,390,390
T002634,P-L019,1,110,110
T002635,P-F001,2,65,130
T002635,P-F002,3,180,540
T002635,P-L021,1,90,90
T002635,P-F012,1,130,130
T002635,P-P029,1,320,320
T002635,P-P001,1,260,260
T002636,P-H016,1,390,390
T002637,P-F020,1,190,190
T002637,P-F003,1,35,35
T002637,P-F014,2,95,190
T002638,P-F008,1,252,252
T002638,P-H001,1,734,734
T002638,P-F003,1,35,35
T002638,P-P013,3,150,450
T002638,P-P019,1,120,120
T002639,P-P011,1,320,320
T002639,P-F014,1,95,95
T002639,P-F016,1,110,110
T002639,P-F013,2,160,320
T002639,P-P026,1,280,280
T002639,P-F014,1,95,95
T002640,P-F001,3,65,195
T002641,P-P019,2,120,240
T002641,P-F001,1,65,65
T002642,P-G002,1,480,480
T002643,P-L018,2,130,260
T002643,P-L003,3,150,450
T002643,P-F020,1,190,190
T002643,P-L013,1,380,380
T002643,P-F018,1,180,180
T002643,P-L021,1,90,90
T002644,P-F016,1,110,110
T002645,P-P019,1,120,120
T002645,P-P008,1,460,460
T002645,P-P027,1,220,220
T002645,P-L001,1,260,260
T002646,P-B004,1,599,599
T002646,P-B006,1,280,280
T002646,P-B010,2,220,440
T002647,P-B004,1,599,599
T002647,P-B004,1,599,599
T002647,P-B010,1,220,220
T002647,P-B006,1,280,280
T002648,P-P019,2,120,240
T002648,P-F015,1,260,260
T002648,P-F017,1,220,220
T002648,P-G003,1,380,380
T002648,P-F019,1,140,140
T002649,P-L021,2,90,180
T002649,P-P015,1,220,220
T002649,P-L014,3,180,540
T002650,P-F010,1,79,79
T002650,P-F008,1,252,252
T002650,P-H001,1,734,734
T002650,P-P005,1,340,340
T002650,P-F002,2,180,360
T002650,P-G001,1,880,880
T002651,P-L023,1,540,540
T002651,P-F014,3,95,285
T002651,P-L019,1,110,110
T002651,P-F003,1,35,35
T002651,P-L022,3,160,480
T002651,P-F001,3,65,195
T002652,P-F001,2,65,130
T002653,P-F014,1,95,95
T002653,P-F003,1,35,35
T002654,P-F016,1,110,110
T002654,P-F014,1,95,95
T002654,P-F003,1,35,35
T002655,P-L022,2,160,320
T002655,P-L021,1,90,90
T002655,P-F016,1,110,110
T002656,P-L019,1,110,110
T002657,P-G002,2,480,960
T002657,P-G004,1,320,320
T002658,P-F003,1,35,35
T002658,P-F001,2,65,130
T002659,P-L019,1,110,110
T002660,P-H003,1,961,961
T002660,P-F004,1,58,58
T002660,P-P012,3,180,540
T002660,P-P028,1,200,200
T002660,P-L014,2,180,360
T002661,P-F008,1,252,252
T002661,P-H017,1,640,640
T002661,P-P006,1,250,250
T002661,P-L020,1,190,190
T002661,P-H001,1,734,734
T002661,P-F017,1,220,220
T002661,P-F012,2,130,260
T002661,P-L001,1,260,260
T002662,P-P029,1,320,320
T002662,P-H015,1,450,450
T002662,P-H021,1,580,580
T002662,P-H010,1,520,520
T002662,P-P019,3,120,360
T002662,P-L001,1,260,260
T002663,P-H012,1,480,480
T002663,P-L009,1,280,280
T002663,P-L019,1,110,110
T002663,P-F001,1,65,65
T002663,P-H007,1,520,520
T002664,P-F014,3,95,285
T002664,P-F016,1,110,110
T002665,P-F008,1,252,252
T002665,P-F008,1,252,252
T002665,P-H024,1,750,750
T002665,P-G002,1,480,480
T002665,P-F014,2,95,190
T002666,P-H012,1,480,480
T002666,P-L014,3,180,540
T002667,P-H002,1,454,454
T002667,P-F004,1,58,58
T002667,P-P015,1,220,220
T002667,P-P014,1,320,320
T002667,P-P001,1,260,260
T002668,P-H001,1,734,734
T002668,P-H001,1,734,734
T002668,P-L012,1,460,460
T002668,P-L017,1,620,620
T002668,P-F003,3,35,105
T002669,P-F017,1,220,220
T002669,P-P007,1,290,290
T002669,P-L020,1,190,190
T002670,P-F013,1,160,160
T002670,P-F003,3,35,105
T002670,P-L021,1,90,90
T002671,P-P011,1,320,320
T002671,P-P019,1,120,120
T002671,P-F014,1,95,95
T002672,P-G002,1,480,480
T002672,P-P028,1,200,200
T002672,P-L018,3,130,390
T002672,P-F017,1,220,220
T002672,P-F002,2,180,360
T002672,P-L018,3,130,390
T002673,P-F001,1,65,65
T002673,P-F016,1,110,110
T002674,P-F010,1,79,79
T002674,P-F006,1,336,336
T002674,P-F005,1,158,158
T002674,P-P020,1,350,350
T002674,P-P007,1,290,290
T002674,P-F015,1,260,260
T002675,P-F006,1,336,336
T002675,P-F011,1,399,399
T002675,P-P016,1,280,280
T002675,P-F019,1,140,140
T002675,P-F014,1,95,95
T002676,P-F010,1,79,79
T002676,P-F009,1,126,126
T002676,P-F011,1,399,399
T002676,P-L003,2,150,300
T002676,P-F016,1,110,110
T002677,P-G009,1,460,460
T002677,P-G005,1,420,420
T002677,P-P020,1,350,350
T002677,P-F001,2,65,130
T002677,P-L002,1,220,220
T002677,P-F018,1,180,180
T002678,P-F003,3,35,105
T002679,P-H004,1,605,605
T002679,P-H002,1,454,454
T002679,P-L017,1,620,620
T002679,P-P012,2,180,360
T002679,P-L018,1,130,130
T002680,P-F007,1,94,94
T002680,P-F015,1,260,260
T002680,P-L009,1,280,280
T002680,P-P019,1,120,120
T002681,P-L017,1,620,620
T002681,P-F001,2,65,130
T002681,P-F016,3,110,330
T002682,P-H005,1,410,410
T002682,P-P008,1,460,460
T002682,P-F013,2,160,320
T002682,P-F019,3,140,420
T002683,P-F017,1,220,220
T002683,P-F001,2,65,130
T002683,P-F003,1,35,35
T002684,P-L008,1,450,450
T002684,P-F003,1,35,35
T002684,P-L004,1,160,160
T002684,P-P016,1,280,280
T002684,P-L022,3,160,480
T002685,P-F012,2,130,260
T002685,P-L013,1,380,380
T002685,P-F002,1,180,180
T002686,P-F006,1,336,336
T002686,P-L019,2,110,220
T002686,P-F020,1,190,190
T002686,P-L021,1,90,90
T002687,P-L006,1,680,680
T002687,P-L007,1,320,320
T002687,P-P014,1,320,320
T002687,P-L003,1,150,150
T002687,P-L019,1,110,110
T002688,P-P006,1,250,250
T002688,P-L010,1,240,240
T002688,P-L004,3,160,480
T002688,P-F014,1,95,95
T002689,P-L006,1,680,680
T002689,P-P004,1,420,420
T002689,P-F015,1,260,260
T002689,P-G007,1,620,620
T002689,P-L015,1,590,590
T002689,P-F019,2,140,280
T002690,P-F019,1,140,140
T002690,P-F003,2,35,70
T002690,P-F001,1,65,65
T002691,P-P013,1,150,150
T002692,P-L005,3,180,540
T002692,P-L019,1,110,110
T002692,P-P007,1,290,290
T002692,P-F001,3,65,195
T002693,P-L016,1,880,880
T002693,P-P011,1,320,320
T002693,P-F012,3,130,390
T002694,P-L021,1,90,90
T002694,P-F014,1,95,95
T002695,P-P002,-1,380,-380
T002696,P-F001,4,65,260
T002696,P-F014,1,95,95
T002697,P-H001,1,734,734
T002697,P-H001,1,734,734
T002697,P-P004,1,420,420
T002697,P-H009,1,780,780
T002697,P-F012,3,130,390
T002698,P-F007,1,94,94
T002698,P-F008,1,252,252
T002698,P-L005,2,180,360
T002698,P-L017,1,620,620
T002698,P-P019,2,120,240
T002699,P-F014,2,95,190
T002700,P-H012,1,480,480
T002700,P-L022,2,160,320
T002700,P-F001,2,65,130
T002701,P-B004,1,599,599
T002701,P-B006,1,280,280
T002701,P-B009,1,240,240
T002701,P-B010,1,220,220
T002702,P-G006,1,560,560
T002702,P-G004,1,320,320
T002702,P-P021,1,240,240
T002702,P-F012,1,130,130
T002703,P-L019,1,110,110
T002703,P-P021,1,240,240
T002703,P-F001,1,65,65
T002703,P-L011,1,520,520
T002703,P-L004,2,160,320
T002703,P-F019,1,140,140
T002704,P-L013,1,380,380
T002704,P-F016,3,110,330
T002704,P-F015,1,260,260
T002704,P-P008,1,460,460
T002704,P-G006,1,560,560
T002704,P-L019,1,110,110
T002705,P-F003,2,35,70
T002705,P-F001,1,65,65
T002706,P-P022,-1,380,-380
T002707,P-P008,1,460,460
T002707,P-F002,1,180,180
T002707,P-L019,1,110,110
T002708,P-B004,1,599,599
T002708,P-B006,1,280,280
T002708,P-B005,1,320,320
T002709,P-P019,2,120,240
T002710,P-L017,1,620,620
T002710,P-P029,1,320,320
T002710,P-L019,1,110,110
T002710,P-F016,1,110,110
T002711,P-F003,4,35,140
T002712,P-F014,1,95,95
T002712,P-L017,1,620,620
T002712,P-F013,2,160,320
T002713,P-L019,1,110,110
T002714,P-P015,1,220,220
T002714,P-L021,1,90,90
T002714,P-F014,1,95,95
T002715,P-P011,1,320,320
T002715,P-L022,1,160,160
T002715,P-L010,1,240,240
T002715,P-F002,1,180,180
T002715,P-F016,1,110,110
T002716,P-G006,1,560,560
T002716,P-F020,1,190,190
T002716,P-F016,1,110,110
T002717,P-P010,1,620,620
T002717,P-G008,1,780,780
T002717,P-P005,1,340,340
T002717,P-L009,1,280,280
T002717,P-H020,1,720,720
T002717,P-P012,3,180,540
T002718,P-B004,1,599,599
T002718,P-B005,1,320,320
T002718,P-B009,2,240,480
T002718,P-B006,1,280,280
T002719,P-H023,1,620,620
T002719,P-F002,1,180,180
T002719,P-L021,1,90,90
T002719,P-P019,1,120,120
T002719,P-F014,1,95,95
T002720,P-H006,1,1166,1166
T002720,P-H003,1,961,961
T002720,P-F006,1,336,336
T002720,P-G002,1,480,480
T002720,P-F017,1,220,220
T002720,P-P018,1,580,580
T002721,P-F018,3,180,540
T002721,P-G004,1,320,320
T002721,P-L019,1,110,110
T002721,P-F001,1,65,65
T002722,P-H003,1,961,961
T002722,P-F007,1,94,94
T002722,P-P004,1,420,420
T002722,P-F017,1,220,220
T002722,P-L021,2,90,180
T002723,P-F013,3,160,480
T002723,P-L018,3,130,390
T002723,P-P011,1,320,320
T002723,P-P021,1,240,240
T002723,P-P025,1,480,480
T002723,P-P012,2,180,360
T002724,P-P021,1,240,240
T002724,P-P008,1,460,460
T002724,P-L003,1,150,150
T002725,P-L018,1,130,130
T002725,P-F002,1,180,180
T002725,P-F003,1,35,35
T002725,P-F006,1,336,336
T002725,P-P014,1,320,320
T002725,P-P013,1,150,150
T002725,P-G003,1,380,380
T002726,P-F003,1,35,35
T002727,P-F003,3,35,105
T002728,P-F004,1,58,58
T002728,P-H015,1,450,450
T002728,P-P002,1,380,380
T002728,P-P028,1,200,200
T002728,P-F005,1,158,158
T002728,P-F005,1,158,158
T002728,P-L024,1,420,420
T002728,P-L004,3,160,480
T002729,P-F012,1,130,130
T002729,P-F016,1,110,110
T002729,P-L019,1,110,110
T002730,P-P007,1,290,290
T002730,P-P027,1,220,220
T002730,P-L005,2,180,360
T002730,P-F016,1,110,110
T002731,P-L024,1,420,420
T002731,P-F016,3,110,330
T002731,P-P019,2,120,240
T002731,P-L019,1,110,110
T002732,P-F004,1,58,58
T002732,P-L023,1,540,540
T002732,P-L010,1,240,240
T002732,P-L021,1,90,90
T002733,P-F016,1,110,110
T002733,P-F003,2,35,70
T002734,P-F012,1,130,130
T002734,P-L022,1,160,160
T002734,P-F014,1,95,95
T002734,P-F016,1,110,110
T002735,P-G002,2,480,960
T002736,P-P008,1,460,460
T002736,P-F017,1,220,220
T002736,P-F013,1,160,160
T002736,P-F016,1,110,110
T002737,P-P012,2,180,360
T002737,P-F015,1,260,260
T002737,P-P028,1,200,200
T002737,P-P017,1,260,260
T002737,P-F016,1,110,110
T002737,P-F001,1,65,65
T002738,P-L010,1,240,240
T002738,P-H015,1,450,450
T002738,P-P017,1,260,260
T002738,P-L007,1,320,320
T002738,P-P006,1,250,250
T002738,P-G003,1,380,380
T002739,P-F016,3,110,330
T002739,P-L024,1,420,420
T002739,P-L019,2,110,220
T002739,P-F001,1,65,65
T002740,P-B004,1,599,599
T002740,P-B006,2,280,560
T002740,P-B005,1,320,320
T002741,P-H001,1,734,734
T002741,P-H002,1,454,454
T002741,P-H020,1,720,720
T002741,P-L019,1,110,110
T002741,P-H021,1,580,580
T002742,P-F003,1,35,35
T002742,P-F001,3,65,195
T002743,P-H025,1,480,480
T002743,P-L018,1,130,130
T002743,P-L021,1,90,90
T002744,P-G004,1,320,320
T002744,P-F020,1,190,190
T002744,P-F002,3,180,540
T002745,P-P020,1,350,350
T002745,P-P013,1,150,150
T002745,P-F003,2,35,70
T002745,P-L019,1,110,110
T002746,P-G002,1,480,480
T002747,P-G002,1,480,480
T002748,P-H002,1,454,454
T002748,P-F006,1,336,336
T002748,P-H006,1,1166,1166
T002748,P-P013,1,150,150
T002748,P-G009,1,460,460
T002748,P-P003,1,780,780
T002749,P-F006,1,336,336
T002749,P-F007,1,94,94
T002749,P-F007,1,94,94
T002749,P-P026,1,280,280
T002749,P-F003,3,35,105
T002749,P-F016,1,110,110
T002750,P-L019,1,110,110
T002751,P-F003,1,35,35
T002751,P-L019,1,110,110
T002752,P-H003,1,961,961
T002752,P-F009,1,126,126
T002752,P-L013,1,380,380
T002752,P-P021,1,240,240
T002752,P-L018,3,130,390
T002753,P-H006,1,1166,1166
T002753,P-F005,1,158,158
T002753,P-F010,1,79,79
T002753,P-G002,1,480,480
T002753,P-L014,1,180,180
T002753,P-F003,2,35,70
T002754,P-B004,-1,599,-599
T002755,P-F006,1,336,336
T002755,P-P020,1,350,350
T002755,P-H018,1,990,990
T002755,P-P016,1,280,280
T002755,P-F009,1,126,126
T002755,P-P007,1,290,290
T002755,P-H009,1,780,780
T002755,P-F012,3,130,390
T002756,P-H012,1,480,480
T002756,P-F016,3,110,330
T002756,P-L019,1,110,110
T002756,P-H007,1,520,520
T002757,P-F002,1,180,180
T002757,P-F014,1,95,95
T002758,P-H002,1,454,454
T002758,P-F011,1,399,399
T002758,P-H002,1,454,454
T002758,P-P013,3,150,450
T002758,P-L019,1,110,110
T002759,P-F009,1,126,126
T002759,P-F010,1,79,79
T002759,P-H001,1,734,734
T002759,P-F017,1,220,220
T002759,P-L022,1,160,160
T002759,P-F003,1,35,35
T002760,P-F009,1,126,126
T002761,P-L014,1,180,180
T002761,P-F003,3,35,105
T002761,P-L019,1,110,110
T002762,P-F019,1,140,140
T002762,P-F014,2,95,190
T002762,P-F001,1,65,65
T002763,P-F016,1,110,110
T002763,P-F001,1,65,65
T002764,P-L019,1,110,110
T002765,P-P026,1,280,280
T002765,P-F018,1,180,180
T002765,P-F003,1,35,35
T002766,P-F003,1,35,35
T002767,P-F003,1,35,35
T002768,P-F003,2,35,70
T002768,P-F014,1,95,95
T002769,P-B007,1,260,260
T002769,P-B008,2,380,760
T002769,P-B010,1,220,220
T002770,P-H012,1,480,480
T002770,P-F013,1,160,160
T002770,P-L019,1,110,110
T002770,P-F016,1,110,110
T002770,P-H007,1,520,520
T002771,P-P019,2,120,240
T002772,P-L014,1,180,180
T002772,P-L019,1,110,110
T002773,P-P015,1,220,220
T002773,P-F019,1,140,140
T002773,P-F012,1,130,130
T002773,P-L021,1,90,90
T002773,P-G007,1,620,620
T002773,P-L022,3,160,480
T002774,P-F016,1,110,110
T002775,P-F012,2,130,260
T002775,P-F014,1,95,95
T002776,P-P013,2,150,300
T002776,P-L021,1,90,90
T002776,P-F001,1,65,65
T002777,P-L018,1,130,130
T002777,P-L004,1,160,160
T002777,P-F001,1,65,65
T002777,P-L021,1,90,90
T002778,P-H006,1,1166,1166
T002778,P-F010,1,79,79
T002778,P-F004,1,58,58
T002778,P-H021,1,580,580
T002778,P-F012,1,130,130
T002778,P-F016,2,110,220
T002779,P-F016,1,110,110
T002779,P-F014,1,95,95
T002779,P-G003,1,380,380
T002779,P-F016,2,110,220
T002779,P-L021,1,90,90
T002780,P-P017,1,260,260
T002780,P-L006,1,680,680
T002780,P-P020,1,350,350
T002781,P-F013,1,160,160
T002781,P-F016,1,110,110
T002782,P-F019,1,140,140
T002782,P-F014,2,95,190
T002783,P-H012,1,480,480
T002783,P-L007,1,320,320
T002783,P-F012,1,130,130
T002783,P-F003,2,35,70
T002783,P-H007,1,520,520
T002784,P-G002,1,480,480
T002785,P-G002,2,480,960
T002786,P-L017,1,620,620
T002786,P-L004,3,160,480
T002786,P-G004,1,320,320
T002786,P-P014,1,320,320
T002786,P-L014,3,180,540
T002786,P-F014,1,95,95
T002787,P-L021,1,90,90
T002787,P-F014,1,95,95
T002788,P-P013,3,150,450
T002788,P-P001,1,260,260
T002788,P-L007,1,320,320
T002788,P-L018,1,130,130
T002788,P-F003,3,35,105
T002789,P-P029,1,320,320
T002789,P-P015,1,220,220
T002789,P-L001,1,260,260
T002789,P-P016,1,280,280
T002789,P-L019,1,110,110
T002790,P-L021,2,90,180
T002790,P-L019,1,110,110
T002791,P-L022,3,160,480
T002791,P-P020,1,350,350
T002791,P-L003,1,150,150
T002791,P-F014,1,95,95
T002792,P-P004,1,420,420
T002792,P-P019,2,120,240
T002792,P-L005,1,180,180
T002792,P-L018,2,130,260
T002792,P-L002,1,220,220
T002792,P-F002,2,180,360
T002793,P-F016,2,110,220
T002793,P-F014,1,95,95
T002793,P-L003,1,150,150
T002794,P-G005,1,420,420
T002794,P-F002,3,180,540
T002794,P-L021,1,90,90
T002795,P-F019,3,140,420
T002795,P-F014,1,95,95
T002796,P-G002,2,480,960
T002797,P-G002,2,480,960
T002798,P-L019,1,110,110
T002799,P-F014,1,95,95
T002800,P-F014,2,95,190
T002800,P-P022,1,380,380
T002800,P-F012,2,130,260
T002800,P-F016,1,110,110
T002800,P-P029,1,320,320
T002800,P-P013,1,150,150
T002801,P-L022,2,160,320
T002801,P-L019,1,110,110
T002802,P-B008,1,380,380
T002802,P-B004,1,599,599
T002802,P-B009,1,240,240
T002803,P-H016,1,390,390
T002804,P-H012,1,480,480
T002804,P-L003,1,150,150
T002804,P-L019,1,110,110
T002804,P-L021,1,90,90
T002804,P-H007,1,520,520
T002805,P-L021,2,90,180
T002806,P-F018,1,180,180
T002806,P-F014,1,95,95
T002806,P-L021,1,90,90
T002807,P-F002,3,180,540
T002807,P-P021,2,240,480
T002807,P-P006,1,250,250
T002807,P-L019,1,110,110
T002807,P-P024,1,540,540
T002807,P-L010,1,240,240
T002808,P-F001,1,65,65
T002808,P-F003,1,35,35
T002808,P-F014,1,95,95
T002809,P-H015,1,450,450
T002809,P-L002,1,220,220
T002809,P-F016,1,110,110
T002809,P-L004,3,160,480
T002810,P-F002,2,180,360
T002810,P-P005,1,340,340
T002810,P-P012,3,180,540
T002811,P-L022,1,160,160
T002811,P-L021,1,90,90
T002811,P-F014,1,95,95
T002812,P-H023,1,620,620
T002812,P-P012,2,180,360
T002812,P-L002,1,220,220
T002812,P-P015,1,220,220
T002812,P-L022,2,160,320
T002812,P-P012,3,180,540
T002813,P-F018,4,180,720
T002813,P-F012,3,130,390
T002814,P-H006,1,1166,1166
T002814,P-F006,1,336,336
T002814,P-P024,1,540,540
T002814,P-L017,1,620,620
T002814,P-P011,1,320,320
T002815,P-F001,2,65,130
T002816,P-F003,1,35,35
T002816,P-F016,2,110,220
T002817,P-F001,3,65,195
T002817,P-H017,1,640,640
T002817,P-F002,1,180,180
T002817,P-P019,1,120,120
T002818,P-H024,1,750,750
T002818,P-P014,1,320,320
T002818,P-F016,1,110,110
T002819,P-F017,-1,220,-220
T002820,P-L021,1,90,90
T002820,P-F003,1,35,35
T002821,P-F003,1,35,35
T002821,P-L019,1,110,110
T002822,P-G002,2,480,960
T002822,P-G004,1,320,320
T002823,P-H001,1,734,734
T002823,P-H001,1,734,734
T002823,P-F015,1,260,260
T002823,P-L021,2,90,180
T002823,P-L003,3,150,450
T002824,P-L002,1,220,220
T002824,P-L014,2,180,360
T002824,P-L021,2,90,180
T002824,P-F013,1,160,160
T002824,P-L019,1,110,110
T002825,P-L021,2,90,180
T002826,P-B004,1,599,599
T002826,P-B008,1,380,380
T002826,P-B005,1,320,320
T002827,P-F003,4,35,140
T002827,P-P012,1,180,180
T002827,P-F001,3,65,195
T002828,P-P023,1,260,260
T002828,P-P022,1,380,380
T002828,P-F001,3,65,195
T002828,P-L022,3,160,480
T002829,P-G002,2,480,960
T002830,P-F014,1,95,95
T002830,P-F003,1,35,35
T002831,P-L022,1,160,160
T002831,P-F003,4,35,140
T002831,P-F016,1,110,110
T002832,P-G002,1,480,480
T002832,P-G004,1,320,320
T002833,P-G002,1,480,480
T002834,P-F004,1,58,58
T002834,P-F005,1,158,158
T002834,P-L011,1,520,520
T002834,P-P021,1,240,240
T002834,P-L022,1,160,160
T002835,P-F014,1,95,95
T002835,P-F003,1,35,35
T002835,P-L022,3,160,480
T002835,P-P017,1,260,260
T002835,P-F016,2,110,220
T002836,P-F018,-1,180,-180
T002837,P-F014,1,95,95
T002837,P-F001,1,65,65
T002838,P-L021,1,90,90
T002838,P-F003,1,35,35
T002839,P-G002,2,480,960
T002840,P-H001,1,734,734
T002840,P-H003,1,961,961
T002840,P-F017,1,220,220
T002840,P-P011,1,320,320
T002840,P-P015,1,220,220
T002841,P-H005,1,410,410
T002841,P-L023,1,540,540
T002841,P-P026,1,280,280
T002841,P-L007,1,320,320
T002842,P-B010,2,220,440
T002842,P-B009,1,240,240
T002843,P-B002,1,760,760
T002843,P-B007,3,260,780
T002844,P-F017,1,220,220
T002844,P-L021,3,90,270
T002844,P-P001,1,260,260
T002844,P-L019,1,110,110
T002844,P-F016,1,110,110
T002845,P-L014,1,180,180
T002845,P-L021,2,90,180
T002846,P-L019,4,110,440
T002846,P-L021,1,90,90
T002847,P-L021,2,90,180
T002847,P-L019,1,110,110
T002848,P-L019,1,110,110
T002848,P-F002,1,180,180
T002848,P-L020,1,190,190
T002849,P-P027,1,220,220
T002849,P-L021,1,90,90
T002849,P-F003,3,35,105
T002850,P-G002,2,480,960
T002850,P-G004,1,320,320
T002851,P-F010,1,79,79
T002851,P-G009,1,460,460
T002851,P-P029,1,320,320
T002851,P-P016,1,280,280
T002851,P-H001,1,734,734
T002851,P-L018,1,130,130
T002851,P-G008,1,780,780
T002851,P-P001,1,260,260
T002852,P-F003,1,35,35
T002852,P-L019,1,110,110
T002853,P-F003,3,35,105
T002854,P-L018,2,130,260
T002854,P-P017,1,260,260
T002854,P-F020,1,190,190
T002854,P-L019,1,110,110
T002855,P-F006,1,336,336
T002855,P-L001,1,260,260
T002855,P-F014,3,95,285
T002855,P-L019,2,110,220
T002856,P-B004,1,599,599
T002856,P-B005,1,320,320
T002856,P-B008,1,380,380
T002856,P-B009,1,240,240
T002857,P-F010,1,79,79
T002857,P-H002,1,454,454
T002857,P-L020,1,190,190
T002857,P-F017,1,220,220
T002857,P-P029,1,320,320
T002858,P-H016,1,390,390
T002859,P-H016,1,390,390
T002860,P-L020,1,190,190
T002860,P-F020,1,190,190
T002860,P-F003,3,35,105
T002861,P-F006,1,336,336
T002861,P-H002,1,454,454
T002861,P-F008,1,252,252
T002861,P-P030,1,300,300
T002861,P-F019,2,140,280
T002861,P-F014,2,95,190
T002862,P-H003,1,961,961
T002862,P-H003,1,961,961
T002862,P-F008,1,252,252
T002862,P-F003,1,35,35
T002862,P-F014,1,95,95
T002862,P-L021,1,90,90
T002863,P-F001,1,65,65
T002863,P-F003,2,35,70
T002864,P-H012,1,480,480
T002864,P-L001,1,260,260
T002864,P-L019,1,110,110
T002864,P-F001,1,65,65
T002865,P-G002,1,480,480
T002866,P-F001,1,65,65
T002866,P-F003,2,35,70
T002867,P-F003,1,35,35
T002867,P-L021,1,90,90
T002868,P-L021,1,90,90
T002868,P-F014,1,95,95
T002869,P-P019,3,120,360
T002869,P-P004,1,420,420
T002869,P-P007,1,290,290
T002869,P-P027,1,220,220
T002869,P-L018,1,130,130
T002870,P-P026,1,280,280
T002870,P-H025,1,480,480
T002870,P-L002,1,220,220
T002870,P-F014,1,95,95
T002871,P-L019,1,110,110
T002872,P-P012,1,180,180
T002873,P-P007,2,290,580
T002873,P-P021,1,240,240
T002873,P-P019,3,120,360
T002874,P-H013,1,850,850
T002874,P-L004,2,160,320
T002874,P-P004,1,420,420
T002874,P-P014,1,320,320
T002874,P-H025,1,480,480
T002874,P-L018,1,130,130
T002875,P-F010,1,79,79
T002875,P-F005,1,158,158
T002875,P-F011,1,399,399
T002875,P-P015,1,220,220
T002875,P-P026,1,280,280
T002875,P-F001,1,65,65
T002876,P-H021,1,580,580
T002876,P-P008,1,460,460
T002876,P-P027,1,220,220
T002876,P-L002,1,220,220
T002876,P-F001,3,65,195
T002877,P-H006,1,1166,1166
T002877,P-F006,1,336,336
T002877,P-F015,1,260,260
T002877,P-H016,1,390,390
T002877,P-L003,1,150,150
T002878,P-L019,1,110,110
T002879,P-B004,1,599,599
T002879,P-B006,1,280,280
T002879,P-B010,1,220,220
T002880,P-B008,1,380,380
T002880,P-B009,2,240,480
T002881,P-F001,1,65,65
T002881,P-F014,2,95,190
T002882,P-F004,1,58,58
T002882,P-P012,1,180,180
T002882,P-L021,3,90,270
T002882,P-P028,1,200,200
T002882,P-F002,1,180,180
T002882,P-P019,1,120,120
T002883,P-L019,2,110,220
T002883,P-P019,3,120,360
T002883,P-L021,1,90,90
T002883,P-F006,1,336,336
T002883,P-F011,1,399,399
T002883,P-F018,2,180,360
T002883,P-L021,1,90,90
T002884,P-F014,1,95,95
T002885,P-L021,3,90,270
T002885,P-L003,1,150,150
T002885,P-F016,1,110,110
T002885,P-F014,1,95,95
T002886,P-G002,1,480,480
T002887,P-F015,1,260,260
T002887,P-L004,2,160,320
T002887,P-L014,2,180,360
T002887,P-P007,1,290,290
T002887,P-P022,1,380,380
T002887,P-L018,1,130,130
T002888,P-F003,3,35,105
T002889,P-F020,1,190,190
T002889,P-P015,1,220,220
T002889,P-L021,2,90,180
T002890,P-H006,1,1166,1166
T002890,P-H004,1,605,605
T002890,P-G004,1,320,320
T002890,P-P016,1,280,280
T002890,P-F012,1,130,130
T002891,P-F005,1,158,158
T002891,P-F009,1,126,126
T002891,P-H023,1,620,620
T002891,P-P027,1,220,220
T002891,P-L004,1,160,160
T002892,P-F016,1,110,110
T002893,P-H021,1,580,580
T002893,P-L020,1,190,190
T002893,P-L010,1,240,240
T002893,P-L022,1,160,160
T002893,P-F012,1,130,130
T002893,P-F016,1,110,110
T002894,P-B004,1,599,599
T002894,P-B006,1,280,280
T002894,P-B007,2,260,520
T002895,P-G004,1,320,320
T002895,P-G005,1,420,420
T002895,P-P007,1,290,290
T002895,P-L003,2,150,300
T002895,P-P020,1,350,350
T002895,P-F001,3,65,195
T002896,P-L019,4,110,440
T002896,P-L021,1,90,90
T002897,P-P004,1,420,420
T002897,P-P005,1,340,340
T002897,P-L022,1,160,160
T002898,P-G002,1,480,480
T002898,P-G004,1,320,320
T002899,P-L002,1,220,220
T002899,P-L007,1,320,320
T002899,P-F018,2,180,360
T002900,P-F003,1,35,35
T002901,P-B001,1,780,780
T002901,P-B007,1,260,260
T002901,P-B005,1,320,320
T002902,P-F001,2,65,130
T002902,P-L019,1,110,110
T002902,P-F014,1,95,95
T002903,P-F014,1,95,95
T002903,P-L020,1,190,190
T002903,P-P025,1,480,480
T002903,P-L014,1,180,180
T002903,P-L019,1,110,110
T002904,P-H005,1,410,410
T002904,P-G001,1,880,880
T002904,P-L008,1,450,450
T002904,P-P017,1,260,260
T002904,P-H002,1,454,454
T002904,P-H016,1,390,390
T002904,P-F003,1,35,35
T002904,P-H022,1,690,690
T002905,P-L004,1,160,160
T002905,P-F016,2,110,220
T002905,P-P016,1,280,280
T002905,P-P029,1,320,320
T002905,P-L022,1,160,160
T002905,P-P019,2,120,240
T002906,P-F013,1,160,160
T002906,P-F016,2,110,220
T002906,P-F014,1,95,95
T002907,P-F011,1,399,399
T002907,P-F010,1,79,79
T002907,P-P030,1,300,300
T002907,P-L021,2,90,180
T002907,P-P019,1,120,120
T002908,P-L021,4,90,360
T002908,P-F001,1,65,65
T002908,P-L002,1,220,220
T002908,P-P025,1,480,480
T002908,P-L006,1,680,680
T002909,P-L009,1,280,280
T002909,P-F017,1,220,220
T002909,P-L019,1,110,110
T002910,P-H012,1,480,480
T002910,P-L019,3,110,330
T002911,P-P025,1,480,480
T002911,P-P008,1,460,460
T002911,P-F012,3,130,390
T002912,P-P028,1,200,200
T002912,P-P001,1,260,260
T002912,P-P014,1,320,320
T002912,P-L014,3,180,540
T002912,P-P019,1,120,120
T002912,P-F018,3,180,540
T002913,P-L004,1,160,160
T002913,P-L021,1,90,90
T002914,P-P019,1,120,120
T002915,P-P028,1,200,200
T002915,P-P001,1,260,260
T002915,P-H025,1,480,480
T002916,P-H006,1,1166,1166
T002916,P-H005,1,410,410
T002916,P-P009,1,890,890
T002916,P-F019,3,140,420
T002916,P-P013,3,150,450
T002917,P-F016,1,110,110
T002918,P-P007,1,290,290
T002918,P-L019,3,110,330
T002918,P-F020,1,190,190
T002918,P-F014,1,95,95
T002919,P-F001,1,65,65
T002919,P-L021,1,90,90
T002920,P-P028,1,200,200
T002920,P-F003,3,35,105
T002921,P-F013,1,160,160
T002921,P-F016,1,110,110
T002921,P-F001,1,65,65
T002922,P-P021,1,240,240
T002922,P-P002,1,380,380
T002922,P-F002,3,180,540
T002923,P-H012,1,480,480
T002923,P-L002,1,220,220
T002923,P-F014,2,95,190
T002923,P-F001,1,65,65
T002924,P-F008,1,252,252
T002924,P-G002,1,480,480
T002924,P-L021,1,90,90
T002924,P-P016,1,280,280
T002925,P-L021,2,90,180
T002926,P-L021,2,90,180
T002926,P-L019,1,110,110
T002926,P-F014,1,95,95
T002927,P-F019,2,140,280
T002927,P-P025,1,480,480
T002927,P-L004,3,160,480
T002928,P-G003,1,380,380
T002928,P-F014,2,95,190
T002928,P-P027,1,220,220
T002928,P-F003,3,35,105
T002928,P-F016,1,110,110
T002929,P-L019,1,110,110
T002930,P-H012,1,480,480
T002930,P-F018,1,180,180
T002930,P-F001,3,65,195
T002931,P-H012,1,480,480
T002931,P-L005,1,180,180
T002931,P-F002,1,180,180
T002931,P-L021,1,90,90
T002932,P-P020,-1,350,-350
T002933,P-F011,1,399,399
T002933,P-F004,1,58,58
T002933,P-F004,1,58,58
T002933,P-L014,2,180,360
T002933,P-F014,2,95,190
T002933,P-L005,3,180,540
T002934,P-F002,1,180,180
T002934,P-F016,1,110,110
T002935,P-L022,2,160,320
T002935,P-F001,1,65,65
T002936,P-L005,3,180,540
T002936,P-H016,1,390,390
T002936,P-P026,1,280,280
T002936,P-F019,1,140,140
T002937,P-G002,1,480,480
T002938,P-F013,3,160,480
T002938,P-F001,4,65,260
T002938,P-L004,3,160,480
T002938,P-L023,1,540,540
T002938,P-F002,3,180,540
T002938,P-P005,1,340,340
T002939,P-F010,1,79,79
T002939,P-F007,1,94,94
T002939,P-L017,1,620,620
T002939,P-F014,3,95,285
T002939,P-L021,1,90,90
T002940,P-F003,3,35,105
T002941,P-F003,2,35,70
T002942,P-F003,2,35,70
T002942,P-F014,1,95,95
T002943,P-H009,1,780,780
T002943,P-F015,1,260,260
T002943,P-P013,1,150,150
T002943,P-L019,1,110,110
T002944,P-P018,1,580,580
T002944,P-P021,1,240,240
T002944,P-P019,1,120,120
T002944,P-L019,1,110,110
T002945,P-H016,1,390,390
T002945,P-F017,1,220,220
T002945,P-L002,1,220,220
T002945,P-L019,1,110,110
T002946,P-L015,1,590,590
T002946,P-L020,1,190,190
T002946,P-L014,1,180,180
T002946,P-F003,1,35,35
T002946,P-L019,1,110,110
T002946,P-F014,1,95,95
T002947,P-F005,1,158,158
T002947,P-F011,1,399,399
T002947,P-H004,1,605,605
T002947,P-P019,1,120,120
T002947,P-P017,1,260,260
T002947,P-L003,1,150,150
T002948,P-F010,1,79,79
T002948,P-F011,1,399,399
T002948,P-F008,1,252,252
T002948,P-P009,1,890,890
T002948,P-L019,1,110,110
T002948,P-F016,2,110,220
T002949,P-F004,1,58,58
T002949,P-F008,1,252,252
T002949,P-H021,1,580,580
T002949,P-L003,2,150,300
T002949,P-F019,3,140,420
T002950,P-H006,1,1166,1166
T002950,P-F020,1,190,190
T002950,P-H015,1,450,450
T002950,P-L003,2,150,300
T002950,P-H003,1,961,961
T002950,P-G009,1,460,460
T002950,P-F012,3,130,390
T002950,P-G005,1,420,420
T002951,P-P029,1,320,320
T002951,P-L014,1,180,180
T002951,P-P001,1,260,260
T002952,P-F016,1,110,110
T002952,P-F001,1,65,65
T002953,P-F003,3,35,105
T002954,P-F013,2,160,320
T002954,P-F014,1,95,95
T002955,P-P012,3,180,540
T002955,P-L021,1,90,90
T002956,P-F003,1,35,35
T002957,P-F003,1,35,35
T002958,P-H005,1,410,410
T002958,P-H005,1,410,410
T002958,P-P023,1,260,260
T002958,P-P027,1,220,220
T002958,P-F013,3,160,480
T002959,P-H002,1,454,454
T002959,P-H004,1,605,605
T002959,P-H005,1,410,410
T002959,P-F001,1,65,65
T002959,P-P016,1,280,280
T002959,P-L007,1,320,320
T002960,P-F018,1,180,180
T002960,P-F001,1,65,65
T002960,P-F016,1,110,110
T002961,P-L021,1,90,90
T002961,P-F003,1,35,35
T002962,P-L023,1,540,540
T002962,P-L001,1,260,260
T002962,P-P013,1,150,150
T002962,P-L014,1,180,180
T002962,P-F016,1,110,110
T002963,P-L020,1,190,190
T002963,P-F014,2,95,190
T002963,P-F001,1,65,65
T002964,P-L005,1,180,180
T002964,P-L019,1,110,110
T002964,P-F003,1,35,35
T002964,P-L021,1,90,90
T002965,P-H012,1,480,480
T002965,P-F001,1,65,65
T002965,P-F012,1,130,130
T002965,P-L019,1,110,110
T002966,P-F003,2,35,70
T002966,P-F020,1,190,190
T002966,P-L021,1,90,90
T002967,P-L014,1,180,180
T002967,P-H017,1,640,640
T002967,P-P007,1,290,290
T002968,P-H004,1,605,605
T002968,P-F007,1,94,94
T002968,P-F006,1,336,336
T002968,P-H016,1,390,390
T002968,P-P016,1,280,280
T002968,P-F003,1,35,35
T002969,P-L021,1,90,90
T002970,P-B004,1,599,599
T002970,P-B008,1,380,380
T002970,P-B007,1,260,260
T002970,P-B009,1,240,240
T002971,P-B004,1,599,599
T002971,P-B005,1,320,320
T002971,P-B007,2,260,520
T002971,P-B009,1,240,240
T002972,P-B004,1,599,599
T002972,P-B006,1,280,280
T002972,P-B009,1,240,240
T002972,P-B010,1,220,220
T002973,P-B004,1,599,599
T002973,P-B009,1,240,240
T002973,P-B006,2,280,560
T002973,P-B007,1,260,260
T002974,P-H012,1,480,480
T002974,P-F019,3,140,420
T002974,P-F001,1,65,65
T002974,P-L019,1,110,110
T002975,P-L019,2,110,220
T002975,P-L021,1,90,90
T002976,P-F016,1,110,110
T002976,P-F014,1,95,95
T002976,P-F001,1,65,65
T002977,P-H016,1,390,390
T002978,P-P004,1,420,420
T002978,P-F019,3,140,420
T002978,P-L010,1,240,240
T002979,P-L021,1,90,90
T002980,P-F001,1,65,65
T002980,P-F003,1,35,35
T002981,P-L001,1,260,260
T002981,P-L013,1,380,380
T002981,P-L020,1,190,190
T002981,P-P021,1,240,240
T002982,P-H012,1,480,480
T002982,P-F018,2,180,360
T002982,P-F014,2,95,190
T002982,P-H007,1,520,520
T002983,P-F010,-1,79,-79
T002984,P-B004,1,599,599
T002984,P-B010,3,220,660
T002984,P-B005,1,320,320
T002985,P-F010,1,79,79
T002985,P-F006,1,336,336
T002985,P-F008,1,252,252
T002985,P-P001,1,260,260
T002985,P-G003,2,380,760
T002985,P-L022,1,160,160
T002986,P-L019,1,110,110
T002987,P-H012,1,480,480
T002987,P-L018,2,130,260
T002987,P-F003,2,35,70
T002987,P-L021,1,90,90
T002988,P-H016,1,390,390
T002989,P-L018,1,130,130
T002989,P-L021,1,90,90
T002990,P-F010,1,79,79
T002990,P-H023,1,620,620
T002990,P-P017,1,260,260
T002990,P-F020,1,190,190
T002990,P-H001,1,734,734
T002990,P-P029,1,320,320
T002990,P-F003,2,35,70
T002990,P-G004,1,320,320
T002991,P-L021,1,90,90
T002991,P-F014,1,95,95
T002992,P-L021,1,90,90
T002992,P-F001,1,65,65
T002992,P-F014,1,95,95
T002992,P-H001,1,734,734
T002992,P-P029,1,320,320
T002992,P-H013,1,850,850
T002992,P-P020,1,350,350
T002993,P-F003,2,35,70
T002993,P-F014,1,95,95
T002994,P-F005,1,158,158
T002994,P-H015,1,450,450
T002994,P-G004,1,320,320
T002994,P-P012,2,180,360
T002995,P-H012,1,480,480
T002995,P-L002,1,220,220
T002995,P-F002,1,180,180
T002995,P-L021,1,90,90
T002995,P-H007,1,520,520
T002996,P-L019,4,110,440
T002996,P-L021,1,90,90
T002997,P-F020,1,190,190
T002997,P-F014,1,95,95
T002998,P-L003,2,150,300
T002998,P-G007,1,620,620
T002998,P-F018,1,180,180
T002998,P-P019,2,120,240
T002998,P-F014,1,95,95
T002998,P-L019,1,110,110
T002999,P-H012,1,480,480
T002999,P-F020,1,190,190
T002999,P-L010,1,240,240
T002999,P-F016,1,110,110
T002999,P-H007,1,520,520
T003000,P-P029,1,320,320
T003000,P-P004,1,420,420
T003000,P-P020,1,350,350
T003000,P-L014,2,180,360
T003000,P-L021,1,90,90
T003001,P-P013,2,150,300
T003001,P-P022,1,380,380
T003001,P-F017,1,220,220
T003002,P-P029,1,320,320
T003002,P-G004,1,320,320
T003002,P-F012,2,130,260
T003003,P-P026,1,280,280
T003003,P-L021,2,90,180
T003004,P-L021,2,90,180
T003005,P-F016,1,110,110
T003006,P-P005,1,340,340
T003006,P-L007,1,320,320
T003006,P-F018,2,180,360
T003007,P-F003,3,35,105
T003008,P-F019,1,140,140
T003008,P-F014,1,95,95
T003008,P-F001,1,65,65
T003009,P-F006,1,336,336
T003009,P-F007,1,94,94
T003009,P-F014,3,95,285
T003009,P-H025,1,480,480
T003009,P-F002,1,180,180
T003010,P-L001,1,260,260
T003010,P-L004,1,160,160
T003010,P-F001,2,65,130
T003010,P-L023,1,540,540
T003010,P-H017,1,640,640
T003010,P-P005,1,340,340
T003011,P-H006,1,1166,1166
T003011,P-F009,1,126,126
T003011,P-G002,1,480,480
T003011,P-F017,1,220,220
T003011,P-F018,1,180,180
T003012,P-F001,1,65,65
T003012,P-F003,1,35,35
T003012,P-L021,1,90,90
T003013,P-H012,1,480,480
T003013,P-F014,2,95,190
T003013,P-F020,1,190,190
T003013,P-F001,3,65,195
T003014,P-L019,1,110,110
T003015,P-F003,1,35,35
T003016,P-B009,-1,240,-240
T003017,P-G009,1,460,460
T003017,P-F016,1,110,110
T003017,P-H020,1,720,720
T003017,P-F014,2,95,190
T003017,P-P006,1,250,250
T003017,P-L022,2,160,320
T003018,P-F014,1,95,95
T003018,P-F001,1,65,65
T003018,P-F016,1,110,110
T003019,P-L015,1,590,590
T003019,P-P005,1,340,340
T003019,P-L005,1,180,180
T003019,P-P018,1,580,580
T003019,P-G004,1,320,320
T003019,P-P026,1,280,280
T003020,P-P007,1,290,290
T003020,P-L018,3,130,390
T003020,P-P028,1,200,200
T003020,P-F014,3,95,285
T003020,P-L022,1,160,160
T003021,P-P020,1,350,350
T003021,P-P019,3,120,360
T003021,P-L013,1,380,380
T003021,P-F019,1,140,140
T003021,P-F016,1,110,110
T003022,P-P018,1,580,580
T003022,P-F016,2,110,220
T003022,P-L021,1,90,90
T003023,P-H012,1,480,480
T003023,P-L014,1,180,180
T003023,P-F001,1,65,65
T003023,P-F016,1,110,110
T003023,P-H007,1,520,520
T003024,P-F001,3,65,195
T003024,P-F014,1,95,95
T003024,P-L019,1,110,110
T003025,P-P028,1,200,200
T003025,P-F016,2,110,220
T003026,P-L010,1,240,240
T003026,P-F001,3,65,195
T003026,P-L009,1,280,280
T003027,P-F001,3,65,195
T003027,P-P004,1,420,420
T003027,P-L004,1,160,160
T003027,P-F003,3,35,105
T003028,P-H002,1,454,454
T003028,P-F011,1,399,399
T003028,P-F005,1,158,158
T003028,P-P001,1,260,260
T003028,P-L004,2,160,320
T003028,P-F014,1,95,95
T003029,P-P012,3,180,540
T003029,P-P002,1,380,380
T003029,P-L003,2,150,300
T003029,P-F014,2,95,190
T003030,P-L019,1,110,110
T003030,P-F003,1,35,35
T003031,P-F014,2,95,190
T003032,P-L002,1,220,220
T003032,P-F014,3,95,285
T003033,P-B007,-1,260,-260
T003034,P-L019,3,110,330
T003034,P-L021,1,90,90
T003035,P-F005,1,158,158
T003035,P-F010,1,79,79
T003035,P-F012,1,130,130
T003035,P-H025,1,480,480
T003035,P-L003,3,150,450
T003036,P-H002,1,454,454
T003036,P-F011,1,399,399
T003036,P-F001,2,65,130
T003036,P-L018,3,130,390
T003036,P-F009,1,126,126
T003036,P-F017,1,220,220
T003036,P-P019,3,120,360
T003036,P-L019,3,110,330
T003037,P-F016,1,110,110
T003038,P-L018,2,130,260
T003038,P-L019,1,110,110
T003039,P-L007,1,320,320
T003039,P-P008,1,460,460
T003039,P-H016,1,390,390
T003039,P-G003,1,380,380
T003039,P-L010,1,240,240
T003039,P-F003,3,35,105
T003040,P-F014,2,95,190
T003041,P-H013,1,850,850
T003041,P-P020,1,350,350
T003041,P-P030,1,300,300
T003041,P-P008,1,460,460
T003041,P-F012,1,130,130
T003041,P-L014,1,180,180
T003042,P-F001,1,65,65
T003042,P-F014,1,95,95
T003043,P-F014,1,95,95
T003044,P-H021,1,580,580
T003044,P-P016,1,280,280
T003044,P-L021,1,90,90
T003045,P-L019,3,110,330
T003045,P-P019,1,120,120
T003045,P-F001,1,65,65
T003045,P-G008,1,780,780
T003045,P-P023,1,260,260
T003045,P-F014,3,95,285
T003046,P-H012,1,480,480
T003046,P-L020,1,190,190
T003046,P-F002,1,180,180
T003046,P-F014,1,95,95
T003047,P-H012,1,480,480
T003047,P-L010,1,240,240
T003047,P-F018,1,180,180
T003047,P-F014,1,95,95
T003047,P-H007,1,520,520
T003048,P-F012,1,130,130
T003048,P-L022,1,160,160
T003048,P-F014,1,95,95
T003049,P-P028,1,200,200
T003049,P-F003,2,35,70
T003049,P-P019,1,120,120
T003049,P-L019,1,110,110
T003050,P-L021,1,90,90
T003050,P-F014,1,95,95
T003051,P-H012,1,480,480
T003051,P-L021,1,90,90
T003051,P-F016,2,110,220
T003051,P-F003,3,35,105
T003052,P-F003,3,35,105
T003052,P-L021,1,90,90
T003053,P-B008,2,380,760
T003053,P-B009,1,240,240
T003054,P-H006,1,1166,1166
T003054,P-H004,1,605,605
T003054,P-F006,1,336,336
T003054,P-L002,1,220,220
T003054,P-L010,1,240,240
T003054,P-L001,1,260,260
T003055,P-P005,1,340,340
T003055,P-P012,1,180,180
T003055,P-L021,1,90,90
T003055,P-H009,1,780,780
T003055,P-G008,1,780,780
T003055,P-P007,1,290,290
T003056,P-L019,1,110,110
T003057,P-L021,1,90,90
T003058,P-P027,1,220,220
T003058,P-F019,1,140,140
T003058,P-F014,1,95,95
T003059,P-F004,1,58,58
T003059,P-H002,1,454,454
T003059,P-H001,1,734,734
T003059,P-P029,1,320,320
T003059,P-L012,1,460,460
T003059,P-G008,1,780,780
T003060,P-L005,3,180,540
T003060,P-F020,1,190,190
T003060,P-L015,1,590,590
T003061,P-F014,1,95,95
T003062,P-L021,1,90,90
T003063,P-F010,1,79,79
T003063,P-H002,1,454,454
T003063,P-F014,1,95,95
T003063,P-P020,1,350,350
T003063,P-H022,1,690,690
T003064,P-H002,1,454,454
T003064,P-H004,1,605,605
T003064,P-P001,1,260,260
T003064,P-G004,1,320,320
T003064,P-F003,2,35,70
T003065,P-H016,1,390,390
T003066,P-F001,3,65,195
T003066,P-F014,1,95,95
T003067,P-P010,1,620,620
T003067,P-H010,1,520,520
T003067,P-L021,3,90,270
T003068,P-P019,3,120,360
T003068,P-F001,1,65,65
T003069,P-F011,1,399,399
T003069,P-F010,1,79,79
T003069,P-P016,1,280,280
T003069,P-L018,1,130,130
T003069,P-F001,2,65,130
T003070,P-F006,1,336,336
T003070,P-P011,1,320,320
T003070,P-P006,1,250,250
T003070,P-F002,2,180,360
T003071,P-F014,1,95,95
T003071,P-L021,1,90,90
T003072,P-F016,2,110,220
T003072,P-F001,1,65,65
T003072,P-F003,1,35,35
T003072,P-L019,1,110,110
T003073,P-L021,1,90,90
T003074,P-L008,1,450,450
T003074,P-L002,1,220,220
T003074,P-P013,2,150,300
T003074,P-L019,1,110,110
T003075,P-P024,1,540,540
T003075,P-H015,1,450,450
T003075,P-L001,1,260,260
T003075,P-L024,1,420,420
T003075,P-H024,1,750,750
T003075,P-P005,1,340,340
T003076,P-F001,1,65,65
T003076,P-F016,1,110,110
T003077,P-P017,1,260,260
T003077,P-L022,1,160,160
T003077,P-F003,2,35,70
T003077,P-L021,1,90,90
T003078,P-F002,2,180,360
T003078,P-F016,1,110,110
T003078,P-L021,1,90,90
T003079,P-F017,1,220,220
T003079,P-L021,1,90,90
T003079,P-F016,1,110,110
T003080,P-L003,1,150,150
T003080,P-L019,1,110,110
T003081,P-F003,4,35,140
T003082,P-L008,1,450,450
T003082,P-P006,1,250,250
T003082,P-L022,1,160,160
T003083,P-B004,1,599,599
T003083,P-B007,1,260,260
T003083,P-B009,1,240,240
T003083,P-B010,1,220,220
T003084,P-B004,1,599,599
T003084,P-B008,1,380,380
T003084,P-B009,1,240,240
T003084,P-B010,1,220,220
T003085,P-L010,1,240,240
T003085,P-P006,1,250,250
T003085,P-H025,1,480,480
T003086,P-H001,1,734,734
T003086,P-F009,1,126,126
T003086,P-P007,1,290,290
T003086,P-P023,1,260,260
T003086,P-P010,1,620,620
T003087,P-L020,1,190,190
T003087,P-L019,1,110,110
T003088,P-F019,2,140,280
T003088,P-L002,1,220,220
T003088,P-L022,1,160,160
T003088,P-P017,1,260,260
T003088,P-L013,1,380,380
T003088,P-F003,2,35,70
T003089,P-P016,1,280,280
T003089,P-L024,1,420,420
T003089,P-P012,3,180,540
T003089,P-L022,1,160,160
T003090,P-F004,1,58,58
T003090,P-H003,1,961,961
T003090,P-F001,1,65,65
T003090,P-P022,1,380,380
T003090,P-P017,1,260,260
T003091,P-L018,-1,130,-130
T003092,P-F019,1,140,140
T003092,P-F001,2,65,130
T003092,P-L021,1,90,90
T003093,P-F008,1,252,252
T003093,P-F011,1,399,399
T003093,P-H003,1,961,961
T003093,P-P028,1,200,200
T003093,P-P030,1,300,300
T003093,P-F003,1,35,35
T003094,P-L019,1,110,110
T003094,P-F003,1,35,35
T003095,P-H012,1,480,480
T003095,P-L014,1,180,180
T003095,P-F014,1,95,95
T003095,P-F013,1,160,160
T003095,P-H007,1,520,520
T003096,P-F003,2,35,70
T003096,P-L021,1,90,90
T003097,P-L020,-1,190,-190
T003098,P-B004,1,599,599
T003098,P-B008,1,380,380
T003098,P-B006,2,280,560
T003099,P-F014,3,95,285
T003099,P-F003,1,35,35
T003100,P-L003,1,150,150
T003100,P-L019,1,110,110
T003101,P-P028,1,200,200
T003101,P-F003,2,35,70
T003101,P-L021,1,90,90
T003102,P-L002,1,220,220
T003102,P-L019,1,110,110
T003102,P-L021,1,90,90
T003103,P-L001,1,260,260
T003103,P-F017,1,220,220
T003103,P-F002,1,180,180
T003104,P-F003,2,35,70
T003104,P-L021,1,90,90
T003105,P-P016,1,280,280
T003105,P-P029,1,320,320
T003105,P-P013,3,150,450
T003105,P-L019,1,110,110
T003106,P-H012,1,480,480
T003106,P-L014,3,180,540
T003107,P-P016,1,280,280
T003107,P-L024,1,420,420
T003107,P-P030,1,300,300
T003107,P-F016,2,110,220
T003108,P-H006,1,1166,1166
T003108,P-F008,1,252,252
T003108,P-P021,1,240,240
T003108,P-L009,1,280,280
T003108,P-F014,2,95,190
T003109,P-P016,1,280,280
T003109,P-L018,1,130,130
T003109,P-F001,1,65,65
T003109,P-F009,1,126,126
T003109,P-P002,1,380,380
T003109,P-F016,3,110,330
T003109,P-G004,1,320,320
T003110,P-L021,1,90,90
T003110,P-F001,1,65,65
T003111,P-H012,1,480,480
T003111,P-L010,1,240,240
T003111,P-F003,1,35,35
T003111,P-L019,3,110,330
T003112,P-F009,1,126,126
T003112,P-L005,3,180,540
T003112,P-F018,3,180,540
T003112,P-P030,1,300,300
T003113,P-P017,1,260,260
T003113,P-L019,1,110,110
T003113,P-L021,1,90,90
T003114,P-L018,3,130,390
T003114,P-P006,2,250,500
T003114,P-L019,2,110,220
T003114,P-L008,1,450,450
T003114,P-F019,1,140,140
T003114,P-P013,1,150,150
T003115,P-F016,1,110,110
T003116,P-P020,1,350,350
T003116,P-P030,1,300,300
T003116,P-F002,1,180,180
T003116,P-F018,2,180,360
T003116,P-P019,1,120,120
T003117,P-F009,1,126,126
T003117,P-G009,1,460,460
T003117,P-P019,2,120,240
T003117,P-F016,1,110,110
T003117,P-F009,1,126,126
T003117,P-P002,1,380,380
T003117,P-L012,1,460,460
T003117,P-L005,1,180,180
T003118,P-F003,1,35,35
T003118,P-F014,1,95,95
T003119,P-L021,2,90,180
T003120,P-G005,1,420,420
T003120,P-F013,3,160,480
T003120,P-P013,1,150,150
T003120,P-F014,1,95,95
T003121,P-H012,1,480,480
T003121,P-L019,2,110,220
T003121,P-F014,3,95,285
T003121,P-L021,1,90,90
T003122,P-H001,1,734,734
T003122,P-F014,1,95,95
T003122,P-P028,1,200,200
T003122,P-L003,2,150,300
T003122,P-F009,1,126,126
T003122,P-P016,1,280,280
T003122,P-P013,1,150,150
T003122,P-F016,1,110,110
T003123,P-P002,1,380,380
T003123,P-L013,1,380,380
T003123,P-P008,1,460,460
T003124,P-F003,1,35,35
T003124,P-F001,2,65,130
T003125,P-F019,2,140,280
T003125,P-H025,1,480,480
T003125,P-P013,1,150,150
T003126,P-B004,1,599,599
T003126,P-B007,1,260,260
T003126,P-B009,1,240,240
T003126,P-B005,1,320,320
T003127,P-F010,1,79,79
T003127,P-F006,1,336,336
T003127,P-L016,1,880,880
T003127,P-L021,3,90,270
T003127,P-P019,3,120,360
T003128,P-F011,1,399,399
T003128,P-F011,1,399,399
T003128,P-L012,1,460,460
T003128,P-L020,1,190,190
T003128,P-P026,1,280,280
T003129,P-P004,1,420,420
T003129,P-P006,1,250,250
T003129,P-L021,3,90,270
T003129,P-F013,2,160,320
T003129,P-L019,1,110,110
T003129,P-F001,1,65,65
T003130,P-H016,-1,390,-390
T003131,P-H001,1,734,734
T003131,P-F007,1,94,94
T003131,P-G003,1,380,380
T003131,P-P030,1,300,300
T003131,P-P012,3,180,540
T003132,P-F014,1,95,95
T003132,P-F001,1,65,65
T003133,P-L021,4,90,360
T003133,P-F016,1,110,110
T003134,P-L012,1,460,460
T003134,P-P026,1,280,280
T003134,P-F020,1,190,190
T003134,P-F001,1,65,65
T003135,P-F006,1,336,336
T003135,P-H004,1,605,605
T003135,P-H002,1,454,454
T003135,P-F020,1,190,190
T003135,P-L011,1,520,520
T003135,P-P006,1,250,250
T003136,P-F003,3,35,105
T003137,P-L004,1,160,160
T003137,P-G002,1,480,480
T003137,P-L018,3,130,390
T003137,P-F014,1,95,95
T003138,P-B004,1,599,599
T003138,P-B007,1,260,260
T003138,P-B008,1,380,380
T003138,P-B010,1,220,220
T003139,P-L021,3,90,270
T003139,P-L019,1,110,110
T003140,P-H016,1,390,390
T003141,P-H016,1,390,390
T003142,P-F013,1,160,160
T003142,P-F001,1,65,65
T003142,P-F014,1,95,95
T003143,P-F001,2,65,130
T003143,P-L005,3,180,540
T003143,P-F019,1,140,140
T003143,P-L004,2,160,320
T003143,P-F003,1,35,35
T003143,P-P019,3,120,360
T003144,P-F001,4,65,260
T003144,P-F003,1,35,35
T003145,P-L022,1,160,160
T003145,P-P013,1,150,150
T003145,P-F016,1,110,110
T003146,P-L017,1,620,620
T003146,P-F016,2,110,220
T003146,P-L021,2,90,180
T003146,P-F019,1,140,140
T003147,P-F008,1,252,252
T003147,P-H004,1,605,605
T003147,P-P029,1,320,320
T003147,P-P027,1,220,220
T003147,P-L003,1,150,150
T003148,P-F011,1,399,399
T003148,P-P004,1,420,420
T003148,P-L008,1,450,450
T003148,P-P027,1,220,220
T003148,P-F009,1,126,126
T003148,P-L022,2,160,320
T003148,P-P018,1,580,580
T003148,P-P012,3,180,540
T003149,P-H002,1,454,454
T003149,P-F011,1,399,399
T003149,P-L018,2,130,260
T003149,P-L020,1,190,190
T003149,P-H015,1,450,450
T003150,P-L003,3,150,450
T003150,P-P012,2,180,360
T003150,P-P017,1,260,260
T003150,P-F014,1,95,95
T003151,P-H001,1,734,734
T003151,P-L018,2,130,260
T003151,P-F016,3,110,330
T003151,P-F016,2,110,220
T003151,P-P011,1,320,320
T003151,P-L014,1,180,180
T003152,P-P019,2,120,240
T003152,P-L020,1,190,190
T003152,P-L019,1,110,110
T003152,P-H018,1,990,990
T003152,P-G006,1,560,560
T003152,P-P006,1,250,250
T003153,P-P012,1,180,180
T003154,P-L010,1,240,240
T003154,P-P017,1,260,260
T003154,P-F003,2,35,70
T003154,P-P023,1,260,260
T003154,P-F003,2,35,70
T003154,P-P012,3,180,540
T003155,P-L021,1,90,90
T003155,P-F003,1,35,35
T003156,P-F008,1,252,252
T003156,P-H001,1,734,734
T003156,P-H010,1,520,520
T003156,P-P017,1,260,260
T003156,P-F014,2,95,190
T003157,P-P002,1,380,380
T003157,P-F013,3,160,480
T003157,P-P014,1,320,320
T003158,P-F018,1,180,180
T003158,P-F019,1,140,140
T003158,P-F001,1,65,65
T003159,P-F008,1,252,252
T003159,P-F011,1,399,399
T003159,P-F001,2,65,130
T003159,P-P021,1,240,240
T003159,P-P030,1,300,300
T003160,P-F008,1,252,252
T003160,P-F004,1,58,58
T003160,P-F002,1,180,180
T003160,P-L021,2,90,180
T003160,P-F014,1,95,95
T003161,P-F002,1,180,180
T003161,P-H010,1,520,520
T003161,P-F018,2,180,360
T003161,P-P030,1,300,300
T003161,P-P007,1,290,290
T003161,P-F002,1,180,180
T003162,P-L019,1,110,110
T003163,P-P001,1,260,260
T003163,P-P002,1,380,380
T003163,P-P015,1,220,220
T003163,P-F001,1,65,65
T003164,P-F014,2,95,190
T003164,P-F001,1,65,65
T003165,P-F016,1,110,110
T003166,P-P015,1,220,220
T003166,P-H021,1,580,580
T003166,P-F014,3,95,285
T003166,P-L022,1,160,160
T003167,P-F008,1,252,252
T003167,P-L012,1,460,460
T003167,P-L014,2,180,360
T003167,P-F016,3,110,330
T003168,P-L019,3,110,330
T003168,P-F014,1,95,95
T003169,P-L002,1,220,220
T003169,P-P005,1,340,340
T003169,P-P029,1,320,320
T003169,P-F016,2,110,220
T003170,P-F014,1,95,95
T003171,P-P021,1,240,240
T003171,P-P006,1,250,250
T003171,P-H021,1,580,580
T003171,P-L013,1,380,380
T003171,P-L005,1,180,180
T003171,P-L021,1,90,90
T003172,P-F016,1,110,110
T003173,P-L019,1,110,110
T003174,P-B004,1,599,599
T003174,P-B006,2,280,560
T003174,P-B009,1,240,240
T003175,P-P017,2,260,520
T003175,P-F012,2,130,260
T003175,P-P007,1,290,290
T003175,P-F020,1,190,190
T003175,P-L021,1,90,90
T003175,P-F001,3,65,195
T003176,P-P021,1,240,240
T003176,P-G009,1,460,460
T003176,P-P019,3,120,360
T003177,P-L021,4,90,360
T003177,P-L019,1,110,110
T003178,P-H016,1,390,390
T003179,P-F003,3,35,105
T003179,P-F014,2,95,190
T003180,P-P013,1,150,150
T003181,P-F001,1,65,65
T003181,P-L019,1,110,110
T003182,P-H001,1,734,734
T003182,P-L006,1,680,680
T003182,P-H008,1,720,720
T003182,P-L022,2,160,320
T003183,P-P012,1,180,180
T003183,P-P021,1,240,240
T003183,P-L020,1,190,190
T003184,P-P015,1,220,220
T003184,P-F014,1,95,95
T003184,P-L021,1,90,90
T003185,P-P030,1,300,300
T003185,P-P005,1,340,340
T003185,P-L019,3,110,330
T003185,P-F017,1,220,220
T003185,P-F016,2,110,220
T003185,P-F003,1,35,35
T003186,P-P001,1,260,260
T003186,P-L010,1,240,240
T003186,P-L024,1,420,420
T003186,P-F018,2,180,360
T003187,P-P016,-1,280,-280
T003188,P-F003,3,35,105
T003189,P-F003,2,35,70
T003189,P-L019,1,110,110
T003190,P-B004,1,599,599
T003190,P-B007,1,260,260
T003190,P-B005,2,320,640
T003191,P-B006,2,280,560
T003191,P-B009,2,240,480
T003192,P-F008,1,252,252
T003192,P-F014,2,95,190
T003192,P-F020,1,190,190
T003192,P-F001,1,65,65
T003192,P-F005,1,158,158
T003192,P-P026,1,280,280
T003192,P-P013,3,150,450
T003192,P-P025,1,480,480
T003193,P-L014,4,180,720
T003193,P-P017,1,260,260
T003193,P-P023,1,260,260
T003193,P-P001,1,260,260
T003193,P-L012,1,460,460
T003193,P-F002,1,180,180
T003194,P-G002,1,480,480
T003194,P-G004,1,320,320
T003195,P-H006,1,1166,1166
T003195,P-L020,1,190,190
T003195,P-L005,1,180,180
T003195,P-L014,1,180,180
T003195,P-F010,1,79,79
T003195,P-L012,1,460,460
T003195,P-L020,1,190,190
T003195,P-P021,1,240,240
T003196,P-H012,1,480,480
T003196,P-F020,1,190,190
T003196,P-F002,1,180,180
T003196,P-F019,1,140,140
T003197,P-H012,1,480,480
T003197,P-F014,3,95,285
T003197,P-F003,4,35,140
T003197,P-F016,1,110,110
T003198,P-P005,1,340,340
T003198,P-P007,1,290,290
T003198,P-L003,3,150,450
T003198,P-P030,1,300,300
T003198,P-F003,3,35,105
T003198,P-F016,1,110,110
T003199,P-P001,1,260,260
T003199,P-L015,1,590,590
T003199,P-L013,1,380,380
T003200,P-P026,1,280,280
T003200,P-F014,1,95,95
T003200,P-L019,1,110,110
T003200,P-L012,1,460,460
T003200,P-P028,1,200,200
T003200,P-P005,1,340,340
T003201,P-L004,1,160,160
T003201,P-F003,2,35,70
T003201,P-L019,1,110,110
T003202,P-F016,1,110,110
T003202,P-F019,1,140,140
T003202,P-F001,1,65,65
T003202,P-L019,1,110,110
T003203,P-F016,1,110,110
T003203,P-F019,3,140,420
T003204,P-H025,1,480,480
T003204,P-P006,1,250,250
T003204,P-F020,2,190,380
T003204,P-F014,1,95,95
T003204,P-L019,1,110,110
T003205,P-H012,1,480,480
T003205,P-H007,1,520,520
T003206,P-F008,1,252,252
T003206,P-H020,1,720,720
T003206,P-L009,1,280,280
T003206,P-P013,1,150,150
T003206,P-H005,1,410,410
T003206,P-L014,3,180,540
T003206,P-L021,1,90,90
T003206,P-F016,1,110,110
T003207,P-F001,1,65,65
T003207,P-L021,1,90,90
T003208,P-L010,2,240,480
T003208,P-F014,1,95,95
T003208,P-F003,1,35,35
T003209,P-F003,1,35,35
T003210,P-F009,1,126,126
T003210,P-F010,1,79,79
T003210,P-F016,2,110,220
T003210,P-L003,1,150,150
T003210,P-L019,2,110,220
T003211,P-H017,1,640,640
T003211,P-F016,2,110,220
T003211,P-F003,1,35,35
T003212,P-H016,1,390,390
T003213,P-F007,1,94,94
T003213,P-H008,1,720,720
T003213,P-P004,1,420,420
T003213,P-L002,1,220,220
T003213,P-F011,1,399,399
T003213,P-L001,1,260,260
T003213,P-L018,3,130,390
T003213,P-F014,1,95,95
T003214,P-H012,1,480,480
T003214,P-L002,1,220,220
T003214,P-F001,1,65,65
T003214,P-F016,1,110,110
T003215,P-F019,1,140,140
T003215,P-L018,1,130,130
T003215,P-F003,1,35,35
T003215,P-F014,1,95,95
T003216,P-P020,1,350,350
T003216,P-P011,1,320,320
T003216,P-F001,2,65,130
T003217,P-P028,1,200,200
T003217,P-L021,3,90,270
T003217,P-L004,1,160,160
T003217,P-P024,1,540,540
T003217,P-G004,1,320,320
T003217,P-L014,1,180,180
T003218,P-L021,1,90,90
T003219,P-L008,1,450,450
T003219,P-P001,1,260,260
T003219,P-L014,1,180,180
T003219,P-F013,1,160,160
T003219,P-L021,1,90,90
T003220,P-H012,1,480,480
T003220,P-F015,1,260,260
T003220,P-L018,1,130,130
T003220,P-F003,3,35,105
T003221,P-L004,1,160,160
T003221,P-L021,2,90,180
T003222,P-F011,1,399,399
T003222,P-H004,1,605,605
T003222,P-F015,1,260,260
T003222,P-F016,1,110,110
T003222,P-L009,1,280,280
T003223,P-H003,1,961,961
T003223,P-L011,1,520,520
T003223,P-L022,3,160,480
T003223,P-P013,1,150,150
T003223,P-F006,1,336,336
T003223,P-P027,1,220,220
T003223,P-P015,2,220,440
T003223,P-H016,1,390,390
T003224,P-F005,1,158,158
T003224,P-F005,1,158,158
T003224,P-F005,1,158,158
T003224,P-L001,1,260,260
T003224,P-L024,1,420,420
T003224,P-H016,1,390,390
T003225,P-P030,1,300,300
T003225,P-L009,1,280,280
T003225,P-L021,1,90,90
T003225,P-F003,1,35,35
T003226,P-F011,1,399,399
T003226,P-F006,1,336,336
T003226,P-P015,1,220,220
T003226,P-L012,1,460,460
T003226,P-G007,1,620,620
T003227,P-F001,1,65,65
T003227,P-F014,1,95,95
T003228,P-L003,1,150,150
T003228,P-F014,1,95,95
T003228,P-F001,1,65,65
T003229,P-P013,1,150,150
T003229,P-F019,1,140,140
T003229,P-F003,1,35,35
T003230,P-F011,1,399,399
T003230,P-H004,1,605,605
T003230,P-F007,1,94,94
T003230,P-L004,3,160,480
T003230,P-F015,1,260,260
T003230,P-F001,1,65,65
T003231,P-P024,1,540,540
T003231,P-L022,1,160,160
T003231,P-L014,1,180,180
T003232,P-L021,1,90,90
T003233,P-H003,1,961,961
T003233,P-F017,1,220,220
T003233,P-F018,1,180,180
T003233,P-L021,1,90,90
T003234,P-F006,1,336,336
T003234,P-F006,1,336,336
T003234,P-G002,1,480,480
T003234,P-L006,1,680,680
T003234,P-L020,1,190,190
T003235,P-G005,1,420,420
T003235,P-H020,1,720,720
T003235,P-P011,1,320,320
T003235,P-F014,1,95,95
T003236,P-F004,1,58,58
T003236,P-F011,1,399,399
T003236,P-P012,2,180,360
T003236,P-P024,1,540,540
T003236,P-P013,2,150,300
T003237,P-H021,1,580,580
T003237,P-P014,1,320,320
T003237,P-L018,1,130,130
T003237,P-P030,1,300,300
T003237,P-F012,2,130,260
T003237,P-F014,3,95,285
T003238,P-H012,1,480,480
T003238,P-L019,1,110,110
T003238,P-F018,1,180,180
T003238,P-F012,1,130,130
T003238,P-H007,1,520,520
T003239,P-L017,1,620,620
T003239,P-P026,1,280,280
T003239,P-P019,1,120,120
T003240,P-L017,1,620,620
T003240,P-L001,1,260,260
T003240,P-L003,1,150,150
T003241,P-F006,1,336,336
T003241,P-H001,1,734,734
T003241,P-F007,1,94,94
T003241,P-L006,1,680,680
T003241,P-F014,1,95,95
T003241,P-P006,1,250,250
T003242,P-L004,2,160,320
T003242,P-P020,1,350,350
T003242,P-L014,3,180,540
T003242,P-P012,1,180,180
T003242,P-F015,1,260,260
T003242,P-F003,2,35,70
T003243,P-L018,2,130,260
T003243,P-F001,2,65,130
T003243,P-L021,1,90,90
T003244,P-F003,3,35,105
T003244,P-L021,1,90,90
T003245,P-F001,1,65,65
T003245,P-L019,1,110,110
T003246,P-B004,1,599,599
T003246,P-B008,1,380,380
T003246,P-B005,1,320,320
T003247,P-B004,1,599,599
T003247,P-B006,1,280,280
T003247,P-B007,1,260,260
T003247,P-B010,1,220,220
T003248,P-L005,3,180,540
T003248,P-P007,1,290,290
T003248,P-F003,2,35,70
T003248,P-H020,1,720,720
T003248,P-P006,1,250,250
T003248,P-F013,1,160,160
T003249,P-F014,2,95,190
T003249,P-F001,2,65,130
T003250,P-L021,2,90,180
T003250,P-L019,1,110,110
T003251,P-F018,3,180,540
T003251,P-P026,1,280,280
T003251,P-L005,2,180,360
T003251,P-F001,1,65,65
T003252,P-L003,2,150,300
T003252,P-L021,2,90,180
T003253,P-P019,3,120,360
T003253,P-F016,1,110,110
T003254,P-F017,1,220,220
T003254,P-F001,1,65,65
T003254,P-L021,1,90,90
T003255,P-F001,1,65,65
T003255,P-F013,1,160,160
T003255,P-F003,2,35,70
T003255,P-F016,1,110,110
T003256,P-L009,1,280,280
T003256,P-P023,1,260,260
T003256,P-F019,1,140,140
T003257,P-H003,1,961,961
T003257,P-H006,1,1166,1166
T003257,P-H001,1,734,734
T003257,P-L021,1,90,90
T003257,P-P017,1,260,260
T003257,P-P001,1,260,260
T003258,P-B004,1,599,599
T003258,P-B008,1,380,380
T003258,P-B010,1,220,220
T003258,P-B009,1,240,240
T003259,P-F016,-1,110,-110
T003260,P-F019,1,140,140
T003260,P-F016,1,110,110
T003260,P-F003,2,35,70
T003261,P-L019,2,110,220
T003261,P-L021,1,90,90
T003262,P-F001,2,65,130
T003262,P-F016,1,110,110
T003263,P-F016,2,110,220
T003263,P-L021,1,90,90
T003263,P-L020,1,190,190
T003264,P-L021,1,90,90
T003264,P-F003,3,35,105
T003264,P-F016,1,110,110
T003264,P-L019,1,110,110
T003265,P-L017,1,620,620
T003265,P-P016,1,280,280
T003265,P-P013,3,150,450
T003265,P-P006,1,250,250
T003266,P-P028,1,200,200
T003266,P-L004,1,160,160
T003266,P-F016,1,110,110
T003267,P-P003,1,780,780
T003267,P-L018,2,130,260
T003267,P-L020,1,190,190
T003267,P-P013,1,150,150
T003268,P-G002,2,480,960
T003268,P-G004,1,320,320
T003269,P-F001,1,65,65
T003269,P-L021,1,90,90
T003270,P-F001,1,65,65
T003270,P-L019,1,110,110
T003271,P-B001,1,780,780
T003271,P-B009,1,240,240
T003271,P-B010,1,220,220
T003272,P-F019,1,140,140
T003272,P-F014,1,95,95
T003273,P-F016,3,110,330
T003273,P-F001,1,65,65
T003274,P-F005,1,158,158
T003274,P-F005,1,158,158
T003274,P-F008,1,252,252
T003274,P-P015,2,220,440
T003274,P-P002,1,380,380
T003274,P-F017,1,220,220
T003275,P-F001,1,65,65
T003275,P-F016,1,110,110
T003276,P-P022,1,380,380
T003276,P-F016,2,110,220
T003276,P-L019,1,110,110
T003277,P-L021,1,90,90
T003278,P-F017,1,220,220
T003278,P-P014,1,320,320
T003278,P-F020,1,190,190
T003278,P-F012,3,130,390
T003279,P-F003,2,35,70
T003279,P-L019,1,110,110
T003280,P-L021,1,90,90
T003280,P-F003,1,35,35
T003281,P-G002,1,480,480
T003282,P-G002,1,480,480
T003283,P-F016,1,110,110
T003284,P-H006,1,1166,1166
T003284,P-H003,1,961,961
T003284,P-G006,1,560,560
T003284,P-L020,1,190,190
T003284,P-P025,1,480,480
T003285,P-B009,1,240,240
T003285,P-B006,1,280,280
T003286,P-P020,1,350,350
T003286,P-P018,1,580,580
T003286,P-L002,1,220,220
T003287,P-G002,2,480,960
T003288,P-F008,1,252,252
T003288,P-L009,1,280,280
T003288,P-L012,1,460,460
T003288,P-P026,1,280,280
T003288,P-H006,1,1166,1166
T003288,P-H016,1,390,390
T003288,P-P006,1,250,250
T003288,P-P015,1,220,220
T003289,P-P027,1,220,220
T003289,P-H024,1,750,750
T003289,P-H023,1,620,620
T003289,P-P023,1,260,260
T003289,P-F002,3,180,540
T003289,P-F016,1,110,110
T003290,P-L021,1,90,90
T003290,P-F003,1,35,35
T003291,P-P012,1,180,180
T003291,P-P016,1,280,280
T003291,P-P010,1,620,620
T003291,P-P021,1,240,240
T003291,P-L021,1,90,90
T003292,P-L023,1,540,540
T003292,P-F015,1,260,260
T003292,P-L003,1,150,150
T003292,P-F001,2,65,130
T003293,P-L021,1,90,90
T003293,P-F014,1,95,95
T003294,P-P015,1,220,220
T003294,P-L018,1,130,130
T003294,P-F016,1,110,110
T003295,P-L018,2,130,260
T003295,P-F014,1,95,95
T003295,P-F001,1,65,65
T003296,P-L019,1,110,110
T003296,P-L021,1,90,90
T003296,P-L009,1,280,280
T003297,P-G002,2,480,960
T003298,P-F005,1,158,158
T003298,P-P004,1,420,420
T003298,P-F002,3,180,540
T003298,P-P026,1,280,280
T003298,P-H022,1,690,690
T003298,P-P015,1,220,220
T003299,P-P017,1,260,260
T003299,P-P030,1,300,300
T003299,P-P013,1,150,150
T003299,P-P019,1,120,120
T003300,P-H017,1,640,640
T003300,P-P007,1,290,290
T003300,P-F003,4,35,140
T003300,P-F001,1,65,65
T003301,P-H005,1,410,410
T003301,P-P022,1,380,380
T003301,P-L021,1,90,90
T003301,P-P012,2,180,360
T003302,P-H012,1,480,480
T003302,P-L001,1,260,260
T003302,P-F012,1,130,130
T003302,P-L019,1,110,110
T003303,P-L020,1,190,190
T003303,P-L017,1,620,620
T003303,P-P015,1,220,220
T003303,P-L019,1,110,110
T003304,P-P005,1,340,340
T003304,P-P006,1,250,250
T003304,P-L021,1,90,90
T003305,P-G002,2,480,960
T003306,P-H003,1,961,961
T003306,P-F008,1,252,252
T003306,P-F010,1,79,79
T003306,P-L021,2,90,180
T003306,P-P020,1,350,350
T003306,P-F012,1,130,130
T003307,P-F016,1,110,110
T003308,P-F001,2,65,130
T003308,P-F018,1,180,180
T003308,P-L021,1,90,90
T003309,P-L018,1,130,130
T003309,P-L005,1,180,180
T003309,P-F014,1,95,95
T003309,P-F003,1,35,35
T003310,P-F013,1,160,160
T003310,P-L003,3,150,450
T003310,P-L014,1,180,180
T003311,P-P017,1,260,260
T003311,P-F012,2,130,260
T003311,P-F014,1,95,95
T003312,P-H003,1,961,961
T003312,P-L023,1,540,540
T003312,P-F001,1,65,65
T003312,P-F014,3,95,285
T003312,P-H005,1,410,410
T003312,P-P012,2,180,360
T003312,P-P024,1,540,540
T003312,P-P023,1,260,260
T003313,P-F003,2,35,70
T003314,P-F003,3,35,105
T003314,P-L021,1,90,90
T003315,P-F014,1,95,95
T003315,P-F001,1,65,65
T003316,P-B004,1,599,599
T003316,P-B006,1,280,280
T003316,P-B010,1,220,220
T003316,P-B009,1,240,240
T003317,P-H023,1,620,620
T003317,P-G004,1,320,320
T003317,P-P019,1,120,120
T003318,P-H025,1,480,480
T003318,P-L018,3,130,390
T003318,P-P019,1,120,120
T003318,P-F001,1,65,65
T003318,P-F016,1,110,110
T003319,P-F001,2,65,130
T003319,P-F016,1,110,110
T003319,P-F014,1,95,95
T003320,P-H012,1,480,480
T003320,P-L020,1,190,190
T003320,P-F001,2,65,130
T003320,P-F014,1,95,95
T003321,P-H016,1,390,390
T003322,P-H001,1,734,734
T003322,P-F015,1,260,260
T003322,P-P019,1,120,120
T003322,P-F014,1,95,95
T003322,P-F008,1,252,252
T003322,P-G001,1,880,880
T003322,P-P004,1,420,420
T003322,P-F012,1,130,130
T003323,P-G002,2,480,960
T003324,P-H002,1,454,454
T003324,P-P027,1,220,220
T003324,P-F017,1,220,220
T003324,P-L021,2,90,180
T003325,P-F001,2,65,130
T003325,P-F003,1,35,35
T003326,P-G002,1,480,480
T003326,P-P016,1,280,280
T003326,P-P001,1,260,260
T003326,P-P028,1,200,200
T003326,P-P019,1,120,120
T003327,P-P006,1,250,250
T003327,P-F003,4,35,140
T003327,P-F016,1,110,110
T003328,P-G002,2,480,960
T003328,P-G004,1,320,320
T003329,P-F004,1,58,58
T003329,P-F010,1,79,79
T003329,P-F011,1,399,399
T003329,P-P029,1,320,320
T003329,P-G006,1,560,560
T003329,P-F016,3,110,330
T003330,P-G005,1,420,420
T003330,P-L003,1,150,150
T003330,P-G009,1,460,460
T003331,P-F004,1,58,58
T003331,P-P029,1,320,320
T003331,P-H016,1,390,390
T003331,P-P002,1,380,380
T003332,P-F003,1,35,35
T003333,P-F003,2,35,70
T003334,P-F003,2,35,70
T003335,P-H012,1,480,480
T003335,P-F018,1,180,180
T003335,P-L021,3,90,270
T003336,P-F011,1,399,399
T003336,P-F007,1,94,94
T003336,P-H006,1,1166,1166
T003336,P-L021,2,90,180
T003336,P-F015,1,260,260
T003336,P-F016,1,110,110
T003337,P-P019,2,120,240
T003338,P-L019,1,110,110
T003339,P-L015,-1,590,-590
T003340,P-G002,1,480,480
T003341,P-L005,1,180,180
T003341,P-F014,1,95,95
T003342,P-P007,1,290,290
T003342,P-L014,3,180,540
T003342,P-F014,1,95,95
T003342,P-P006,1,250,250
T003342,P-L004,3,160,480
T003343,P-H005,1,410,410
T003343,P-F009,1,126,126
T003343,P-F009,1,126,126
T003343,P-P027,1,220,220
T003343,P-H024,1,750,750
T003343,P-L001,1,260,260
T003344,P-L005,1,180,180
T003344,P-F012,2,130,260
T003344,P-L013,1,380,380
T003344,P-G005,1,420,420
T003344,P-L013,1,380,380
T003344,P-P019,1,120,120
T003345,P-F001,1,65,65
T003345,P-F016,1,110,110
T003346,P-F016,2,110,220
T003346,P-L003,4,150,600
T003346,P-L022,2,160,320
T003347,P-F003,3,35,105
T003347,P-L001,1,260,260
T003347,P-P020,1,350,350
T003347,P-L018,1,130,130
T003348,P-F001,2,65,130
T003349,P-F003,1,35,35
T003350,P-F004,1,58,58
T003350,P-H004,1,605,605
T003350,P-H004,1,605,605
T003350,P-L021,3,90,270
T003350,P-P026,1,280,280
T003350,P-P021,1,240,240
T003351,P-G002,2,480,960
T003351,P-G004,1,320,320
T003352,P-H016,1,390,390
T003353,P-H016,1,390,390
T003354,P-L022,1,160,160
T003354,P-L019,1,110,110
T003355,P-H001,1,734,734
T003355,P-P005,1,340,340
T003355,P-H021,1,580,580
T003355,P-P012,2,180,360
T003356,P-P022,2,380,760
T003356,P-L020,1,190,190
T003356,P-F002,3,180,540
T003356,P-P023,1,260,260
T003356,P-H023,1,620,620
T003356,P-P006,1,250,250
T003357,P-L021,2,90,180
T003358,P-F006,1,336,336
T003358,P-P013,4,150,600
T003358,P-L008,1,450,450
T003358,P-L007,1,320,320
T003359,P-P014,1,320,320
T003359,P-F012,1,130,130
T003359,P-F001,1,65,65
T003360,P-G002,2,480,960
T003361,P-L021,2,90,180
T003362,P-F005,1,158,158
T003362,P-F008,1,252,252
T003362,P-F016,2,110,220
T003362,P-L021,1,90,90
T003362,P-F001,1,65,65
T003363,P-P014,1,320,320
T003363,P-P018,1,580,580
T003363,P-P027,1,220,220
T003363,P-P013,1,150,150
T003364,P-F004,1,58,58
T003364,P-H005,1,410,410
T003364,P-F012,1,130,130
T003364,P-L018,3,130,390
T003364,P-P027,1,220,220
T003365,P-L018,1,130,130
T003365,P-F014,1,95,95
T003365,P-F003,1,35,35
T003365,P-F016,1,110,110
T003366,P-H002,1,454,454
T003367,P-L021,1,90,90
T003367,P-F003,1,35,35
T003368,P-L019,1,110,110
T003369,P-L020,1,190,190
T003369,P-L021,3,90,270
T003370,P-G002,2,480,960
T003371,P-F009,1,126,126
T003371,P-L024,1,420,420
T003371,P-P020,1,350,350
T003371,P-F019,1,140,140
T003372,P-F001,1,65,65
T003372,P-L019,1,110,110
T003373,P-F003,1,35,35
T003373,P-F014,1,95,95
T003374,P-L019,1,110,110
T003375,P-F003,2,35,70
T003375,P-F001,1,65,65
T003376,P-H015,1,450,450
T003376,P-P029,1,320,320
T003376,P-P012,1,180,180
T003376,P-P019,1,120,120
T003377,P-F020,1,190,190
T003377,P-F003,3,35,105
T003377,P-L019,1,110,110
T003378,P-G002,1,480,480
T003378,P-G004,1,320,320
T003379,P-B004,1,599,599
T003379,P-B009,1,240,240
T003379,P-B006,1,280,280
T003379,P-B010,1,220,220
T003380,P-H012,1,480,480
T003380,P-L020,1,190,190
T003380,P-L021,1,90,90
T003380,P-L019,1,110,110
T003380,P-H007,1,520,520
T003381,P-F001,1,65,65
T003381,P-F003,2,35,70
T003381,P-F014,1,95,95
T003382,P-H012,1,480,480
T003382,P-L022,1,160,160
T003382,P-L019,1,110,110
T003382,P-L021,1,90,90
T003383,P-L019,1,110,110
T003384,P-G002,1,480,480
T003384,P-G004,1,320,320
T003385,P-P018,1,580,580
T003385,P-L007,1,320,320
T003385,P-F014,1,95,95
T003385,P-L003,1,150,150
T003386,P-F014,1,95,95
T003386,P-L021,1,90,90
T003387,P-F003,2,35,70
T003387,P-F014,1,95,95
T003388,P-F003,1,35,35
T003388,P-L019,1,110,110
T003389,P-B004,1,599,599
T003389,P-B007,1,260,260
T003389,P-B010,2,220,440
T003390,P-B004,1,599,599
T003390,P-B008,1,395,395
T003390,P-B010,1,220,220
T003390,P-B007,1,260,260
T003391,P-L021,1,90,90
T003391,P-L019,2,110,220
T003392,P-P021,1,240,240
T003392,P-F015,1,260,260
T003392,P-L002,1,220,220
T003392,P-P027,1,220,220
T003392,P-F014,2,95,190
T003393,P-H012,1,480,480
T003393,P-L020,1,190,190
T003393,P-L004,1,160,160
T003393,P-L021,1,90,90
T003394,P-P013,-1,150,-150
T003395,P-F003,3,35,105
T003396,P-L019,1,110,110
T003397,P-F003,1,35,35
T003397,P-F001,1,65,65
T003398,P-F003,3,35,105
T003399,P-P018,1,580,580
T003399,P-F016,1,110,110
T003399,P-P029,1,320,320
T003399,P-L001,1,260,260
T003399,P-F014,3,95,285
T003400,P-F014,1,95,95
T003400,P-F003,2,35,70
T003400,P-P015,1,220,220
T003401,P-G002,2,480,960
T003402,P-B002,1,760,760
T003402,P-B009,1,240,240
T003402,P-B007,1,260,260
T003403,P-P014,1,320,320
T003403,P-P011,1,320,320
T003403,P-P019,2,120,240
T003403,P-P013,2,150,300
T003404,P-F011,1,399,399
T003404,P-F008,1,252,252
T003404,P-H005,1,410,410
T003404,P-G003,1,380,380
T003404,P-H009,1,780,780
T003404,P-P019,1,120,120
T003405,P-F003,1,35,35
T003405,P-F019,1,140,140
T003405,P-F001,1,65,65
T003405,P-F016,1,110,110
T003406,P-G002,2,480,960
T003406,P-G003,1,380,380
T003407,P-F001,1,65,65
T003407,P-F016,1,110,110
T003408,P-G002,1,480,480
T003409,P-L021,1,90,90
T003410,P-F011,1,399,399
T003410,P-H002,1,454,454
T003410,P-F007,1,94,94
T003410,P-P012,2,180,360
T003410,P-P028,1,200,200
T003410,P-P015,1,220,220
T003411,P-F016,1,110,110
T003412,P-F002,1,180,180
T003412,P-L021,2,90,180
T003413,P-L014,1,180,180
T003413,P-F016,1,110,110
T003414,P-P001,1,260,260
T003414,P-P028,1,200,200
T003414,P-P021,1,240,240
T003414,P-P019,3,120,360
T003415,P-G007,1,620,620
T003415,P-L022,1,160,160
T003415,P-F020,1,190,190
T003416,P-F003,1,35,35
T003416,P-L019,1,110,110
T003417,P-F001,1,65,65
T003417,P-F016,1,110,110
T003418,P-F003,2,35,70
T003419,P-L021,1,90,90
T003419,P-F003,1,35,35
T003420,P-G002,1,480,480
T003420,P-G004,1,320,320
T003421,P-F009,1,126,126
T003421,P-H003,1,961,961
T003421,P-H002,1,454,454
T003421,P-P029,1,320,320
T003421,P-L022,1,160,160
T003421,P-F003,3,35,105
T003422,P-H012,1,480,480
T003422,P-L001,1,260,260
T003422,P-F001,2,65,130
T003422,P-L019,1,110,110
T003423,P-H016,1,390,390
T003424,P-F016,2,110,220
T003424,P-F001,1,65,65
T003425,P-L022,1,160,160
T003425,P-L019,1,110,110
T003426,P-F011,1,399,399
T003426,P-H001,1,734,734
T003426,P-H017,1,640,640
T003426,P-F020,1,190,190
T003426,P-H015,1,450,450
T003427,P-H021,1,580,580
T003427,P-P021,1,240,240
T003427,P-P007,1,290,290
T003427,P-P012,1,180,180
T003428,P-H012,1,480,480
T003428,P-F012,1,130,130
T003428,P-F013,1,160,160
T003428,P-L019,3,110,330
T003428,P-H007,1,520,520
T003429,P-G006,1,560,560
T003429,P-F019,2,140,280
T003429,P-L010,1,240,240
T003429,P-P013,2,150,300
T003430,P-G002,1,480,480
T003430,P-P001,1,260,260
T003430,P-L019,1,110,110
T003431,P-F012,2,130,260
T003431,P-L005,1,180,180
T003431,P-L021,1,90,90
T003431,P-F001,1,65,65
T003432,P-G002,1,480,480
T003433,P-P016,1,280,280
T003433,P-F019,3,140,420
T003433,P-F017,1,220,220
T003433,P-P004,1,420,420
T003433,P-F020,1,190,190
T003433,P-L006,1,680,680
T003434,P-G002,1,480,480
T003435,P-F003,2,35,70
T003436,P-F003,3,35,105
T003437,P-F003,1,35,35
T003438,P-F003,3,35,105
T003439,P-F001,2,65,130
T003440,P-F003,2,35,70
T003440,P-L021,1,90,90
T003441,P-G002,2,480,960
T003442,P-B004,1,599,599
T003442,P-B007,1,260,260
T003442,P-B009,1,240,240
T003443,P-P001,1,260,260
T003443,P-F012,2,130,260
T003443,P-G007,1,620,620
T003443,P-P015,1,220,220
T003443,P-P019,1,120,120
T003444,P-H016,1,390,390
T003444,P-F018,3,180,540
T003444,P-L018,2,130,260
T003444,P-P019,1,120,120
T003445,P-F014,1,95,95
T003445,P-L021,1,90,90
T003446,P-G002,1,480,480
T003447,P-L021,1,90,90
T003448,P-L004,1,160,160
T003448,P-L019,1,110,110
T003449,P-H025,1,480,480
T003449,P-L005,1,180,180
T003449,P-P028,1,200,200
T003449,P-L002,1,220,220
T003449,P-L008,1,450,450
T003449,P-P017,1,260,260
T003450,P-F014,1,95,95
T003450,P-L021,1,90,90
T003451,P-H006,1,1166,1166
T003451,P-H001,1,734,734
T003451,P-L015,1,590,590
T003451,P-P012,1,180,180
T003451,P-F019,3,140,420
T003452,P-F011,1,399,399
T003452,P-P002,1,380,380
T003452,P-F003,3,35,105
T003452,P-L018,1,130,130
T003452,P-F004,1,58,58
T003452,P-P010,1,620,620
T003452,P-F017,1,220,220
T003452,P-G003,1,380,380
T003453,P-H015,1,450,450
T003453,P-P005,1,340,340
T003453,P-F002,1,180,180
T003453,P-L018,3,130,390
T003454,P-G002,1,480,480
T003454,P-G004,1,320,320
T003455,P-F006,1,336,336
T003455,P-P009,1,890,890
T003455,P-F013,1,160,160
T003455,P-F012,3,130,390
T003455,P-F006,1,336,336
T003455,P-H025,1,480,480
T003455,P-L013,1,380,380
T003455,P-P011,1,320,320
T003456,P-L004,1,160,160
T003456,P-F016,3,110,330
T003456,P-P028,1,200,200
T003456,P-F019,1,140,140
T003456,P-P013,1,150,150
T003457,P-F014,2,95,190
T003458,P-F012,1,130,130
T003458,P-F014,1,95,95
T003459,P-F013,1,160,160
T003459,P-F001,1,65,65
T003459,P-F003,2,35,70
T003460,P-H023,1,620,620
T003460,P-P001,1,260,260
T003460,P-F016,1,110,110
T003461,P-F005,1,158,158
T003461,P-F009,1,126,126
T003461,P-P029,1,320,320
T003461,P-F016,1,110,110
T003461,P-F003,3,35,105
T003462,P-F009,1,126,126
T003462,P-F005,1,158,158
T003462,P-F007,1,94,94
T003462,P-P006,1,250,250
T003462,P-F016,4,110,440
T003463,P-F003,1,35,35
T003463,P-L019,1,110,110
T003464,P-L019,1,110,110
T003465,P-L007,1,320,320
T003465,P-L014,1,180,180
T003465,P-F019,2,140,280
T003466,P-F005,1,158,158
T003466,P-F016,1,110,110
T003466,P-G009,1,460,460
T003466,P-G004,1,320,320
T003466,P-H006,1,1166,1166
T003466,P-P006,1,250,250
T003466,P-L002,1,220,220
T003466,P-F014,1,95,95
T003467,P-F011,1,399,399
T003467,P-H003,1,961,961
T003467,P-H004,1,605,605
T003467,P-F002,2,180,360
T003467,P-F013,1,160,160
T003467,P-F014,1,95,95
T003468,P-P024,1,540,540
T003468,P-F002,1,180,180
T003468,P-F001,3,65,195
T003468,P-L007,1,320,320
T003468,P-F003,3,35,105
T003468,P-L019,1,110,110
T003469,P-H012,1,480,480
T003469,P-L005,1,180,180
T003469,P-F003,1,35,35
T003469,P-F014,1,95,95
T003469,P-H007,1,520,520
T003470,P-F004,1,58,58
T003470,P-H005,1,410,410
T003470,P-F018,2,180,360
T003470,P-G006,1,560,560
T003470,P-P028,1,200,200
T003471,P-F003,1,35,35
T003471,P-F001,2,65,130
T003472,P-F003,2,35,70
T003472,P-F016,1,110,110
T003473,P-L021,1,90,90
T003474,P-F003,3,35,105
T003475,P-F001,1,65,65
T003476,P-F008,1,252,252
T003476,P-H004,1,605,605
T003476,P-P007,1,290,290
T003476,P-L003,2,150,300
T003476,P-F014,1,95,95
T003477,P-F008,1,252,252
T003477,P-H002,1,454,454
T003477,P-H003,1,961,961
T003477,P-L003,2,150,300
T003477,P-H016,1,390,390
T003477,P-P019,1,120,120
T003478,P-L010,1,240,240
T003478,P-L019,2,110,220
T003479,P-F001,1,65,65
T003479,P-L018,2,130,260
T003479,P-P016,1,280,280
T003480,P-F002,1,180,180
T003480,P-L019,1,110,110
T003481,P-F003,1,35,35
T003481,P-L004,3,160,480
T003482,P-L005,1,180,180
T003482,P-F003,3,35,105
T003482,P-F014,1,95,95
T003483,P-G002,2,480,960
T003484,P-G002,-1,480,-480
T003485,P-L005,3,180,540
T003485,P-P030,1,300,300
T003485,P-P028,1,200,200
T003485,P-L001,1,260,260
T003485,P-P019,1,120,120
T003486,P-F016,3,110,330
T003486,P-L021,1,90,90
T003487,P-P002,1,380,380
T003487,P-P029,1,320,320
T003487,P-L004,1,160,160
T003488,P-G002,2,480,960
T003488,P-G004,1,320,320
T003489,P-F001,1,65,65
T003489,P-F016,1,110,110
T003490,P-F016,1,110,110
T003490,P-F001,1,65,65
T003491,P-P014,1,320,320
T003491,P-P001,1,260,260
T003491,P-P015,1,220,220
T003491,P-P012,1,180,180
T003491,P-P019,1,120,120
T003492,P-L023,1,540,540
T003492,P-P011,1,320,320
T003492,P-F019,1,140,140
T003493,P-F005,1,158,158
T003493,P-H001,1,734,734
T003493,P-H023,1,620,620
T003493,P-P019,1,120,120
T003493,P-F013,1,160,160
T003494,P-F009,1,126,126
T003494,P-H006,1,1166,1166
T003494,P-F004,1,58,58
T003494,P-P019,2,120,240
T003494,P-L006,1,680,680
T003494,P-P007,1,290,290
T003495,P-H012,1,480,480
T003495,P-L014,1,180,180
T003495,P-F001,1,65,65
T003495,P-F003,1,35,35
T003496,P-H016,1,390,390
T003497,P-L018,1,130,130
T003497,P-L021,1,90,90
T003497,P-L019,1,110,110
T003498,P-F003,3,35,105
T003498,P-F016,1,110,110
T003498,P-F001,1,65,65
T003499,P-P006,1,250,250
T003499,P-P023,1,260,260
T003499,P-F017,1,220,220
T003500,P-F017,1,220,220
T003500,P-F014,1,95,95
T003500,P-F016,1,110,110
T003501,P-G002,1,480,480
T003501,P-G004,1,320,320
T003502,P-F018,1,180,180
T003502,P-P017,1,260,260
T003502,P-P027,1,220,220
T003502,P-P026,1,280,280
T003502,P-F018,1,180,180
T003502,P-L004,1,160,160
T003503,P-F014,1,95,95
T003504,P-G007,1,620,620
T003504,P-P026,1,280,280
T003504,P-L002,2,220,440
T003504,P-P019,1,120,120
T003505,P-F014,1,95,95
T003506,P-F003,1,35,35
T003506,P-F001,2,65,130
T003507,P-G009,1,460,460
T003507,P-P030,1,300,300
T003507,P-L003,1,150,150
T003507,P-F020,1,190,190
T003507,P-L003,1,150,150
T003507,P-L019,1,110,110
T003508,P-B004,1,599,599
T003508,P-B009,2,240,480
T003508,P-B006,1,280,280
T003509,P-B006,3,280,840
T003509,P-B008,1,395,395
T003509,P-B005,1,320,320
T003510,P-L021,1,90,90
T003511,P-G002,2,480,960
T003512,P-F008,1,252,252
T003512,P-L020,1,190,190
T003512,P-F002,3,180,540
T003512,P-F014,1,95,95
T003513,P-H012,1,480,480
T003513,P-F018,1,180,180
T003513,P-F003,3,35,105
T003513,P-F016,1,110,110
T003514,P-H012,1,480,480
T003514,P-L004,2,160,320
T003514,P-L021,1,90,90
T003514,P-F016,1,110,110
T003515,P-F003,3,35,105
T003515,P-P008,1,460,460
T003515,P-P013,1,150,150
T003516,P-F003,2,35,70
T003517,P-L019,1,110,110
T003518,P-G002,2,480,960
T003519,P-B006,1,280,280
T003519,P-B010,2,220,440
T003519,P-B009,1,240,240
T003520,P-B004,1,599,599
T003520,P-B010,1,220,220
T003520,P-B008,1,395,395
T003521,P-G007,1,620,620
T003521,P-P030,1,300,300
T003521,P-P023,1,260,260
T003521,P-F012,1,130,130
T003522,P-L022,1,160,160
T003522,P-L019,1,110,110
T003523,P-H016,1,390,390
T003524,P-P013,1,150,150
T003524,P-P019,1,120,120
T003525,P-P012,1,180,180
T003525,P-F014,1,95,95
T003526,P-L019,1,110,110
T003527,P-L021,1,90,90
T003527,P-P019,1,120,120
T003527,P-F014,1,95,95
T003528,P-G002,1,480,480
T003529,P-G002,-1,480,-480
T003530,P-L019,1,110,110
T003531,P-F003,3,35,105
T003532,P-L021,1,90,90
T003532,P-F003,1,35,35
T003533,P-F014,1,95,95
T003534,P-F010,1,79,79
T003534,P-F004,1,58,58
T003534,P-F008,1,252,252
T003534,P-P014,1,320,320
T003534,P-L014,3,180,540
T003534,P-F001,3,65,195
T003535,P-B004,1,599,599
T003535,P-B005,2,320,640
T003536,P-B010,1,220,220
T003536,P-B009,3,240,720
T003537,P-H006,1,1166,1166
T003537,P-H006,1,1166,1166
T003537,P-F005,1,158,158
T003537,P-P030,1,300,300
T003537,P-P019,1,120,120
T003537,P-L014,1,180,180
T003538,P-F016,1,110,110
T003539,P-H012,1,480,480
T003539,P-L014,1,180,180
T003539,P-L003,1,150,150
T003539,P-F001,1,65,65
T003539,P-H007,1,520,520
T003540,P-F003,2,35,70
T003540,P-F014,1,95,95
T003540,P-F001,1,65,65
T003540,P-F016,1,110,110
T003541,P-G002,1,480,480
T003541,P-P005,1,340,340
T003541,P-P012,1,180,180
T003541,P-L022,1,160,160
T003542,P-P006,2,250,500
T003542,P-P022,1,380,380
T003542,P-P013,1,150,150
T003543,P-G002,1,480,480
T003544,P-G002,2,480,960
T003545,P-F008,1,252,252
T003545,P-F004,1,58,58
T003545,P-F002,1,180,180
T003545,P-H017,1,640,640
T003545,P-L021,3,90,270
T003546,P-F010,1,79,79
T003546,P-F004,1,58,58
T003546,P-F006,1,336,336
T003546,P-P002,1,380,380
T003546,P-P007,1,290,290
T003546,P-L018,1,130,130
T003547,P-F014,1,95,95
T003547,P-F001,1,65,65
T003548,P-L021,1,90,90
T003549,P-H012,1,480,480
T003549,P-F017,1,220,220
T003549,P-L019,2,110,220
T003549,P-H007,1,520,520
T003550,P-B004,1,599,599
T003550,P-B007,1,260,260
T003550,P-B006,1,280,280
T003551,P-P014,1,320,320
T003551,P-P028,1,200,200
T003551,P-P030,1,300,300
T003551,P-P012,1,180,180
T003551,P-P019,1,120,120
T003552,P-F001,1,65,65
T003552,P-P014,1,320,320
T003552,P-F003,1,35,35
T003553,P-H012,1,480,480
T003553,P-F018,1,180,180
T003553,P-F001,1,65,65
T003553,P-L019,1,110,110
T003553,P-H007,1,520,520
T003554,P-L020,1,190,190
T003554,P-L019,1,110,110
T003555,P-P023,1,260,260
T003555,P-H016,1,390,390
T003555,P-H015,1,450,450
T003555,P-P028,1,200,200
T003555,P-L019,1,110,110
T003556,P-F014,2,95,190
T003556,P-G007,1,620,620
T003556,P-P023,1,260,260
T003556,P-P027,1,220,220
T003556,P-L014,3,180,540
T003556,P-F014,3,95,285
T003557,P-L018,1,130,130
T003557,P-F001,1,65,65
T003557,P-F003,3,35,105
T003558,P-G002,2,480,960
T003558,P-G003,1,380,380
T003559,P-L014,1,180,180
T003559,P-F001,2,65,130
T003559,P-F016,1,110,110
T003560,P-P012,2,180,360
T003560,P-P015,1,220,220
T003560,P-P026,1,280,280
T003560,P-P019,2,120,240
T003561,P-P022,1,380,380
T003561,P-P023,1,260,260
T003561,P-P028,1,200,200
T003561,P-P019,1,120,120
T003562,P-F012,2,130,260
T003562,P-L006,1,680,680
T003562,P-F003,1,35,35
T003562,P-F015,1,260,260
T003562,P-L019,1,110,110
T003563,P-L015,1,590,590
T003563,P-P013,2,150,300
T003563,P-H016,1,390,390
T003563,P-P012,3,180,540
T003563,P-F015,1,260,260
T003563,P-H010,1,520,520
T003564,P-F013,3,160,480
T003564,P-F003,1,35,35
T003564,P-F014,1,95,95
T003565,P-F003,2,35,70
T003566,P-F001,1,65,65
T003566,P-F014,1,95,95
T003567,P-L019,1,110,110
T003568,P-F003,1,35,35
T003568,P-F003,3,35,105
T003569,P-B004,1,599,599
T003569,P-B009,2,240,480
T003569,P-B010,1,220,220
T003570,P-B004,1,599,599
T003570,P-B010,3,220,660
T003571,P-F010,1,79,79
T003571,P-F009,1,126,126
T003571,P-L021,3,90,270
T003571,P-P029,1,320,320
T003571,P-P017,1,260,260
T003572,P-F019,1,140,140
T003572,P-F003,3,35,105
T003572,P-F001,1,65,65
T003573,P-F001,3,65,195
T003573,P-F016,1,110,110
T003574,P-G002,2,480,960
T003575,P-F001,1,65,65
T003575,P-L019,1,110,110
T003576,P-F013,1,160,160
T003576,P-P026,1,280,280
T003576,P-P017,1,260,260
T003577,P-F010,1,79,79
T003577,P-H002,1,454,454
T003577,P-L012,1,460,460
T003577,P-L021,2,90,180
T003577,P-F003,2,35,70
T003578,P-F016,1,110,110
T003579,P-G005,1,420,420
T003579,P-P005,1,340,340
T003579,P-F002,1,180,180
T003579,P-F001,3,65,195
T003580,P-F003,3,35,105
T003581,P-F003,3,35,105
T003582,P-F014,1,95,95
T003582,P-L021,1,90,90
T003583,P-F003,3,35,105
T003583,P-L021,1,90,90
T003584,P-F003,1,35,35
T003584,P-F016,1,110,110
T003585,P-P002,1,380,380
T003585,P-G003,1,380,380
T003585,P-P012,1,180,180
T003585,P-P013,1,150,150
T003586,P-F004,1,58,58
T003586,P-H002,1,454,454
T003586,P-F004,1,58,58
T003586,P-H025,1,480,480
T003586,P-P023,1,260,260
T003586,P-P021,1,240,240
T003587,P-B004,1,599,599
T003587,P-B008,1,395,395
T003587,P-B009,1,240,240
T003587,P-B010,1,220,220
T003588,P-H017,1,640,640
T003588,P-P028,1,200,200
T003588,P-L018,2,130,260
T003588,P-F017,1,220,220
T003588,P-F013,1,160,160
T003589,P-H016,1,390,390
T003590,P-G002,1,480,480
T003591,P-P005,1,340,340
T003591,P-P007,1,290,290
T003591,P-P023,1,260,260
T003591,P-P019,1,120,120
T003592,P-L011,1,520,520
T003592,P-P020,1,350,350
T003592,P-F017,1,220,220
T003593,P-H003,1,961,961
T003593,P-H003,1,961,961
T003593,P-P001,1,260,260
T003593,P-G004,1,320,320
T003593,P-L005,2,180,360
T003594,P-P028,1,200,200
T003594,P-P019,1,120,120
T003594,P-F003,1,35,35
T003594,P-F016,1,110,110
T003595,P-F012,2,130,260
T003595,P-L018,2,130,260
T003595,P-L019,2,110,220
T003595,P-L021,1,90,90
T003596,P-P008,1,460,460
T003596,P-F014,3,95,285
T003596,P-P022,1,380,380
T003596,P-P029,1,320,320
T003596,P-P019,1,120,120
T003596,P-P016,1,280,280
T003597,P-F003,1,35,35
T003597,P-L019,1,110,110
T003598,P-F003,1,35,35
T003599,P-H003,1,961,961
T003599,P-P024,1,540,540
T003599,P-P012,1,180,180
T003599,P-L022,1,160,160
T003599,P-H006,1,1166,1166
T003599,P-F014,1,95,95
T003599,P-L015,1,590,590
T003599,P-H021,1,580,580
T003600,P-L004,2,160,320
T003600,P-F019,1,140,140
T003600,P-F002,1,180,180
T003600,P-L014,2,180,360
T003600,P-F020,1,190,190
T003600,P-P006,1,250,250
T003601,P-B010,1,220,220
T003601,P-B009,1,240,240
T003601,P-B007,1,260,260
T003602,P-B004,1,599,599
T003602,P-B006,1,280,280
T003602,P-B007,1,260,260
T003602,P-B010,1,220,220
T003603,P-B006,2,280,560
T003603,P-B009,1,240,240
T003604,P-P008,1,460,460
T003604,P-P018,1,580,580
T003604,P-P029,1,320,320
T003604,P-L002,1,220,220
T003604,P-F019,3,140,420
T003604,P-H009,1,780,780
T003605,P-F014,1,95,95
T003606,P-L003,1,150,150
T003606,P-L019,1,110,110
T003606,P-L021,1,90,90
T003607,P-L004,1,160,160
T003607,P-L021,1,90,90
T003607,P-L019,1,110,110
T003608,P-P016,1,280,280
T003608,P-L024,1,420,420
T003608,P-L021,3,90,270
T003608,P-F001,1,65,65
T003609,P-F003,1,35,35
T003609,P-F014,1,95,95
T003610,P-H004,1,605,605
T003610,P-H006,1,1166,1166
T003610,P-F010,1,79,79
T003611,P-L009,1,280,280
T003611,P-F003,4,35,140
T003611,P-F016,1,110,110
T003612,P-H012,1,480,480
T003612,P-F015,1,260,260
T003612,P-F019,1,140,140
T003612,P-L021,1,90,90
T003612,P-H007,1,520,520
T003613,P-L004,3,160,480
T003613,P-F014,1,95,95
T003614,P-F009,1,126,126
T003614,P-F005,1,158,158
T003614,P-G006,1,560,560
T003614,P-P028,1,200,200
T003614,P-L003,1,150,150
T003615,P-P029,-1,320,-320
T003616,P-F003,2,35,70
T003616,P-L021,1,90,90
T003617,P-F002,2,180,360
T003617,P-L007,1,320,320
T003617,P-F013,3,160,480
T003618,P-F003,1,35,35
T003618,P-L021,1,90,90
T003619,P-P011,1,320,320
T003619,P-L009,1,280,280
T003619,P-F016,1,110,110
T003619,P-P021,1,240,240
T003619,P-L021,1,90,90
T003620,P-B002,1,760,760
T003620,P-B006,1,280,280
T003620,P-B005,1,320,320
T003621,P-H012,1,480,480
T003621,P-F015,1,260,260
T003621,P-F003,1,35,35
T003621,P-F001,1,65,65
T003622,P-H016,1,390,390
T003623,P-F003,4,35,140
T003623,P-F001,2,65,130
T003623,P-F014,1,95,95
T003624,P-F014,4,95,380
T003624,P-F003,1,35,35
T003625,P-L020,1,190,190
T003625,P-P028,1,200,200
T003625,P-F002,2,180,360
T003625,P-F019,2,140,280
T003625,P-L019,2,110,220
T003626,P-F002,1,180,180
T003626,P-P020,1,350,350
T003626,P-P001,1,260,260
T003626,P-L021,1,90,90
T003627,P-P027,1,220,220
T003627,P-P017,1,260,260
T003627,P-P012,3,180,540
T003627,P-P013,2,150,300
T003628,P-H004,1,605,605
T003628,P-F016,1,110,110
T003628,P-P006,1,250,250
T003628,P-P029,1,320,320
T003628,P-F004,1,58,58
T003628,P-F001,2,65,130
T003628,P-G005,1,420,420
T003628,P-P011,1,320,320
T003629,P-G002,1,480,480
T003630,P-G009,-1,460,-460
T003631,P-F003,3,35,105
T003632,P-L019,1,110,110
T003633,P-H010,1,520,520
T003633,P-F003,1,35,35
T003633,P-H021,1,580,580
T003633,P-P017,1,260,260
T003633,P-L019,1,110,110
T003634,P-B006,1,280,280
T003634,P-B009,2,240,480
T003634,P-B010,1,220,220
T003635,P-F002,1,180,180
T003635,P-P010,1,620,620
T003635,P-L005,3,180,540
T003635,P-F016,1,110,110
T003636,P-P020,1,350,350
T003636,P-P019,2,120,240
T003636,P-F003,1,35,35
T003637,P-G001,1,880,880
T003637,P-G004,1,320,320
T003637,P-P021,1,240,240
T003637,P-H021,1,580,580
T003637,P-F003,1,35,35
T003637,P-P014,1,320,320
T003638,P-L019,1,110,110
T003638,P-F003,2,35,70
T003639,P-P005,1,340,340
T003639,P-P006,1,250,250
T003639,P-P012,1,180,180
T003639,P-P013,1,150,150
T003640,P-H020,1,720,720
T003640,P-P030,1,300,300
T003640,P-F016,1,110,110
T003640,P-F001,3,65,195
T003641,P-G002,1,480,480
T003641,P-G003,1,380,380
T003642,P-L003,1,150,150
T003642,P-L018,1,130,130
T003642,P-F016,1,110,110
T003643,P-P026,1,280,280
T003643,P-G004,1,320,320
T003643,P-P019,3,120,360
T003644,P-P004,1,420,420
T003644,P-P014,1,320,320
T003644,P-P012,1,180,180
T003644,P-P013,1,150,150
T003644,P-L003,1,150,150
T003644,P-L021,1,90,90
T003645,P-G006,1,560,560
T003645,P-P021,1,240,240
T003645,P-L021,2,90,180
T003645,P-F014,1,95,95
T003646,P-H005,1,410,410
T003646,P-F008,1,252,252
T003646,P-P015,1,220,220
T003646,P-L007,1,320,320
T003646,P-F020,1,190,190
T003647,P-F014,1,95,95
T003647,P-L021,1,90,90
T003648,P-F003,2,35,70
T003649,P-G002,2,480,960
T003649,P-G003,1,380,380
T003650,P-F014,1,95,95
T003651,P-B004,1,599,599
T003651,P-B008,1,395,395
T003651,P-B007,1,260,260
T003651,P-B006,1,280,280
T003652,P-B004,1,599,599
T003652,P-B009,1,240,240
T003652,P-B006,1,280,280
T003653,P-B009,-1,240,-240
T003654,P-G002,1,480,480
T003655,P-F012,1,130,130
T003655,P-F003,2,35,70
T003655,P-F016,1,110,110
T003656,P-H005,1,410,410
T003656,P-F006,1,336,336
T003656,P-F016,1,110,110
T003656,P-L002,1,220,220
T003656,P-L008,1,450,450
T003657,P-F009,1,126,126
T003657,P-F011,1,399,399
T003657,P-H005,1,410,410
T003657,P-P021,1,240,240
T003657,P-F016,3,110,330
T003657,P-L019,1,110,110
T003658,P-F003,1,35,35
T003658,P-F014,1,95,95
T003659,P-P020,1,350,350
T003659,P-L014,1,180,180
T003659,P-F016,1,110,110
T003659,P-L021,1,90,90
T003660,P-H002,1,454,454
T003660,P-F006,1,336,336
T003660,P-G007,1,620,620
T003660,P-P009,1,890,890
T003660,P-L004,2,160,320
T003661,P-H012,1,480,480
T003661,P-L002,1,220,220
T003661,P-L019,3,110,330
T003662,P-G007,1,620,620
T003662,P-P001,1,260,260
T003662,P-P013,1,150,150
T003662,P-P019,1,120,120
T003663,P-H024,1,750,750
T003663,P-P022,1,380,380
T003663,P-F012,2,130,260
T003664,P-F017,1,220,220
T003664,P-L022,1,160,160
T003664,P-L019,1,110,110
T003664,P-F016,1,110,110
T003665,P-F003,1,35,35
T003666,P-F003,2,35,70
T003667,P-F003,1,35,35
T003667,P-F014,1,95,95
T003668,P-F014,1,95,95
T003669,P-F016,1,110,110
T003670,P-L019,1,110,110
T003671,P-H004,1,605,605
T003671,P-F006,1,336,336
T003671,P-F008,1,252,252
T003671,P-P017,1,260,260
T003671,P-L021,1,90,90
T003671,P-F016,1,110,110
T003672,P-F001,1,65,65
T003672,P-F016,1,110,110
T003673,P-F003,3,35,105
T003673,P-L021,1,90,90
T003674,P-L019,1,110,110
T003675,P-F012,1,130,130
T003675,P-F001,2,65,130
T003676,P-F014,1,95,95
T003676,P-L021,1,90,90
T003677,P-P028,1,200,200
T003677,P-L020,1,190,190
T003677,P-P017,1,260,260
T003677,P-L005,1,180,180
T003677,P-P013,1,150,150
T003677,P-L021,1,90,90
T003678,P-P012,1,180,180
T003678,P-F001,1,65,65
T003678,P-L021,1,90,90
T003679,P-F003,2,35,70
T003679,P-L021,1,90,90
T003680,P-F017,1,220,220
T003680,P-L019,1,110,110
T003680,P-L021,1,90,90
T003681,P-L004,1,160,160
T003681,P-F016,1,110,110
T003681,P-L021,1,90,90
T003682,P-P024,1,540,540
T003682,P-L005,2,180,360
T003682,P-F003,2,35,70
T003683,P-F003,3,35,105
T003683,P-F014,1,95,95
T003683,P-F016,1,110,110
T003684,P-H005,1,410,410
T003684,P-H001,1,734,734
T003684,P-L012,1,460,460
T003684,P-G009,1,460,460
T003684,P-L021,3,90,270
T003685,P-F001,1,65,65
T003685,P-L019,1,110,110
T003686,P-F016,1,110,110
T003687,P-F014,1,95,95
T003688,P-P007,1,290,290
T003688,P-L010,1,240,240
T003688,P-P030,1,300,300
T003688,P-F014,1,95,95
T003689,P-F019,3,140,420
T003689,P-L021,1,90,90
T003689,P-P002,1,380,380
T003689,P-P003,1,780,780
T003689,P-P020,1,350,350
T003690,P-F014,1,95,95
T003690,P-F001,1,65,65
T003691,P-F014,2,95,190
T003692,P-F001,1,65,65
T003693,P-P030,1,300,300
T003693,P-F012,3,130,390
T003693,P-L024,1,420,420
T003693,P-P028,1,200,200
T003693,P-L019,1,110,110
T003694,P-H010,1,520,520
T003694,P-L018,3,130,390
T003694,P-L019,1,110,110
T003695,P-P014,1,320,320
T003695,P-P007,1,290,290
T003695,P-P013,1,150,150
T003695,P-P019,1,120,120
T003696,P-G004,1,320,320
T003696,P-L009,1,280,280
T003696,P-F019,3,140,420
T003697,P-G002,2,480,960
T003697,P-G004,1,320,320
T003698,P-G002,1,480,480
T003698,P-G004,1,320,320
T003699,P-P028,1,200,200
T003699,P-F016,1,110,110
T003699,P-F014,1,95,95
T003700,P-P028,1,200,200
T003700,P-L021,1,90,90
T003700,P-F016,1,110,110
T003701,P-G002,1,480,480
T003702,P-H001,1,734,734
T003702,P-F008,1,252,252
T003702,P-F010,1,79,79
T003702,P-F016,2,110,220
T003702,P-F014,3,95,285
T003703,P-F003,1,35,35
T003703,P-F016,1,110,110
T003704,P-G002,1,480,480
T003704,P-G004,1,320,320
T003705,P-G002,2,480,960
T003705,P-G004,1,320,320
T003706,P-G002,2,480,960
T003706,P-G003,1,380,380
T003707,P-F010,1,79,79
T003707,P-F005,1,158,158
T003707,P-F013,3,160,480
T003707,P-G004,1,320,320
T003707,P-F003,1,35,35
T003708,P-L019,1,110,110
T003709,P-L021,1,90,90
T003710,P-F003,3,35,105
T003711,P-G002,-1,480,-480
T003712,P-H016,1,390,390
T003713,P-P016,2,280,560
T003713,P-L021,3,90,270
T003714,P-G002,1,480,480
T003714,P-G004,1,320,320
T003715,P-L004,3,160,480
T003715,P-L018,1,130,130
T003715,P-L019,1,110,110
T003715,P-F009,1,126,126
T003715,P-P018,1,580,580
T003715,P-L001,1,260,260
T003715,P-F001,3,65,195
T003716,P-F003,2,35,70
T003717,P-F016,2,110,220
T003717,P-F003,3,35,105
T003718,P-G002,2,480,960
T003718,P-G004,2,320,640
T003719,P-G002,1,480,480
T003719,P-G004,1,320,320
T003720,P-L021,1,90,90
T003720,P-F001,1,65,65
T003721,P-F003,1,35,35
T003721,P-L019,1,110,110
T003722,P-F004,1,58,58
T003722,P-F019,2,140,280
T003722,P-L007,1,320,320
T003722,P-P011,1,320,320
T003723,P-B009,2,240,480
T003723,P-B010,1,220,220
T003724,P-B009,2,240,480
T003724,P-B002,1,760,760
T003724,P-B010,1,220,220
T003725,P-B010,1,220,220
T003725,P-B009,1,240,240
T003725,P-B007,1,260,260
T003726,P-H020,1,720,720
T003726,P-L018,2,130,260
T003726,P-F017,2,220,440
T003727,P-F001,4,65,260
T003727,P-L002,1,220,220
T003727,P-L007,1,320,320
T003728,P-F011,1,399,399
T003728,P-H005,1,410,410
T003728,P-F008,1,252,252
T003728,P-F020,1,190,190
T003728,P-P006,1,250,250
T003728,P-F014,1,95,95
T003729,P-L019,4,110,440
T003729,P-L021,1,90,90
T003730,P-L014,1,180,180
T003730,P-L019,1,110,110
T003731,P-G005,1,420,420
T003731,P-P021,1,240,240
T003731,P-P015,1,220,220
T003731,P-P019,1,120,120
T003732,P-G002,2,480,960
T003733,P-F016,1,110,110
T003734,P-F001,2,65,130
T003735,P-F001,1,65,65
T003735,P-L019,1,110,110
T003736,P-L004,2,160,320
T003736,P-L021,1,90,90
T003737,P-L020,1,190,190
T003737,P-L021,1,90,90
T003737,P-L019,1,110,110
T003738,P-H023,1,620,620
T003738,P-G009,1,460,460
T003738,P-G004,1,320,320
T003738,P-P012,2,180,360
T003738,P-L023,1,540,540
T003738,P-L004,3,160,480
T003739,P-G002,1,480,480
T003739,P-G004,1,320,320
T003740,P-G002,2,480,960
T003741,P-L010,1,240,240
T003741,P-F016,1,110,110
T003741,P-F001,1,65,65
T003742,P-F001,1,65,65
T003742,P-L019,1,110,110
T003743,P-F003,2,35,70
T003744,P-H010,1,520,520
T003744,P-P021,1,240,240
T003744,P-P019,1,120,120
T003745,P-L023,1,540,540
T003745,P-P007,1,290,290
T003745,P-P013,1,150,150
T003745,P-F003,1,35,35
T003745,P-F001,1,65,65
T003746,P-H003,1,961,961
T003746,P-F005,1,158,158
T003746,P-F005,1,158,158
T003746,P-P018,1,580,580
T003746,P-L020,1,190,190
T003746,P-L019,1,110,110
T003747,P-L003,1,150,150
T003747,P-L021,2,90,180
T003748,P-H016,1,390,390
T003749,P-L002,1,220,220
T003749,P-F001,3,65,195
T003750,P-F012,1,130,130
T003750,P-L019,1,110,110
T003750,P-F001,1,65,65
T003750,P-F014,1,95,95
T003751,P-F018,1,180,180
T003751,P-P013,1,150,150
T003751,P-F014,1,95,95
T003752,P-G002,1,480,480
T003753,P-G002,1,480,480
T003754,P-F003,2,35,70
T003754,P-F014,1,95,95
T003755,P-P024,1,540,540
T003755,P-L002,1,220,220
T003755,P-P002,1,380,380
T003756,P-L009,1,280,280
T003756,P-L018,2,130,260
T003756,P-P019,1,120,120
T003756,P-L019,1,110,110
T003757,P-P012,1,180,180
T003757,P-F014,1,95,95
T003757,P-F003,3,35,105
T003758,P-F003,2,35,70
T003758,P-F014,1,95,95
T003759,P-L019,1,110,110
T003759,P-F001,1,65,65
T003760,P-H022,1,690,690
T003760,P-H025,1,480,480
T003760,P-F002,1,180,180
T003761,P-L020,2,190,380
T003761,P-F003,3,35,105
T003761,P-F020,1,190,190
T003761,P-L018,1,130,130
T003762,P-L003,1,150,150
T003762,P-L019,1,110,110
T003763,P-B004,1,599,599
T003763,P-B009,1,240,240
T003763,P-B008,1,395,395
T003763,P-B007,1,260,260
T003764,P-B004,1,599,599
T003764,P-B004,1,599,599
T003764,P-B009,1,240,240
T003765,P-F017,1,220,220
T003765,P-F003,3,35,105
T003765,P-F014,1,95,95
T003766,P-L014,1,180,180
T003766,P-L006,1,680,680
T003766,P-F018,2,180,360
T003766,P-F014,1,95,95
T003767,P-L013,1,380,380
T003767,P-P012,3,180,540
T003768,P-L014,-1,180,-180
T003769,P-F014,1,95,95
T003770,P-L001,1,260,260
T003770,P-L005,1,180,180
T003770,P-F001,2,65,130
T003771,P-L014,3,180,540
T003771,P-F003,4,35,140
T003771,P-P030,1,300,300
T003771,P-P019,1,120,120
T003771,P-L019,1,110,110
T003772,P-F012,1,130,130
T003772,P-F003,2,35,70
T003773,P-F001,3,65,195
T003773,P-G006,1,560,560
T003773,P-F020,1,190,190
T003773,P-F012,3,130,390
T003774,P-P023,2,260,520
T003774,P-F001,2,65,130
T003775,P-F001,3,65,195
T003776,P-L014,1,180,180
T003776,P-L010,1,240,240
T003776,P-P021,1,240,240
T003777,P-F003,3,35,105
T003778,P-F003,1,35,35
T003779,P-L002,1,220,220
T003779,P-F002,1,180,180
T003779,P-P019,1,120,120
T003779,P-F014,1,95,95
T003780,P-F001,3,65,195
T003781,P-B004,1,599,599
T003781,P-B007,2,260,520
T003781,P-B010,1,220,220
T003782,P-H002,1,454,454
T003782,P-F005,1,158,158
T003782,P-H002,1,454,454
T003782,P-H013,1,850,850
T003782,P-P017,1,260,260
T003782,P-F015,1,260,260
T003783,P-F001,4,65,260
T003783,P-F003,1,35,35
T003784,P-F019,1,140,140
T003784,P-F003,3,35,105
T003784,P-F001,1,65,65
T003785,P-L014,1,180,180
T003785,P-L019,1,110,110
T003786,P-L002,1,220,220
T003786,P-P012,3,180,540
T003786,P-P028,1,200,200
T003786,P-F003,3,35,105
T003787,P-P003,1,780,780
T003787,P-F017,1,220,220
T003787,P-P021,1,240,240
T003787,P-F012,2,130,260
T003788,P-F001,1,65,65
T003788,P-L019,1,110,110
T003789,P-F001,2,65,130
T003790,P-F015,1,260,260
T003790,P-F013,1,160,160
T003790,P-F001,2,65,130
T003790,P-L019,1,110,110
T003791,P-P021,1,240,240
T003791,P-F015,1,260,260
T003791,P-F001,2,65,130
T003791,P-F014,1,95,95
T003792,P-F013,3,160,480
T003792,P-F014,1,95,95
T003793,P-F018,1,180,180
T003793,P-L014,1,180,180
T003793,P-F014,1,95,95
T003793,P-F001,1,65,65
T003794,P-F018,2,180,360
T003794,P-L019,2,110,220
T003795,P-G002,1,480,480
T003795,P-G004,1,320,320
T003796,P-G002,2,480,960
T003797,P-F003,2,35,70
T003797,P-F001,1,65,65
T003798,P-F018,3,180,540
T003798,P-F002,1,180,180
T003798,P-F003,3,35,105
T003799,P-F003,1,35,35
T003799,P-F001,1,65,65
T003800,P-P021,1,240,240
T003800,P-F013,1,160,160
T003800,P-F014,3,95,285
T003800,P-F001,3,65,195
T003801,P-F003,1,35,35
T003801,P-F012,1,130,130
T003802,P-P018,1,580,580
T003802,P-L005,3,180,540
T003802,P-F001,1,65,65
T003802,P-G006,1,560,560
T003802,P-L001,1,260,260
T003802,P-L003,1,150,150
T003803,P-B004,1,599,599
T003803,P-B005,1,320,320
T003803,P-B009,1,240,240
T003803,P-B010,1,220,220
T003804,P-B002,1,760,760
T003804,P-B009,2,240,480
T003805,P-B001,1,780,780
T003805,P-B008,1,395,395
T003805,P-B006,1,280,280
T003806,P-L014,1,180,180
T003806,P-P019,1,120,120
T003806,P-F001,1,65,65
T003807,P-L003,1,150,150
T003807,P-F014,1,95,95
T003808,P-L005,1,180,180
T003808,P-L019,2,110,220
T003809,P-F012,2,130,260
T003809,P-F003,3,35,105
T003809,P-P015,1,220,220
T003809,P-P013,3,150,450
T003809,P-P019,3,120,360
T003810,P-L010,1,240,240
T003810,P-F013,1,160,160
T003810,P-F003,2,35,70
T003811,P-F018,3,180,540
T003811,P-F001,1,65,65
T003812,P-P021,1,240,240
T003812,P-L024,1,420,420
T003812,P-P012,1,180,180
T003813,P-F013,1,160,160
T003813,P-L019,2,110,220
T003814,P-P007,1,290,290
T003814,P-P012,1,180,180
T003814,P-P023,1,260,260
T003814,P-P019,4,120,480
T003815,P-F015,1,260,260
T003815,P-L019,1,110,110
T003815,P-F014,1,95,95
T003816,P-P004,1,420,420
T003816,P-F018,1,180,180
T003816,P-F014,1,95,95
T003816,P-F001,1,65,65
T003817,P-P029,1,320,320
T003817,P-P019,1,120,120
T003817,P-P011,1,320,320
T003817,P-F012,1,130,130
T003817,P-L019,1,110,110
T003818,P-P004,1,420,420
T003818,P-P029,1,320,320
T003818,P-P019,1,120,120
T003818,P-F003,1,35,35
T003819,P-F005,1,158,158
T003819,P-H016,1,390,390
T003819,P-L004,3,160,480
T003819,P-F014,1,95,95
T003820,P-G002,2,480,960
T003820,P-G004,1,320,320
T003821,P-G009,-1,460,-460
T003822,P-F014,1,95,95
T003822,P-F003,1,35,35
T003823,P-F001,1,65,65
T003823,P-F014,1,95,95
T003824,P-L019,1,110,110
T003825,P-B004,1,599,599
T003825,P-B007,1,260,260
T003825,P-B010,1,220,220
T003825,P-B006,1,280,280
T003826,P-F006,1,336,336
T003826,P-F010,1,79,79
T003826,P-L009,1,280,280
T003826,P-P001,1,260,260
T003826,P-F014,2,95,190
T003827,P-P021,1,240,240
T003827,P-L003,1,150,150
T003827,P-F014,2,95,190
T003828,P-F004,1,58,58
T003828,P-F008,1,252,252
T003828,P-P030,1,300,300
T003828,P-L019,2,110,220
T003828,P-P014,1,320,320
T003829,P-L015,1,590,590
T003829,P-P023,1,260,260
T003829,P-L018,1,130,130
T003829,P-F003,2,35,70
T003830,P-L014,3,180,540
T003830,P-F014,1,95,95
T003831,P-L003,4,150,600
T003831,P-F014,1,95,95
T003832,P-L002,1,220,220
T003832,P-F012,3,130,390
T003832,P-F014,1,95,95
T003833,P-P011,1,320,320
T003833,P-L020,1,190,190
T003833,P-F001,3,65,195
T003833,P-F003,3,35,105
T003834,P-F012,1,130,130
T003834,P-F001,3,65,195
T003835,P-F001,1,65,65
T003835,P-F003,1,35,35
T003836,P-F001,1,65,65
T003836,P-L019,1,110,110
T003837,P-L012,1,460,460
T003837,P-F003,4,35,140
T003837,P-L019,1,110,110
T003837,P-L004,1,160,160
T003838,P-B004,1,599,599
T003838,P-B004,1,599,599
T003838,P-B010,2,220,440
T003839,P-H016,1,390,390
T003839,P-G004,1,320,320
T003839,P-P019,1,120,120
T003840,P-P007,1,290,290
T003840,P-L001,1,260,260
T003840,P-F001,1,65,65
T003840,P-P017,1,260,260
T003840,P-F013,2,160,320
T003841,P-L002,1,220,220
T003841,P-P013,2,150,300
T003841,P-P012,3,180,540
T003842,P-G002,2,480,960
T003843,P-F010,1,79,79
T003843,P-F009,1,126,126
T003843,P-H025,1,480,480
T003843,P-G008,1,780,780
T003843,P-H016,1,390,390
T003844,P-H002,1,454,454
T003844,P-H001,1,734,734
T003844,P-F005,1,158,158
T003844,P-P008,1,460,460
T003844,P-P022,1,380,380
T003844,P-H010,1,520,520
T003845,P-P012,3,180,540
T003845,P-P029,1,320,320
T003845,P-P008,1,460,460
T003845,P-H016,1,390,390
T003845,P-F003,2,35,70
T003845,P-F020,1,190,190
T003846,P-L019,4,110,440
T003847,P-H016,1,390,390
T003848,P-L004,1,160,160
T003848,P-L019,1,110,110
T003849,P-P005,1,340,340
T003849,P-L004,3,160,480
T003849,P-F001,2,65,130
T003849,P-F013,1,160,160
T003849,P-L019,1,110,110
T003850,P-P022,1,380,380
T003850,P-F003,4,35,140
T003850,P-F014,1,95,95
T003851,P-G004,1,320,320
T003851,P-F020,1,190,190
T003851,P-L018,1,130,130
T003851,P-F014,1,95,95
T003852,P-F014,2,95,190
T003853,P-F012,2,130,260
T003853,P-L019,1,110,110
T003853,P-F014,1,95,95
T003854,P-F018,1,180,180
T003854,P-P029,1,320,320
T003854,P-L005,1,180,180
T003854,P-F003,1,35,35
T003854,P-L019,1,110,110
T003855,P-P013,1,150,150
T003855,P-F014,1,95,95
T003856,P-F020,1,190,190
T003856,P-L003,1,150,150
T003856,P-L019,1,110,110
T003856,P-P001,1,260,260
T003856,P-L005,1,180,180
T003856,P-F014,1,95,95
T003857,P-G002,2,480,960
T003858,P-G002,2,480,960
T003858,P-G004,1,320,320
T003859,P-H012,1,480,480
T003859,P-F013,2,160,320
T003859,P-F001,1,65,65
T003859,P-F003,3,35,105
T003860,P-F012,1,130,130
T003860,P-F001,1,65,65
T003861,P-F003,3,35,105
T003862,P-F001,3,65,195
T003863,P-H012,1,480,480
T003863,P-L020,1,190,190
T003863,P-F019,1,140,140
T003863,P-F014,1,95,95
T003864,P-B004,1,599,599
T003864,P-B008,2,395,790
T003864,P-B009,1,240,240
T003865,P-P012,1,180,180
T003865,P-F003,2,35,70
T003865,P-F014,1,95,95
T003866,P-L002,1,220,220
T003866,P-F001,2,65,130
T003866,P-F003,1,35,35
T003867,P-F014,1,95,95
T003867,P-F003,1,35,35
T003868,P-G002,2,480,960
T003868,P-G003,1,380,380
T003869,P-H012,1,480,480
T003869,P-L002,1,220,220
T003869,P-F014,2,95,190
T003870,P-P019,2,120,240
T003871,P-L024,1,420,420
T003871,P-F014,3,95,285
T003871,P-F001,1,65,65
T003872,P-H012,1,480,480
T003872,P-L004,1,160,160
T003872,P-L019,3,110,330
T003872,P-F014,1,95,95
T003873,P-H005,1,410,410
T003873,P-F011,1,399,399
T003873,P-F010,1,79,79
T003873,P-F019,2,140,280
T003873,P-P018,1,580,580
T003873,P-L004,3,160,480
T003874,P-P023,1,260,260
T003874,P-P019,1,120,120
T003874,P-F003,1,35,35
T003874,P-F001,1,65,65
T003875,P-F018,3,180,540
T003875,P-P019,1,120,120
T003875,P-L019,1,110,110
T003876,P-P013,-1,150,-150
T003877,P-G002,1,480,480
T003878,P-F011,1,399,399
T003878,P-F010,1,79,79
T003878,P-F006,1,336,336
T003878,P-F018,3,180,540
T003878,P-P028,1,200,200
T003878,P-F012,1,130,130
T003879,P-L009,1,280,280
T003879,P-L002,1,220,220
T003879,P-P019,1,120,120
T003879,P-F014,1,95,95
T003880,P-P004,1,420,420
T003880,P-F020,1,190,190
T003880,P-L019,1,110,110
T003880,P-F003,3,35,105
T003881,P-F014,1,95,95
T003882,P-L019,1,110,110
T003883,P-L019,1,110,110
T003884,P-F001,1,65,65
T003884,P-F003,1,35,35
T003885,P-F014,1,95,95
T003886,P-F019,3,140,420
T003886,P-L020,1,190,190
T003886,P-F002,1,180,180
T003887,P-F017,1,220,220
T003887,P-L002,1,220,220
T003887,P-F003,2,35,70
T003887,P-F014,1,95,95
T003888,P-L020,1,190,190
T003888,P-G009,1,460,460
T003888,P-L003,1,150,150
T003888,P-F014,1,95,95
T003889,P-L018,1,130,130
T003889,P-F003,1,35,35
T003890,P-F012,1,130,130
T003890,P-H008,1,720,720
T003890,P-P012,1,180,180
T003890,P-F002,1,180,180
T003891,P-P014,1,320,320
T003891,P-L003,1,150,150
T003891,P-F003,3,35,105
T003891,P-F014,1,95,95
T003892,P-H025,1,480,480
T003892,P-P017,1,260,260
T003892,P-F012,1,130,130
T003892,P-L019,1,110,110
T003893,P-L019,1,110,110
T003893,P-F001,1,65,65
T003894,P-F003,2,35,70
T003894,P-F001,1,65,65
T003895,P-H016,-1,390,-390
T003896,P-L019,1,110,110
T003897,P-F013,1,160,160
T003897,P-P017,1,260,260
T003897,P-L020,1,190,190
T003897,P-F003,2,35,70
T003898,P-L013,1,380,380
T003898,P-L004,1,160,160
T003898,P-L019,1,110,110
T003899,P-F009,1,126,126
T003899,P-L005,1,180,180
T003899,P-L001,1,260,260
T003899,P-G009,1,460,460
T003899,P-L014,3,180,540
T003899,P-H017,1,640,640
T003899,P-F017,1,220,220
T003899,P-P021,1,240,240
T003900,P-L004,1,160,160
T003900,P-F014,1,95,95
T003900,P-F001,1,65,65
T003901,P-L009,1,280,280
T003901,P-F014,2,95,190
T003902,P-P001,1,260,260
T003902,P-F001,2,65,130
T003902,P-F003,1,35,35
T003903,P-F012,3,130,390
T003903,P-F003,2,35,70
T003903,P-F014,1,95,95
T003904,P-G002,2,480,960
T003905,P-G002,2,480,960
T003906,P-P019,3,120,360
T003906,P-F001,1,65,65
T003907,P-P012,2,180,360
T003907,P-P016,1,280,280
T003907,P-F003,4,35,140
T003907,P-L018,1,130,130
T003908,P-G002,2,480,960
T003908,P-G004,1,320,320
T003909,P-G002,2,480,960
T003910,P-G002,1,480,480
T003910,P-G003,1,380,380
T003911,P-F003,2,35,70
T003911,P-F003,3,35,105
T003912,P-F001,1,65,65
T003912,P-F003,1,35,35
T003913,P-P006,1,250,250
T003913,P-L005,1,180,180
T003913,P-P028,1,200,200
T003913,P-F014,2,95,190
T003913,P-L019,3,110,330
T003914,P-B004,1,599,599
T003914,P-B007,1,260,260
T003914,P-B010,1,220,220
T003914,P-B009,1,240,240
T003915,P-H016,1,390,390
T003915,P-L010,1,240,240
T003915,P-F014,4,95,380
T003915,P-L019,1,110,110
T003916,P-L009,1,280,280
T003916,P-F018,1,180,180
T003916,P-F001,2,65,130
T003917,P-P023,1,260,260
T003917,P-F002,1,180,180
T003917,P-F012,1,130,130
T003917,P-F001,1,65,65
T003918,P-F017,1,220,220
T003918,P-F019,1,140,140
T003918,P-F014,1,95,95
T003918,P-L019,1,110,110
T003919,P-F020,1,190,190
T003919,P-P019,3,120,360
T003919,P-L019,1,110,110
T003920,P-P013,1,150,150
T003920,P-F001,1,65,65
T003921,P-F001,2,65,130
T003922,P-H012,1,480,480
T003922,P-F003,4,35,140
T003922,P-F018,1,180,180
T003922,P-F001,3,65,195
T003923,P-P019,1,120,120
T003923,P-L019,3,110,330
T003923,P-F001,1,65,65
T003924,P-L019,1,110,110
T003924,P-F001,1,65,65
T003925,P-H012,1,480,480
T003925,P-L018,3,130,390
T003925,P-F003,2,35,70
T003925,P-F014,1,95,95
T003925,P-H007,1,520,520
T003926,P-G002,1,480,480
T003926,P-G005,1,420,420
T003927,P-H004,1,605,605
T003927,P-F009,1,126,126
T003927,P-H001,1,734,734
T003927,P-P004,1,420,420
T003927,P-L005,1,180,180
T003927,P-P028,1,200,200
T003928,P-P014,1,320,320
T003928,P-L005,1,180,180
T003928,P-F001,3,65,195
T003929,P-G002,2,480,960
T003929,P-G004,1,320,320
T003930,P-G002,1,480,480
T003931,P-P020,1,350,350
T003931,P-G004,1,320,320
T003931,P-L020,1,190,190
T003931,P-F014,1,95,95
T003932,P-F001,4,65,260
T003932,P-L004,1,160,160
T003933,P-F015,1,260,260
T003933,P-L018,3,130,390
T003934,P-L024,1,420,420
T003934,P-P019,3,120,360
T003935,P-G002,2,480,960
T003936,P-F003,1,35,35
T003936,P-L019,1,110,110
T003937,P-L019,1,110,110
T003938,P-P030,1,300,300
T003938,P-L005,1,180,180
T003938,P-F014,1,95,95
T003938,P-F003,1,35,35
T003939,P-F001,1,65,65
T003939,P-F017,1,220,220
T003939,P-F020,1,190,190
T003939,P-F014,1,95,95
T003939,P-F003,2,35,70
T003940,P-F003,1,35,35
T003940,P-L019,1,110,110
T003941,P-F003,2,35,70
T003941,P-F001,1,65,65
T003942,P-F003,2,35,70
T003943,P-L014,1,180,180
T003943,P-F001,1,65,65
T003943,P-F003,3,35,105
T003944,P-H005,1,410,410
T003944,P-F011,1,399,399
T003944,P-P006,1,250,250
T003944,P-H016,1,390,390
T003944,P-L019,3,110,330
T003945,P-P017,1,260,260
T003945,P-P021,1,240,240
T003945,P-P006,1,250,250
T003945,P-P019,1,120,120
T003946,P-F013,2,160,320
T003946,P-L019,1,110,110
T003947,P-F003,2,35,70
T003947,P-G004,1,320,320
T003947,P-P007,1,290,290
T003947,P-L019,1,110,110
T003948,P-L019,1,110,110
T003948,P-F001,1,65,65
T003949,P-F011,1,399,399
T003949,P-F001,2,65,130
T003949,P-G007,1,620,620
T003949,P-P006,1,250,250
T003949,P-H004,1,605,605
T003949,P-P025,1,480,480
T003949,P-F003,3,35,105
T003949,P-P004,1,420,420
T003950,P-F018,3,180,540
T003950,P-F014,1,95,95
T003951,P-G002,2,480,960
T003951,P-G004,1,320,320
T003952,P-H006,1,1166,1166
T003952,P-F004,1,58,58
T003952,P-H006,1,1166,1166
T003952,P-L002,1,220,220
T003952,P-P016,1,280,280
T003952,P-F015,1,260,260
T003953,P-H012,1,480,480
T003953,P-L010,1,240,240
T003953,P-L019,2,110,220
T003954,P-L017,1,620,620
T003954,P-L018,3,130,390
T003955,P-L004,1,160,160
T003955,P-F001,3,65,195
T003956,P-P024,1,540,540
T003956,P-P017,1,260,260
T003956,P-P013,1,150,150
T003957,P-F001,1,65,65
T003957,P-L001,1,260,260
T003957,P-L018,3,130,390
T003957,P-L004,1,160,160
T003957,P-F003,1,35,35
T003958,P-L018,1,130,130
T003958,P-F015,1,260,260
T003958,P-F012,1,130,130
T003958,P-F001,1,65,65
T003959,P-F003,3,35,105
T003959,P-F001,1,65,65
T003960,P-F003,3,35,105
T003961,P-F014,1,95,95
T003962,P-H012,1,480,480
T003962,P-F001,4,65,260
T003962,P-L019,1,110,110
T003963,P-F014,1,95,95
T003964,P-L019,1,110,110
T003965,P-F003,1,35,35
T003966,P-F003,1,35,35
T003967,P-F001,1,65,65
T003967,P-L019,1,110,110
T003968,P-P029,1,320,320
T003968,P-P030,1,300,300
T003968,P-F014,3,95,285
T003969,P-P025,1,480,480
T003969,P-P017,1,260,260
T003969,P-F001,1,65,65
T003969,P-P018,1,580,580
T003969,P-G003,1,380,380
T003969,P-P030,1,300,300
T003970,P-B004,1,599,599
T003970,P-B010,1,220,220
T003970,P-B009,1,240,240
T003970,P-B007,1,260,260
T003971,P-P012,2,180,360
T003971,P-L004,1,160,160
T003971,P-F001,1,65,65
T003972,P-G002,1,480,480
T003973,P-H012,1,480,480
T003973,P-L018,1,130,130
T003973,P-F001,3,65,195
T003973,P-L004,1,160,160
T003973,P-H007,1,520,520
T003974,P-L004,3,160,480
T003974,P-L018,3,130,390
T003975,P-L007,1,320,320
T003975,P-F014,3,95,285
T003976,P-G002,2,480,960
T003976,P-G004,1,320,320
T003977,P-G002,2,480,960
T003977,P-G004,1,320,320
T003978,P-H012,1,480,480
T003978,P-F014,2,95,190
T003978,P-F020,1,190,190
T003979,P-P008,1,460,460
T003979,P-P019,2,120,240
T003979,P-F003,2,35,70
T003979,P-L019,1,110,110
T003980,P-F003,2,35,70
T003980,P-F001,2,65,130
T003981,P-F003,1,35,35
T003981,P-F014,1,95,95
T003982,P-P002,2,380,760
T003982,P-F014,1,95,95
T003982,P-F017,1,220,220
T003982,P-F003,1,35,35
T003982,P-F018,1,180,180
T003983,P-H002,1,454,454
T003983,P-H001,1,734,734
T003983,P-P006,1,250,250
T003983,P-L018,2,130,260
T003983,P-P005,1,340,340
T003984,P-F015,1,260,260
T003984,P-F003,2,35,70
T003984,P-F001,1,65,65
T003985,P-P012,1,180,180
T003985,P-F003,3,35,105
T003985,P-F014,1,95,95
T003985,P-L019,1,110,110
T003986,P-P019,2,120,240
T003986,P-L019,1,110,110
T003987,P-F001,2,65,130
T003988,P-G002,1,480,480
T003989,P-F001,2,65,130
T003990,P-F014,1,95,95
T003991,P-F014,1,95,95
T003992,P-F004,1,58,58
T003992,P-H004,1,605,605
T003992,P-P018,1,580,580
T003992,P-L007,1,320,320
T003992,P-P019,1,120,120
T003993,P-F004,1,58,58
T003993,P-H003,1,961,961
T003993,P-F005,1,158,158
T003993,P-G001,1,880,880
T003993,P-P013,2,150,300
T003993,P-F001,1,65,65
T003994,P-F003,2,35,70
T003994,P-L019,1,110,110
T003995,P-L009,1,280,280
T003995,P-L020,1,190,190
T003995,P-F003,2,35,70
T003995,P-F001,1,65,65
T003995,P-L019,1,110,110
T003996,P-G004,1,320,320
T003996,P-L020,1,190,190
T003996,P-F014,1,95,95
T003996,P-F003,1,35,35
T003997,P-P030,1,300,300
T003997,P-L010,1,240,240
T003997,P-L019,1,110,110
T003997,P-F003,1,35,35
T003998,P-L018,1,130,130
T003998,P-L019,1,110,110
T003999,P-F003,2,35,70
T003999,P-P019,1,120,120
T004000,P-H005,1,410,410
T004000,P-L014,2,180,360
T004000,P-L003,1,150,150
T004000,P-L019,1,110,110
T004000,P-H001,1,734,734
T004000,P-H018,1,990,990
T004000,P-F020,1,190,190
T004000,P-P007,1,290,290
T004001,P-P023,1,260,260
T004001,P-F014,1,95,95
T004001,P-L004,2,160,320
T004001,P-L013,1,380,380
T004001,P-F001,3,65,195
T004001,P-F012,1,130,130
T004002,P-P013,1,150,150
T004002,P-L019,1,110,110
T004002,P-F014,1,95,95
T004002,P-F010,1,79,79
T004002,P-L018,1,130,130
T004002,P-P028,1,200,200
T004002,P-L016,1,880,880
T004003,P-H016,1,390,390
T004004,P-P019,2,120,240
T004005,P-P016,2,280,560
T004005,P-P017,1,260,260
T004005,P-P005,1,340,340
T004005,P-P013,1,150,150
T004006,P-H004,1,605,605
T004006,P-H006,1,1166,1166
T004006,P-P015,1,220,220
T004006,P-P016,1,280,280
T004006,P-P025,1,480,480
T004007,P-F004,1,58,58
T004007,P-L005,3,180,540
T004007,P-L014,1,180,180
T004007,P-F001,2,65,130
T004007,P-F005,1,158,158
T004007,P-F017,1,220,220
T004007,P-F012,1,130,130
T004007,P-P005,1,340,340
T004008,P-H002,1,454,454
T004008,P-F009,1,126,126
T004008,P-F006,1,336,336
T004008,P-P004,1,420,420
T004008,P-P014,1,320,320
T004008,P-F017,1,220,220
T004009,P-H022,1,690,690
T004009,P-P012,2,180,360
T004010,P-F020,1,190,190
T004010,P-P024,1,540,540
T004010,P-P007,1,290,290
T004010,P-P014,1,320,320
T004010,P-P007,1,290,290
T004010,P-F013,1,160,160
T004011,P-P015,1,220,220
T004011,P-P019,1,120,120
T004011,P-F001,1,65,65
T004012,P-P015,1,220,220
T004012,P-L003,3,150,450
T004012,P-F003,3,35,105
T004013,P-P014,1,320,320
T004013,P-F003,1,35,35
T004013,P-F018,1,180,180
T004013,P-F001,2,65,130
T004014,P-L003,1,150,150
T004014,P-L019,1,110,110
T004015,P-L019,1,110,110
T004015,P-F003,1,35,35
T004016,P-F014,-1,95,-95
T004017,P-G002,2,480,960
T004018,P-P030,1,300,300
T004018,P-P002,1,380,380
T004018,P-F002,3,180,540
T004019,P-F003,2,35,70
T004019,P-L019,1,110,110
T004020,P-F010,1,79,79
T004020,P-L003,1,150,150
T004020,P-P010,1,620,620
T004020,P-F003,1,35,35
T004020,P-H004,1,605,605
T004020,P-L008,1,450,450
T004020,P-F001,2,65,130
T004020,P-H021,1,580,580
T004021,P-F003,1,35,35
T004022,P-F003,1,35,35
T004022,P-F014,1,95,95
T004023,P-F003,1,35,35
T004024,P-F003,2,35,70
T004025,P-F003,2,35,70
T004026,P-F001,1,65,65
T004026,P-L019,1,110,110
T004027,P-F003,1,35,35
T004027,P-L019,1,110,110
T004028,P-B004,1,599,599
T004028,P-B007,1,260,260
T004028,P-B006,1,280,280
T004028,P-B010,1,220,220
T004029,P-B004,1,599,599
T004029,P-B005,1,320,320
T004029,P-B006,1,280,280
T004029,P-B010,1,220,220
T004030,P-P009,1,890,890
T004030,P-P021,1,240,240
T004030,P-F002,1,180,180
T004031,P-L005,3,180,540
T004031,P-L018,1,130,130
T004031,P-L019,1,110,110
T004032,P-F001,2,65,130
T004032,P-L019,1,110,110
T004033,P-F002,-1,180,-180
T004034,P-H004,1,605,605
T004034,P-H002,1,454,454
T004034,P-H024,1,750,750
T004034,P-P028,1,200,200
T004034,P-L012,1,460,460
T004035,P-L003,1,150,150
T004035,P-L019,1,110,110
T004036,P-P004,1,420,420
T004036,P-P019,1,120,120
T004036,P-L019,1,110,110
T004037,P-F014,4,95,380
T004037,P-F001,1,65,65
T004038,P-F002,1,180,180
T004038,P-L003,3,150,450
T004039,P-F018,4,180,720
T004039,P-F014,1,95,95
T004040,P-F003,4,35,140
T004040,P-F001,1,65,65
T004041,P-L019,1,110,110
T004042,P-F003,3,35,105
T004042,P-F012,1,130,130
T004042,P-L019,1,110,110
T004043,P-F014,1,95,95
T004044,P-H023,1,620,620
T004044,P-P013,2,150,300
T004044,P-P019,3,120,360
T004045,P-F019,3,140,420
T004045,P-F003,4,35,140
T004046,P-F001,3,65,195
T004046,P-L019,1,110,110
T004047,P-F008,1,252,252
T004047,P-F006,1,336,336
T004047,P-H001,1,734,734
T004047,P-H016,1,390,390
T004047,P-F018,3,180,540
T004048,P-G002,2,480,960
T004048,P-G004,1,320,320
T004049,P-F018,3,180,540
T004049,P-F014,1,95,95
T004050,P-L018,1,130,130
T004050,P-F014,1,95,95
T004051,P-F004,1,58,58
T004051,P-H003,1,961,961
T004051,P-P023,1,260,260
T004051,P-F019,1,140,140
T004051,P-F001,1,65,65
T004052,P-F003,3,35,105
T004053,P-F003,2,35,70
T004053,P-F001,1,65,65
T004053,P-F003,1,35,35
T004054,P-F003,3,35,105
T004054,P-F001,1,65,65
T004055,P-B004,1,599,599
T004055,P-B010,1,220,220
T004055,P-B008,1,395,395
T004055,P-B007,1,260,260
T004056,P-B004,1,599,599
T004056,P-B005,1,320,320
T004056,P-B010,2,220,440
T004057,P-F013,1,160,160
T004057,P-F014,1,95,95
T004058,P-H001,1,734,734
T004058,P-H003,1,961,961
T004058,P-F011,1,399,399
T004058,P-L011,1,520,520
T004058,P-L018,2,130,260
T004058,P-P019,3,120,360
T004059,P-H016,1,390,390
T004060,P-L003,1,150,150
T004060,P-L019,1,110,110
T004061,P-L003,1,150,150
T004061,P-L019,1,110,110
T004062,P-F019,1,140,140
T004062,P-F003,3,35,105
T004062,P-F014,1,95,95
T004063,P-L002,2,220,440
T004063,P-P019,1,120,120
T004063,P-P028,1,200,200
T004063,P-F014,1,95,95
T004064,P-H025,1,480,480
T004064,P-F017,1,220,220
T004064,P-F014,1,95,95
T004064,P-F003,1,35,35
T004064,P-L019,1,110,110
T004065,P-F019,1,140,140
T004065,P-F003,2,35,70
T004066,P-F003,3,35,105
T004067,P-F014,2,95,190
T004067,P-L014,3,180,540
T004067,P-L019,1,110,110
T004068,P-F013,3,160,480
T004068,P-F003,1,35,35
T004069,P-P024,1,540,540
T004069,P-L007,1,320,320
T004069,P-P013,1,150,150
T004070,P-P021,1,240,240
T004070,P-L019,1,110,110
T004070,P-F014,1,95,95
T004071,P-L003,1,150,150
T004071,P-P028,1,200,200
T004071,P-F003,4,35,140
T004071,P-F014,2,95,190
T004071,P-L019,1,110,110
T004072,P-F013,2,160,320
T004072,P-F014,2,95,190
T004073,P-P002,1,380,380
T004073,P-F018,1,180,180
T004073,P-F014,1,95,95
T004074,P-F001,3,65,195
T004075,P-G002,2,480,960
T004076,P-G002,1,480,480
T004076,P-G005,1,420,420
T004077,P-L013,1,380,380
T004077,P-L023,1,540,540
T004077,P-L001,1,260,260
T004077,P-F020,1,190,190
T004077,P-P001,1,260,260
T004077,P-P013,1,150,150
T004078,P-L014,1,180,180
T004078,P-P018,1,580,580
T004078,P-F015,1,260,260
T004078,P-P012,3,180,540
T004079,P-G004,1,320,320
T004079,P-L005,1,180,180
T004079,P-F003,2,35,70
T004079,P-F014,1,95,95
T004080,P-P023,1,260,260
T004080,P-P016,1,280,280
T004080,P-F014,1,95,95
T004080,P-F003,3,35,105
T004081,P-L019,1,110,110
T004082,P-F001,2,65,130
T004083,P-B004,1,599,599
T004083,P-B005,1,320,320
T004083,P-B006,1,280,280
T004083,P-B010,1,220,220
T004084,P-P016,1,280,280
T004084,P-F014,2,95,190
T004084,P-F001,1,65,65
T004085,P-F012,1,130,130
T004085,P-P012,1,180,180
T004085,P-F014,1,95,95
T004086,P-L002,1,220,220
T004086,P-L019,2,110,220
T004086,P-F001,1,65,65
T004087,P-L019,1,110,110
T004087,P-F003,1,35,35
T004088,P-G003,1,380,380
T004088,P-H018,1,990,990
T004088,P-H015,1,450,450
T004088,P-L020,1,190,190
T004088,P-F003,3,35,105
T004088,P-P007,1,290,290
T004089,P-P019,2,120,240
T004090,P-F019,1,140,140
T004090,P-F001,1,65,65
T004090,P-F003,1,35,35
T004091,P-F001,2,65,130
T004091,P-P017,1,260,260
T004091,P-P023,1,260,260
T004091,P-L014,1,180,180
T004091,P-L019,1,110,110
T004092,P-F003,2,35,70
T004092,P-F001,1,65,65
T004093,P-F014,2,95,190
T004094,P-P007,1,290,290
T004094,P-L004,3,160,480
T004094,P-F013,1,160,160
T004095,P-F020,1,190,190
T004095,P-P013,2,150,300
T004095,P-P012,1,180,180
T004095,P-F001,2,65,130
T004095,P-L019,1,110,110
T004096,P-L019,1,110,110
T004096,P-F003,1,35,35
T004097,P-L019,1,110,110
T004098,P-F003,3,35,105
T004098,P-F001,1,65,65
T004099,P-P020,1,350,350
T004099,P-G009,1,460,460
T004099,P-G004,1,320,320
T004099,P-P019,1,120,120
T004100,P-P030,1,300,300
T004100,P-F002,1,180,180
T004100,P-L019,1,110,110
T004101,P-L004,1,160,160
T004101,P-F001,1,65,65
T004102,P-L019,1,110,110
T004103,P-F003,1,35,35
T004103,P-L019,1,110,110
T004104,P-F003,2,35,70
T004105,P-F003,3,35,105
T004105,P-F001,1,65,65
T004106,P-F003,1,35,35
T004106,P-F003,2,35,70
T004106,P-F001,1,65,65
T004107,P-H016,1,390,390
T004107,P-F014,1,95,95
T004107,P-F003,3,35,105
T004107,P-F001,3,65,195
T004108,P-L019,2,110,220
T004109,P-B005,1,320,320
T004109,P-B010,1,220,220
T004109,P-B007,1,260,260
T004110,P-B001,1,780,780
T004110,P-B006,1,280,280
T004111,P-P016,1,280,280
T004111,P-H015,1,450,450
T004111,P-P002,1,380,380
T004111,P-P013,1,150,150
T004112,P-H009,1,780,780
T004112,P-L008,1,450,450
T004112,P-L004,1,160,160
T004112,P-F014,1,95,95
T004113,P-F019,1,140,140
T004113,P-H010,1,520,520
T004113,P-P029,1,320,320
T004113,P-P015,1,220,220
T004114,P-F009,1,126,126
T004114,P-F005,1,158,158
T004114,P-L004,3,160,480
T004114,P-F017,1,220,220
T004114,P-L005,3,180,540
T004115,P-L019,4,110,440
T004116,P-P013,2,150,300
T004116,P-G004,1,320,320
T004116,P-P015,1,220,220
T004116,P-P001,1,260,260
T004116,P-P019,1,120,120
T004117,P-F003,3,35,105
T004117,P-L004,3,160,480
T004118,P-F014,1,95,95
T004118,P-F013,1,160,160
T004118,P-F019,1,140,140
T004119,P-F001,1,65,65
T004119,P-F003,1,35,35
T004119,P-F012,3,130,390
T004120,P-P020,1,350,350
T004120,P-L009,1,280,280
T004120,P-L003,1,150,150
T004121,P-F012,1,130,130
T004121,P-F001,2,65,130
T004122,P-F010,1,79,79
T004122,P-F020,1,190,190
T004122,P-P030,1,300,300
T004122,P-L012,1,460,460
T004123,P-P012,3,180,540
T004123,P-F014,1,95,95
T004123,P-P019,2,120,240
T004124,P-F001,1,65,65
T004125,P-P005,1,340,340
T004125,P-P012,1,180,180
T004125,P-L003,1,150,150
T004125,P-F014,1,95,95
T004126,P-F001,3,65,195
T004127,P-G002,1,480,480
T004128,P-G002,2,480,960
T004128,P-G004,1,320,320
T004129,P-F014,1,95,95
T004129,P-F001,1,65,65
T004130,P-L013,1,380,380
T004130,P-F014,1,95,95
T004130,P-L019,1,110,110
T004131,P-H025,1,480,480
T004131,P-L020,1,190,190
T004131,P-F001,3,65,195
T004132,P-F001,2,65,130
T004132,P-F003,1,35,35
T004133,P-H003,1,961,961
T004133,P-F011,1,399,399
T004133,P-H002,1,454,454
T004133,P-P030,1,300,300
T004133,P-L020,1,190,190
T004133,P-F003,3,35,105
T004134,P-F003,1,35,35
T004134,P-F014,1,95,95
T004135,P-L019,1,110,110
T004136,P-L005,1,180,180
T004136,P-L019,1,110,110
T004136,P-F014,1,95,95
T004137,P-F012,2,130,260
T004137,P-P013,1,150,150
T004137,P-F003,3,35,105
T004138,P-P019,3,120,360
T004138,P-L020,1,190,190
T004138,P-F014,1,95,95
T004138,P-F001,1,65,65
T004139,P-L003,3,150,450
T004139,P-L005,3,180,540
T004140,P-P019,1,120,120
T004140,P-F003,1,35,35
T004141,P-G004,1,320,320
T004141,P-G002,1,480,480
T004141,P-L001,1,260,260
T004141,P-L013,1,380,380
T004141,P-L004,3,160,480
T004141,P-F012,1,130,130
T004142,P-G002,2,480,960
T004142,P-G005,1,420,420
T004143,P-F010,1,79,79
T004143,P-P028,1,200,200
T004143,P-P007,1,290,290
T004143,P-P008,1,460,460
T004143,P-F011,1,399,399
T004143,P-L007,1,320,320
T004143,P-P023,1,260,260
T004143,P-P005,1,340,340
T004144,P-F009,1,126,126
T004144,P-H002,1,454,454
T004144,P-F005,1,158,158
T004144,P-L024,1,420,420
T004144,P-H016,1,390,390
T004144,P-F017,1,220,220
T004145,P-P019,1,120,120
T004145,P-P013,1,150,150
T004146,P-H012,1,480,480
T004146,P-L018,1,130,130
T004146,P-F019,2,140,280
T004146,P-F001,3,65,195
T004146,P-H007,1,520,520
T004147,P-F001,4,65,260
T004147,P-L019,1,110,110
T004148,P-L019,2,110,220
T004148,P-F001,1,65,65
T004148,P-L004,2,160,320
T004148,P-P019,1,120,120
T004149,P-G002,1,480,480
T004150,P-G002,1,480,480
T004151,P-F015,1,260,260
T004151,P-P019,2,120,240
T004151,P-F002,1,180,180
T004151,P-F003,3,35,105
T004152,P-F003,2,35,70
T004153,P-F003,2,35,70
T004154,P-F003,3,35,105
T004155,P-F013,1,160,160
T004155,P-F003,3,35,105
T004155,P-F014,1,95,95
T004156,P-P005,1,340,340
T004156,P-P019,2,120,240
T004156,P-P023,1,260,260
T004156,P-P013,1,150,150
T004157,P-L005,1,180,180
T004157,P-F012,3,130,390
T004158,P-F014,1,95,95
T004158,P-L019,1,110,110
T004159,P-F009,1,126,126
T004159,P-H002,1,454,454
T004159,P-F008,1,252,252
T004159,P-F003,2,35,70
T004159,P-H025,1,480,480
T004159,P-F002,1,180,180
T004160,P-F018,3,180,540
T004160,P-L020,1,190,190
T004160,P-H016,1,390,390
T004160,P-L025,1,1180,1180
T004160,P-F001,3,65,195
T004160,P-L018,2,130,260
T004161,P-F014,3,95,285
T004161,P-P025,1,480,480
T004161,P-P017,1,260,260
T004161,P-H016,1,390,390
T004161,P-L007,1,320,320
T004161,P-L003,1,150,150
T004162,P-P030,1,300,300
T004162,P-F013,2,160,320
T004162,P-F019,1,140,140
T004162,P-F001,2,65,130
T004162,P-H025,1,480,480
T004162,P-F019,2,140,280
T004163,P-B004,1,599,599
T004163,P-B010,1,220,220
T004163,P-B009,1,240,240
T004163,P-B006,1,280,280
T004164,P-H012,1,480,480
T004164,P-F013,2,160,320
T004164,P-F003,1,35,35
T004164,P-F019,1,140,140
T004165,P-F019,1,140,140
T004165,P-F001,1,65,65
T004165,P-F003,1,35,35
T004166,P-F001,2,65,130
T004166,P-F012,1,130,130
T004166,P-F003,2,35,70
T004167,P-P028,1,200,200
T004167,P-F001,1,65,65
T004167,P-F014,1,95,95
T004168,P-F012,1,130,130
T004168,P-F003,2,35,70
T004169,P-F002,1,180,180
T004169,P-P019,1,120,120
T004169,P-F001,1,65,65
T004169,P-F009,1,126,126
T004169,P-H017,1,640,640
T004169,P-F013,3,160,480
T004169,P-F001,2,65,130
T004170,P-G002,2,480,960
T004171,P-G002,2,480,960
T004172,P-F010,1,79,79
T004172,P-H005,1,410,410
T004172,P-P003,1,780,780
T004172,P-P017,1,260,260
T004172,P-L002,1,220,220
T004173,P-F001,3,65,195
T004174,P-F014,3,95,285
T004175,P-F011,1,399,399
T004175,P-L020,1,190,190
T004175,P-F001,3,65,195
T004175,P-F003,1,35,35
T004176,P-H002,1,454,454
T004176,P-P013,3,150,450
T004176,P-F014,1,95,95
T004176,P-L008,1,450,450
T004176,P-P015,1,220,220
T004176,P-F014,1,95,95
T004177,P-F003,1,35,35
T004177,P-L019,1,110,110
T004178,P-F001,1,65,65
T004178,P-F003,1,35,35
T004179,P-F003,1,35,35
T004179,P-F001,1,65,65
T004179,P-F003,1,35,35
T004180,P-L023,1,540,540
T004180,P-P012,1,180,180
T004180,P-F001,2,65,130
T004181,P-P030,1,300,300
T004181,P-L018,4,130,520
T004181,P-L007,1,320,320
T004181,P-P017,1,260,260
T004181,P-F001,1,65,65
T004182,P-F017,1,220,220
T004182,P-L019,1,110,110
T004182,P-F014,1,95,95
T004183,P-L007,1,320,320
T004183,P-P016,1,280,280
T004183,P-P019,3,120,360
T004184,P-F001,2,65,130
T004184,P-F014,1,95,95
T004185,P-P023,1,260,260
T004185,P-L019,1,110,110
T004185,P-L018,1,130,130
T004185,P-H015,1,450,450
T004185,P-L008,1,450,450
T004185,P-L003,1,150,150
T004186,P-G009,1,460,460
T004186,P-P029,1,320,320
T004186,P-L012,1,460,460
T004186,P-P025,1,480,480
T004186,P-L020,1,190,190
T004186,P-H013,1,850,850
T004187,P-F003,3,35,105
T004187,P-F001,1,65,65
T004188,P-F014,2,95,190
T004188,P-F001,2,65,130
T004189,P-L019,3,110,330
T004189,P-L003,1,150,150
T004189,P-F014,1,95,95
T004190,P-F003,2,35,70
T004190,P-F014,1,95,95
T004191,P-P013,2,150,300
T004191,P-P023,1,260,260
T004191,P-P021,1,240,240
T004191,P-P001,1,260,260
T004191,P-P028,1,200,200
T004191,P-P019,1,120,120
T004192,P-F008,1,252,252
T004192,P-F008,1,252,252
T004192,P-P013,3,150,450
T004192,P-G009,1,460,460
T004192,P-F001,2,65,130
T004193,P-P007,1,290,290
T004193,P-F001,1,65,65
T004193,P-F003,3,35,105
T004194,P-H012,1,480,480
T004194,P-L007,1,320,320
T004194,P-L018,1,130,130
T004194,P-F003,2,35,70
T004194,P-H007,1,520,520
T004195,P-G006,1,560,560
T004195,P-L005,1,180,180
T004195,P-L019,1,110,110
T004196,P-F001,3,65,195
T004196,P-F018,1,180,180
T004196,P-F019,1,140,140
T004197,P-L018,1,130,130
T004197,P-F003,1,35,35
T004198,P-F011,1,399,399
T004198,P-H001,1,734,734
T004198,P-H001,1,734,734
T004198,P-L010,1,240,240
T004198,P-L004,3,160,480
T004198,P-L003,2,150,300
T004199,P-H002,1,454,454
T004199,P-H003,1,961,961
T004199,P-H005,1,410,410
T004199,P-L018,2,130,260
T004199,P-L019,1,110,110
T004199,P-F003,2,35,70
T004200,P-F014,2,95,190
T004201,P-F003,1,35,35
T004201,P-F001,1,65,65
T004202,P-B009,1,240,240
T004202,P-B010,1,220,220
T004202,P-B005,1,320,320
T004203,P-F020,1,190,190
T004203,P-L019,2,110,220
T004203,P-F001,1,65,65
T004203,P-F003,1,35,35
T004204,P-F003,1,35,35
T004204,P-F014,1,95,95
T004204,P-F001,2,65,130
T004205,P-L019,4,110,440
T004206,P-G004,1,320,320
T004206,P-P017,1,260,260
T004206,P-G002,1,480,480
T004206,P-P013,2,150,300
T004207,P-P020,1,350,350
T004207,P-L005,1,180,180
T004207,P-F001,1,65,65
T004207,P-L019,1,110,110
T004208,P-H013,1,850,850
T004208,P-F002,2,180,360
T004208,P-P015,1,220,220
T004208,P-P013,1,150,150
T004208,P-F001,1,65,65
T004208,P-F003,1,35,35
T004209,P-F013,2,160,320
T004209,P-F012,2,130,260
T004209,P-F003,2,35,70
T004210,P-L004,1,160,160
T004210,P-L014,1,180,180
T004210,P-F001,1,65,65
T004210,P-P019,1,120,120
T004211,P-P012,1,180,180
T004211,P-F003,3,35,105
T004211,P-L019,1,110,110
T004212,P-F014,2,95,190
T004212,P-L019,1,110,110
T004213,P-L019,1,110,110
T004213,P-F001,1,65,65
T004214,P-H006,1,1166,1166
T004214,P-F009,1,126,126
T004214,P-F010,1,79,79
T004214,P-L019,2,110,220
T004214,P-P018,1,580,580
T004214,P-P007,1,290,290
T004215,P-P011,1,320,320
T004215,P-F014,3,95,285
T004215,P-L019,1,110,110
T004216,P-P024,1,540,540
T004216,P-L012,1,460,460
T004216,P-F020,1,190,190
T004217,P-F012,1,130,130
T004217,P-F003,2,35,70
T004218,P-F001,1,65,65
T004219,P-F003,3,35,105
T004220,P-F003,3,35,105
T004221,P-F003,3,35,105
T004222,P-B004,1,599,599
T004222,P-B006,2,280,560
T004222,P-B010,1,220,220
T004223,P-P006,1,250,250
T004223,P-F003,2,35,70
T004223,P-L019,1,110,110
T004224,P-F001,1,65,65
T004224,P-F003,3,35,105
T004225,P-H016,1,390,390
T004226,P-F020,1,190,190
T004226,P-F001,2,65,130
T004227,P-F002,1,180,180
T004227,P-P008,1,460,460
T004227,P-P005,1,340,340
T004228,P-P030,1,300,300
T004228,P-L004,2,160,320
T004228,P-F001,1,65,65
T004229,P-H010,1,520,520
T004229,P-P017,1,260,260
T004229,P-L018,1,130,130
T004229,P-L003,1,150,150
T004229,P-F001,1,65,65
T004230,P-F013,1,160,160
T004230,P-F014,1,95,95
T004231,P-F019,1,140,140
T004231,P-L019,1,110,110
T004232,P-P019,1,120,120
T004232,P-L010,1,240,240
T004232,P-L019,2,110,220
T004233,P-L019,1,110,110
T004234,P-P030,1,300,300
T004234,P-P013,1,150,150
T004234,P-L001,1,260,260
T004234,P-L020,1,190,190
T004234,P-F001,2,65,130
T004235,P-P023,1,260,260
T004235,P-F018,1,180,180
T004235,P-P012,1,180,180
T004235,P-L019,1,110,110
T004236,P-L019,2,110,220
T004236,P-F001,1,65,65
T004236,P-F014,1,95,95
T004237,P-L004,1,160,160
T004237,P-F014,2,95,190
T004238,P-F017,1,220,220
T004238,P-P030,1,300,300
T004238,P-F001,1,65,65
T004238,P-F003,1,35,35
T004238,P-L019,1,110,110
T004239,P-P025,1,480,480
T004239,P-L018,2,130,260
T004239,P-F001,2,65,130
T004240,P-F014,1,95,95
T004240,P-P013,1,150,150
T004240,P-F018,1,180,180
T004240,P-F001,2,65,130
T004241,P-L020,1,190,190
T004241,P-L003,2,150,300
T004241,P-L014,2,180,360
T004241,P-F001,1,65,65
T004242,P-F014,2,95,190
T004243,P-G002,2,480,960
T004244,P-F014,1,95,95
T004245,P-F001,1,65,65
T004246,P-F003,2,35,70
T004247,P-F001,1,65,65
T004247,P-F003,1,35,35
T004248,P-F003,1,35,35
T004248,P-F014,1,95,95
T004249,P-B007,1,260,260
T004249,P-B005,1,320,320
T004249,P-B009,1,240,240
T004250,P-G005,1,420,420
T004250,P-H015,1,450,450
T004250,P-P013,1,150,150
T004250,P-P019,1,120,120
T004251,P-P011,1,320,320
T004251,P-P021,1,240,240
T004251,P-L019,1,110,110
T004251,P-F003,2,35,70
T004252,P-L003,1,150,150
T004252,P-F001,4,65,260
T004252,P-F020,1,190,190
T004252,P-F003,2,35,70
T004253,P-F001,-1,65,-65
T004254,P-F009,1,126,126
T004254,P-H004,1,605,605
T004254,P-H017,1,640,640
T004254,P-P005,1,340,340
T004254,P-P011,1,320,320
T004255,P-F019,1,140,140
T004255,P-F001,2,65,130
T004256,P-L019,1,110,110
T004256,P-F015,1,260,260
T004256,P-F017,1,220,220
T004256,P-F001,3,65,195
T004257,P-F003,-1,35,-35
T004258,P-L016,1,880,880
T004258,P-P001,1,260,260
T004258,P-L004,1,160,160
T004258,P-F007,1,94,94
T004258,P-L015,1,590,590
T004258,P-H022,1,690,690
T004258,P-P021,1,240,240
T004259,P-H002,1,454,454
T004259,P-F008,1,252,252
T004259,P-F010,1,79,79
T004259,P-P013,1,150,150
T004259,P-L001,1,260,260
T004259,P-L019,1,110,110
T004260,P-G002,2,480,960
T004260,P-G004,1,320,320
T004261,P-F018,3,180,540
T004261,P-P018,1,580,580
T004261,P-P001,1,260,260
T004261,P-G010,1,1080,1080
T004261,P-P002,1,380,380
T004261,P-L018,1,130,130
T004262,P-L019,1,110,110
T004262,P-F001,1,65,65
T004263,P-L008,1,450,450
T004263,P-L002,1,220,220
T004263,P-P017,1,260,260
T004263,P-F012,3,130,390
T004264,P-L023,1,540,540
T004264,P-P013,2,150,300
T004264,P-F013,1,160,160
T004265,P-L020,1,190,190
T004265,P-F020,1,190,190
T004265,P-F012,1,130,130
T004266,P-P012,1,180,180
T004266,P-P019,1,120,120
T004266,P-F019,1,140,140
T004266,P-F001,1,65,65
T004267,P-P016,1,280,280
T004267,P-F020,1,190,190
T004267,P-F014,1,95,95
T004267,P-F003,3,35,105
T004268,P-F014,2,95,190
T004268,P-F001,1,65,65
T004269,P-F002,2,180,360
T004269,P-L005,1,180,180
T004269,P-P005,1,340,340
T004269,P-L010,1,240,240
T004269,P-L019,1,110,110
T004269,P-F014,1,95,95
T004270,P-F003,1,35,35
T004270,P-F003,3,35,105
T004271,P-F003,3,35,105
T004272,P-F004,1,58,58
T004272,P-H006,1,1166,1166
T004272,P-F009,1,126,126
T004272,P-P013,2,150,300
T004272,P-G004,1,320,320
T004272,P-L013,1,380,380
T004273,P-L018,1,130,130
T004273,P-L019,2,110,220
T004274,P-P028,1,200,200
T004274,P-P019,1,120,120
T004275,P-P014,1,320,320
T004275,P-L004,1,160,160
T004275,P-F014,1,95,95
T004276,P-F001,2,65,130
T004276,P-F003,2,35,70
T004277,P-L019,1,110,110
T004278,P-L014,2,180,360
T004278,P-F014,3,95,285
T004279,P-L018,1,130,130
T004279,P-L005,2,180,360
T004279,P-L020,1,190,190
T004279,P-F003,1,35,35
T004279,P-F001,1,65,65
T004280,P-P012,1,180,180
T004280,P-L019,1,110,110
T004281,P-P021,1,240,240
T004281,P-H010,1,520,520
T004281,P-P005,1,340,340
T004281,P-P019,1,120,120
T004281,P-P013,1,150,150
T004282,P-P006,1,250,250
T004282,P-P020,1,350,350
T004282,P-F013,1,160,160
T004282,P-F001,2,65,130
T004282,P-F012,1,130,130
T004282,P-L019,1,110,110
T004283,P-L008,1,450,450
T004283,P-P013,1,150,150
T004283,P-F014,1,95,95
T004283,P-L019,1,110,110
T004284,P-F019,1,140,140
T004284,P-F001,1,65,65
T004285,P-H012,1,480,480
T004285,P-L005,3,180,540
T004285,P-L019,1,110,110
T004285,P-H007,1,520,520
T004286,P-F019,3,140,420
T004286,P-L019,1,110,110
T004287,P-L019,2,110,220
T004287,P-F014,1,95,95
T004288,P-F019,2,140,280
T004288,P-F014,1,95,95
T004289,P-L005,2,180,360
T004289,P-L019,1,110,110
T004290,P-L018,3,130,390
T004290,P-F014,2,95,190
T004291,P-P022,1,380,380
T004291,P-F019,1,140,140
T004291,P-F014,1,95,95
T004292,P-F001,2,65,130
T004292,P-F014,1,95,95
T004293,P-F014,1,95,95
T004293,P-F003,1,35,35
T004293,P-F001,1,65,65
T004294,P-L014,1,180,180
T004294,P-F012,1,130,130
T004294,P-F001,2,65,130
T004295,P-F003,1,35,35
T004295,P-F001,2,65,130
T004296,P-F001,1,65,65
T004296,P-F003,1,35,35
T004296,P-F014,1,95,95
T004297,P-P002,1,380,380
T004297,P-L002,1,220,220
T004297,P-F001,3,65,195
T004297,P-P019,1,120,120
T004297,P-F003,3,35,105
T004297,P-F014,1,95,95
T004298,P-F017,1,220,220
T004298,P-F002,2,180,360
T004298,P-F001,3,65,195
T004299,P-B004,1,599,599
T004299,P-B008,1,395,395
T004299,P-B005,1,320,320
T004299,P-B009,1,240,240
T004300,P-B004,1,599,599
T004300,P-B009,2,240,480
T004300,P-B007,1,260,260
T004300,P-B005,1,320,320
T004301,P-B010,1,220,220
T004301,P-B004,1,599,599
T004301,P-B007,1,260,260
T004302,P-F014,2,95,190
T004302,P-F001,1,65,65
T004303,P-G002,1,480,480
T004304,P-H016,1,390,390
T004305,P-P017,2,260,520
T004305,P-P019,4,120,480
T004306,P-P028,1,200,200
T004306,P-P012,1,180,180
T004306,P-P006,1,250,250
T004306,P-P019,3,120,360
T004306,P-P013,1,150,150
T004307,P-P015,1,220,220
T004307,P-P001,1,260,260
T004307,P-L019,2,110,220
T004307,P-F003,1,35,35
T004308,P-L001,1,260,260
T004308,P-L002,1,220,220
T004308,P-F018,1,180,180
T004308,P-L019,1,110,110
T004309,P-F014,1,95,95
T004309,P-L019,1,110,110
T004310,P-F003,1,35,35
T004310,P-L019,1,110,110
T004311,P-P013,1,150,150
T004311,P-F001,1,65,65
T004311,P-F003,2,35,70
T004312,P-F013,1,160,160
T004312,P-F003,4,35,140
T004313,P-P001,1,260,260
T004313,P-F001,2,65,130
T004313,P-L019,1,110,110
T004314,P-L004,1,160,160
T004314,P-F018,3,180,540
T004314,P-L019,1,110,110
T004315,P-P019,4,120,480
T004315,P-F003,2,35,70
T004316,P-G004,1,320,320
T004316,P-F014,3,95,285
T004317,P-G002,2,480,960
T004318,P-F009,1,126,126
T004318,P-F004,1,58,58
T004318,P-G004,1,320,320
T004318,P-F019,3,140,420
T004318,P-H015,1,450,450
T004319,P-F014,1,95,95
T004320,P-F001,1,65,65
T004320,P-L019,1,110,110
T004321,P-F001,1,65,65
T004321,P-L019,1,110,110
T004322,P-H021,1,580,580
T004322,P-P021,1,240,240
T004322,P-P012,2,180,360
T004322,P-P030,1,300,300
T004323,P-L020,1,190,190
T004323,P-F001,2,65,130
T004323,P-F003,1,35,35
T004324,P-H012,1,480,480
T004324,P-F014,1,95,95
T004324,P-F017,1,220,220
T004324,P-F003,3,35,105
T004324,P-H007,1,520,520
T004325,P-B004,1,599,599
T004325,P-B007,2,260,520
T004325,P-B009,1,240,240
T004326,P-B004,1,599,599
T004326,P-B007,1,260,260
T004326,P-B006,1,280,280
T004326,P-B010,1,220,220
T004327,P-G009,1,460,460
T004327,P-L014,3,180,540
T004328,P-F020,1,190,190
T004328,P-L001,1,260,260
T004328,P-F019,3,140,420
T004328,P-F018,3,180,540
T004328,P-L016,1,880,880
T004328,P-P012,2,180,360
T004329,P-H016,1,390,390
T004330,P-L014,1,180,180
T004330,P-L019,2,110,220
T004331,P-F020,1,190,190
T004331,P-F014,1,95,95
T004331,P-F003,1,35,35
T004332,P-L007,1,320,320
T004332,P-L005,3,180,540
T004332,P-P014,1,320,320
T004332,P-F012,1,130,130
T004332,P-F001,3,65,195
T004333,P-F005,1,158,158
T004333,P-F006,1,336,336
T004333,P-G006,1,560,560
T004333,P-H010,1,520,520
T004333,P-P015,1,220,220
T004334,P-F003,1,35,35
T004334,P-L019,1,110,110
T004335,P-F014,1,95,95
T004335,P-L019,1,110,110
T004336,P-F001,3,65,195
T004336,P-L019,1,110,110
T004337,P-L002,1,220,220
T004337,P-F001,2,65,130
T004337,P-L019,1,110,110
T004338,P-F009,1,126,126
T004338,P-F007,1,94,94
T004338,P-H005,1,410,410
T004338,P-L007,1,320,320
T004338,P-F001,3,65,195
T004339,P-L020,1,190,190
T004339,P-F001,1,65,65
T004339,P-F003,1,35,35
T004340,P-F012,3,130,390
T004340,P-L014,1,180,180
T004340,P-F014,1,95,95
T004341,P-P001,1,260,260
T004341,P-F013,3,160,480
T004342,P-F015,1,260,260
T004342,P-P019,3,120,360
T004343,P-P015,1,220,220
T004343,P-L014,1,180,180
T004343,P-F014,1,95,95
T004343,P-L019,1,110,110
T004344,P-H005,1,410,410
T004344,P-F006,1,336,336
T004344,P-F009,1,126,126
T004344,P-P023,1,260,260
T004344,P-F003,3,35,105
T004344,P-L019,1,110,110
T004345,P-H012,1,480,480
T004345,P-L009,1,280,280
T004345,P-L019,2,110,220
T004345,P-F001,1,65,65
T004345,P-H007,1,520,520
T004346,P-H012,1,480,480
T004346,P-F019,2,140,280
T004346,P-F014,1,95,95
T004346,P-L019,1,110,110
T004347,P-L010,1,240,240
T004347,P-P019,3,120,360
T004347,P-L019,1,110,110
T004348,P-G002,1,480,480
T004349,P-F011,1,399,399
T004349,P-H003,1,961,961
T004349,P-F009,1,126,126
T004349,P-F002,3,180,540
T004349,P-F019,3,140,420
T004349,P-F001,1,65,65
T004350,P-F001,1,65,65
T004350,P-F003,1,35,35
T004351,P-F014,1,95,95
T004352,P-F001,1,65,65
T004352,P-F003,1,35,35
T004352,P-F014,1,95,95
T004353,P-G002,1,480,480
T004353,P-G003,1,380,380
T004354,P-G002,1,480,480
T004354,P-L020,1,190,190
T004354,P-F003,3,35,105
T004354,P-P007,1,290,290
T004354,P-L003,2,150,300
T004354,P-H021,1,580,580
T004355,P-B004,1,599,599
T004355,P-B009,1,240,240
T004355,P-B005,2,320,640
T004356,P-L019,4,110,440
T004357,P-F006,1,336,336
T004357,P-H014,1,1250,1250
T004357,P-F003,2,35,70
T004357,P-H015,1,450,450
T004357,P-H004,1,605,605
T004357,P-P015,1,220,220
T004357,P-P008,1,460,460
T004357,P-P006,1,250,250
T004358,P-F001,2,65,130
T004359,P-H022,1,690,690
T004359,P-P005,1,340,340
T004359,P-P019,1,120,120
T004360,P-P004,1,420,420
T004360,P-P013,1,150,150
T004360,P-F018,1,180,180
T004360,P-F014,1,95,95
T004361,P-P005,1,340,340
T004361,P-F014,2,95,190
T004362,P-F001,3,65,195
T004362,P-P019,1,120,120
T004362,P-F003,2,35,70
T004362,P-L019,1,110,110
T004363,P-P002,1,380,380
T004363,P-F019,1,140,140
T004363,P-F001,2,65,130
T004364,P-F014,1,95,95
T004364,P-F001,1,65,65
T004365,P-F005,1,158,158
T004365,P-F005,1,158,158
T004365,P-P022,1,380,380
T004365,P-F012,3,130,390
T004365,P-L020,1,190,190
T004366,P-G002,1,480,480
T004367,P-F014,1,95,95
T004367,P-F001,1,65,65
T004368,P-L018,1,130,130
T004368,P-F014,1,95,95
T004369,P-G002,2,480,960
T004369,P-G004,1,320,320
T004370,P-F003,1,35,35
T004371,P-F003,3,35,105
T004372,P-F003,1,35,35
T004373,P-L019,1,110,110
T004373,P-F003,1,35,35
T004374,P-P028,2,200,400
T004374,P-H025,1,480,480
T004374,P-P012,1,180,180
T004374,P-P013,1,150,150
T004375,P-G002,1,480,480
T004376,P-H012,1,480,480
T004376,P-L001,1,260,260
T004376,P-L005,1,180,180
T004376,P-F003,3,35,105
T004376,P-H007,1,520,520
T004377,P-H016,1,390,390
T004378,P-P013,2,150,300
T004379,P-H012,1,480,480
T004379,P-L003,1,150,150
T004379,P-L019,2,110,220
T004379,P-H007,1,520,520
T004380,P-F018,2,180,360
T004380,P-P019,1,120,120
T004380,P-F003,4,35,140
T004381,P-L019,2,110,220
T004382,P-F014,2,95,190
T004383,P-L020,1,190,190
T004383,P-F014,1,95,95
T004383,P-L019,1,110,110
T004384,P-F020,2,190,380
T004384,P-G005,1,420,420
T004384,P-F014,1,95,95
T004385,P-F003,1,35,35
T004385,P-F014,1,95,95
T004386,P-H002,1,454,454
T004386,P-G007,1,620,620
T004386,P-P023,1,260,260
T004386,P-F012,3,130,390
T004387,P-G002,1,480,480
T004388,P-F012,1,130,130
T004388,P-L012,1,460,460
T004388,P-P020,1,350,350
T004389,P-F017,1,220,220
T004389,P-P015,1,220,220
T004389,P-F001,2,65,130
T004390,P-P011,1,320,320
T004390,P-L004,1,160,160
T004390,P-F014,1,95,95
T004391,P-P007,1,290,290
T004391,P-F020,1,190,190
T004391,P-F001,1,65,65
T004391,P-L019,1,110,110
T004392,P-P020,1,350,350
T004392,P-L005,1,180,180
T004392,P-L019,1,110,110
T004392,P-P030,1,300,300
T004392,P-P020,1,350,350
T004392,P-P001,1,260,260
T004393,P-L012,1,460,460
T004393,P-F012,3,130,390
T004393,P-F001,1,65,65
T004394,P-F002,2,180,360
T004394,P-F012,1,130,130
T004394,P-F003,2,35,70
T004395,P-P015,1,220,220
T004395,P-L005,1,180,180
T004395,P-F003,3,35,105
T004395,P-L019,1,110,110
T004396,P-F003,1,35,35
T004396,P-F001,1,65,65
T004397,P-F003,2,35,70
T004397,P-L019,1,110,110
T004398,P-L019,1,110,110
T004398,P-F003,1,35,35
T004399,P-P005,1,340,340
T004399,P-H010,1,520,520
T004399,P-P007,1,290,290
T004399,P-P013,1,150,150
T004399,P-P019,1,120,120
T004400,P-B009,1,240,240
T004400,P-B007,1,260,260
T004400,P-B005,1,320,320
T004401,P-B004,1,599,599
T004401,P-B009,1,240,240
T004401,P-B005,1,320,320
T004401,P-B010,1,220,220
T004402,P-B004,1,599,599
T004402,P-B006,1,280,280
T004402,P-B005,1,320,320
T004402,P-B007,1,260,260
T004403,P-P014,1,320,320
T004403,P-H025,1,480,480
T004403,P-P019,3,120,360
T004403,P-P021,1,240,240
T004403,P-F012,1,130,130
T004404,P-H012,1,480,480
T004404,P-L014,3,180,540
T004404,P-H007,1,520,520
T004405,P-L003,1,150,150
T004405,P-L019,2,110,220
T004406,P-H016,1,390,390
T004407,P-G002,2,480,960
T004408,P-P012,1,180,180
T004408,P-F001,2,65,130
T004408,P-F014,1,95,95
T004409,P-F001,2,65,130
T004409,P-L020,1,190,190
T004409,P-F003,3,35,105
T004410,P-L003,3,150,450
T004410,P-F003,1,35,35
T004411,P-L007,1,320,320
T004411,P-F014,2,95,190
T004412,P-L019,-1,110,-110
T004413,P-L002,1,220,220
T004413,P-L018,3,130,390
T004413,P-L014,2,180,360
T004414,P-L002,1,220,220
T004414,P-L003,3,150,450
T004415,P-L018,1,130,130
T004415,P-F014,1,95,95
T004416,P-P029,1,320,320
T004416,P-P013,1,150,150
T004416,P-F003,2,35,70
T004416,P-H017,1,640,640
T004416,P-L011,1,520,520
T004416,P-F019,1,140,140
T004417,P-P028,1,200,200
T004417,P-F001,1,65,65
T004417,P-L019,1,110,110
T004418,P-F014,3,95,285
T004418,P-F019,1,140,140
T004419,P-P030,1,300,300
T004419,P-P001,1,260,260
T004419,P-F012,1,130,130
T004419,P-L019,1,110,110
T004420,P-L018,1,130,130
T004420,P-L019,1,110,110
T004421,P-F008,1,252,252
T004421,P-H001,1,734,734
T004421,P-H003,1,961,961
T004421,P-L024,1,420,420
T004421,P-F001,1,65,65
T004421,P-F014,1,95,95
T004422,P-F014,1,95,95
T004423,P-F003,3,35,105
T004423,P-F001,1,65,65
T004424,P-G002,1,480,480
T004424,P-G004,1,320,320
T004425,P-F019,1,140,140
T004425,P-P019,2,120,240
T004425,P-F001,2,65,130
T004425,P-L019,1,110,110
T004426,P-B004,1,599,599
T004426,P-B009,2,240,480
T004426,P-B010,1,220,220
T004427,P-F003,1,35,35
T004427,P-P019,1,120,120
T004428,P-F006,1,336,336
T004428,P-F009,1,126,126
T004428,P-F013,2,160,320
T004428,P-F014,1,95,95
T004428,P-H015,1,450,450
T004429,P-H016,1,390,390
T004430,P-L004,1,160,160
T004430,P-L019,1,110,110
T004431,P-F014,3,95,285
T004432,P-H005,1,410,410
T004432,P-F009,1,126,126
T004432,P-F005,1,158,158
T004432,P-L010,1,240,240
T004432,P-P013,3,150,450
T004432,P-F003,3,35,105
T004433,P-F001,1,65,65
T004433,P-F003,1,35,35
T004434,P-F003,1,35,35
T004434,P-L004,1,160,160
T004434,P-F014,1,95,95
T004434,P-L019,1,110,110
T004435,P-P013,2,150,300
T004435,P-F001,2,65,130
T004435,P-F018,1,180,180
T004436,P-F001,1,65,65
T004436,P-F014,1,95,95
T004437,P-P002,1,380,380
T004437,P-L002,1,220,220
T004437,P-P028,1,200,200
T004437,P-L019,1,110,110
T004438,P-L004,1,160,160
T004438,P-H016,1,390,390
T004438,P-H021,1,580,580
T004438,P-P018,1,580,580
T004438,P-P020,1,350,350
T004438,P-L003,1,150,150
T004439,P-F001,1,65,65
T004440,P-P028,1,200,200
T004440,P-F001,2,65,130
T004440,P-F014,1,95,95
T004441,P-P022,1,380,380
T004441,P-L003,1,150,150
T004441,P-P015,1,220,220
T004441,P-L018,1,130,130
T004441,P-L020,1,190,190
T004441,P-F001,2,65,130
T004442,P-G009,1,460,460
T004442,P-P013,3,150,450
T004443,P-P016,1,280,280
T004443,P-L014,1,180,180
T004443,P-F003,1,35,35
T004443,P-F001,2,65,130
T004444,P-P019,1,120,120
T004444,P-F001,1,65,65
T004445,P-P019,1,120,120
T004445,P-F014,1,95,95
T004446,P-H012,1,480,480
T004446,P-L005,1,180,180
T004446,P-F014,1,95,95
T004446,P-F003,1,35,35
T004446,P-H007,1,520,520
T004447,P-L019,2,110,220
T004447,P-P023,1,260,260
T004447,P-F014,1,95,95
T004447,P-F001,1,65,65
T004448,P-P028,1,200,200
T004448,P-F003,1,35,35
T004448,P-P019,1,120,120
T004448,P-F014,1,95,95
T004449,P-F012,1,130,130
T004449,P-F001,1,65,65
T004450,P-L019,4,110,440
T004451,P-P021,1,240,240
T004451,P-F020,1,190,190
T004451,P-P019,1,120,120
T004451,P-F014,1,95,95
T004452,P-F019,4,140,560
T004452,P-L019,1,110,110
T004453,P-L012,1,460,460
T004453,P-L020,1,190,190
T004453,P-F019,1,140,140
T004453,P-L019,1,110,110
T004454,P-P016,1,280,280
T004454,P-P020,1,350,350
T004454,P-P015,1,220,220
T004454,P-P019,3,120,360
T004455,P-P006,1,250,250
T004455,P-G004,1,320,320
T004455,P-P019,3,120,360
T004455,P-F003,3,35,105
T004456,P-L003,3,150,450
T004456,P-L018,1,130,130
T004456,P-L019,1,110,110
T004457,P-H021,1,580,580
T004457,P-F018,1,180,180
T004457,P-F013,2,160,320
T004457,P-F020,1,190,190
T004457,P-F003,1,35,35
T004457,P-P019,1,120,120
T004458,P-P002,1,380,380
T004458,P-P011,1,320,320
T004458,P-L001,1,260,260
T004459,P-H006,1,1166,1166
T004459,P-F005,1,158,158
T004459,P-F009,1,126,126
T004459,P-P016,1,280,280
T004459,P-G004,1,320,320
T004459,P-L017,1,620,620
T004460,P-F003,2,35,70
T004461,P-F003,2,35,70
T004461,P-F001,1,65,65
T004462,P-F014,2,95,190
T004462,P-L019,1,110,110
T004463,P-F003,2,35,70
T004463,P-F001,1,65,65
T004464,P-F014,1,95,95
T004464,P-F003,3,35,105
T004465,P-F014,3,95,285
T004466,P-L003,-1,150,-150
T004467,P-F005,-1,158,-158
T004468,P-H012,1,480,480
T004468,P-F003,1,35,35
T004468,P-F020,1,190,190
T004468,P-F014,1,95,95
T004469,P-H012,1,480,480
T004469,P-L004,1,160,160
T004469,P-F019,3,140,420
T004470,P-P019,1,120,120
T004471,P-P019,1,120,120
T004472,P-H016,1,390,390
T004473,P-F019,3,140,420
T004473,P-F001,1,65,65
T004473,P-L019,1,110,110
T004474,P-F012,1,130,130
T004474,P-F020,1,190,190
T004474,P-L019,2,110,220
T004474,P-F013,1,160,160
T004474,P-F003,3,35,105
T004475,P-F003,2,35,70
T004475,P-F001,3,65,195
T004476,P-P019,1,120,120
T004476,P-F003,2,35,70
T004477,P-L018,1,130,130
T004477,P-F003,2,35,70
T004478,P-G002,1,480,480
T004478,P-P007,1,290,290
T004478,P-L018,2,130,260
T004478,P-F003,4,35,140
T004479,P-G006,1,560,560
T004479,P-F015,1,260,260
T004479,P-P021,1,240,240
T004479,P-P004,1,420,420
T004479,P-P001,1,260,260
T004479,P-P030,1,300,300
T004480,P-F012,1,130,130
T004480,P-L018,1,130,130
T004480,P-L019,1,110,110
T004481,P-L010,1,240,240
T004481,P-L003,1,150,150
T004481,P-F001,1,65,65
T004481,P-F014,1,95,95
T004482,P-F013,1,160,160
T004482,P-F015,1,260,260
T004482,P-F014,1,95,95
T004482,P-F001,1,65,65
T004482,P-L020,1,190,190
T004483,P-F003,1,35,35
T004483,P-F014,1,95,95
T004484,P-F002,1,180,180
T004484,P-P023,1,260,260
T004484,P-P017,1,260,260
T004484,P-L010,1,240,240
T004484,P-F003,2,35,70
T004484,P-P019,1,120,120
T004485,P-F017,1,220,220
T004485,P-F014,3,95,285
T004485,P-F003,4,35,140
T004486,P-L010,1,240,240
T004486,P-F018,3,180,540
T004487,P-G002,1,480,480
T004487,P-F003,2,35,70
T004487,P-F014,3,95,285
T004488,P-P006,1,250,250
T004488,P-P030,1,300,300
T004488,P-P001,1,260,260
T004488,P-L005,1,180,180
T004488,P-F003,4,35,140
T004489,P-H015,1,450,450
T004489,P-F019,1,140,140
T004489,P-F015,1,260,260
T004490,P-L020,1,190,190
T004490,P-F014,2,95,190
T004490,P-F003,1,35,35
T004491,P-B010,1,220,220
T004491,P-B008,1,395,395
T004491,P-B007,1,260,260
T004492,P-B010,2,220,440
T004492,P-B002,1,760,760
T004492,P-B007,1,260,260
T004493,P-P013,1,150,150
T004493,P-F017,1,220,220
T004493,P-F019,1,140,140
T004493,P-F001,3,65,195
T004493,P-L019,1,110,110
T004494,P-F004,1,58,58
T004494,P-F004,1,58,58
T004494,P-P001,1,260,260
T004494,P-L013,2,380,760
T004494,P-L001,1,260,260
T004495,P-H016,1,390,390
T004496,P-L010,1,240,240
T004496,P-F001,1,65,65
T004496,P-L019,1,110,110
T004497,P-H005,1,410,410
T004497,P-H002,1,454,454
T004497,P-P012,1,180,180
T004497,P-F015,1,260,260
T004497,P-L020,1,190,190
T004498,P-L010,1,240,240
T004498,P-F001,3,65,195
T004499,P-P028,1,200,200
T004499,P-F001,2,65,130
T004499,P-L014,1,180,180
T004499,P-L019,2,110,220
T004500,P-F001,2,65,130
T004500,P-F003,1,35,35
T004501,P-G002,1,480,480
T004501,P-G004,1,320,320
T004502,P-L003,1,150,150
T004502,P-L019,1,110,110
T004502,P-F001,1,65,65
T004503,P-F002,1,180,180
T004503,P-L019,1,110,110
T004503,P-F001,2,65,130
T004504,P-P028,1,200,200
T004504,P-F003,3,35,105
T004504,P-F001,1,65,65
T004504,P-L019,1,110,110
T004505,P-L018,3,130,390
T004505,P-P005,1,340,340
T004505,P-F012,1,130,130
T004505,P-L014,1,180,180
T004505,P-L019,1,110,110
T004506,P-P004,1,420,420
T004506,P-L019,4,110,440
T004507,P-F003,4,35,140
T004508,P-F003,2,35,70
T004508,P-F014,1,95,95
T004509,P-F003,2,35,70
T004510,P-H024,1,750,750
T004510,P-G003,1,380,380
T004510,P-F002,1,180,180
T004510,P-L019,1,110,110
T004510,P-F001,1,65,65
T004510,P-F014,1,95,95
T004511,P-B004,1,599,599
T004511,P-B005,1,320,320
T004511,P-B007,1,260,260
T004511,P-B010,1,220,220
T004512,P-B004,1,599,599
T004512,P-B005,1,320,320
T004512,P-B007,1,260,260
T004512,P-B006,1,280,280
T004513,P-B007,2,260,520
T004513,P-B008,1,395,395
T004514,P-F010,1,79,79
T004514,P-H005,1,410,410
T004514,P-H016,1,390,390
T004514,P-F012,1,130,130
T004514,P-F014,1,95,95
T004515,P-H016,1,390,390
T004516,P-P012,1,180,180
T004517,P-F019,-1,140,-140
T004518,P-F012,2,130,260
T004518,P-P005,1,340,340
T004518,P-P006,1,250,250
T004519,P-F007,1,94,94
T004519,P-L008,1,450,450
T004519,P-F020,1,190,190
T004519,P-P012,2,180,360
T004519,P-F010,1,79,79
T004519,P-F019,3,140,420
T004519,P-L011,1,520,520
T004519,P-G004,1,320,320
T004520,P-F003,2,35,70
T004521,P-P021,1,240,240
T004521,P-P022,1,380,380
T004521,P-P018,1,580,580
T004521,P-H016,1,390,390
T004521,P-P012,3,180,540
T004521,P-P021,1,240,240
T004522,P-F001,1,65,65
T004522,P-F014,1,95,95
T004523,P-L019,1,110,110
T004524,P-F003,3,35,105
T004525,P-B004,1,599,599
T004525,P-B009,2,240,480
T004525,P-B008,1,395,395
T004526,P-B004,1,599,599
T004526,P-B010,4,220,880
T004526,P-B007,1,260,260
T004527,P-B004,1,599,599
T004527,P-B007,1,260,260
T004527,P-B009,1,240,240
T004527,P-B006,1,280,280
T004528,P-B006,1,280,280
T004528,P-B008,1,395,395
T004528,P-B010,1,220,220
T004529,P-F018,1,180,180
T004529,P-F003,3,35,105
T004529,P-F014,1,95,95
T004530,P-F001,1,65,65
T004530,P-L019,1,110,110
T004531,P-F001,1,65,65
T004531,P-F003,1,35,35
T004532,P-F003,1,35,35
T004533,P-H012,1,480,480
T004533,P-F014,3,95,285
T004533,P-F003,1,35,35
T004534,P-F020,1,190,190
T004534,P-F003,1,35,35
T004534,P-F001,1,65,65
T004534,P-F014,1,95,95
T004535,P-L018,1,130,130
T004535,P-L019,1,110,110
T004536,P-H016,1,390,390
T004537,P-F001,4,65,260
T004537,P-F003,1,35,35
T004538,P-L019,1,110,110
T004538,P-F014,1,95,95
T004538,P-H024,1,750,750
T004538,P-P023,1,260,260
T004538,P-L019,3,110,330
T004539,P-H002,1,454,454
T004539,P-G004,1,320,320
T004539,P-L017,1,620,620
T004539,P-P007,1,290,290
T004540,P-P015,1,220,220
T004540,P-H008,1,720,720
T004540,P-P017,1,260,260
T004540,P-F019,1,140,140
T004541,P-L003,3,150,450
T004541,P-F001,1,65,65
T004542,P-F014,1,95,95
T004543,P-F003,2,35,70
T004544,P-L019,1,110,110
T004545,P-F003,1,35,35
T004545,P-F001,1,65,65
T004545,P-F014,1,95,95
T004546,P-F003,1,35,35
T004546,P-F014,1,95,95
T004547,P-F014,1,95,95
T004547,P-F001,1,65,65
T004548,P-F012,1,130,130
T004548,P-F001,2,65,130
T004549,P-F014,3,95,285
T004549,P-F003,1,35,35
T004550,P-F020,1,190,190
T004550,P-F003,3,35,105
T004551,P-F009,1,126,126
T004551,P-F011,1,399,399
T004551,P-L007,1,320,320
T004551,P-F019,1,140,140
T004551,P-F003,1,35,35
T004552,P-F014,1,95,95
T004553,P-F020,1,190,190
T004553,P-L019,2,110,220
T004554,P-L009,1,280,280
T004554,P-F001,3,65,195
T004554,P-P007,1,290,290
T004554,P-L013,1,380,380
T004554,P-F013,1,160,160
T004554,P-F014,1,95,95
T004555,P-L003,-1,150,-150
T004556,P-F014,1,95,95
T004556,P-F003,1,35,35
T004556,P-F001,1,65,65
T004557,P-H012,1,480,480
T004557,P-L014,3,180,540
T004558,P-P018,1,580,580
T004558,P-L002,1,220,220
T004558,P-P001,1,260,260
T004559,P-F003,1,35,35
T004559,P-F014,1,95,95
T004560,P-F003,3,35,105
T004560,P-F001,1,65,65
T004561,P-B004,1,599,599
T004561,P-B007,1,260,260
T004561,P-B006,1,280,280
T004561,P-B010,1,220,220
T004562,P-H016,1,390,390
T004563,P-L002,1,220,220
T004563,P-H021,1,580,580
T004563,P-P016,1,280,280
T004563,P-F014,1,95,95
T004564,P-L019,-1,110,-110
T004565,P-F005,1,158,158
T004565,P-L016,1,880,880
T004565,P-G004,1,320,320
T004565,P-H025,1,480,480
T004565,P-F010,1,79,79
T004565,P-H010,1,520,520
T004565,P-L009,1,280,280
T004565,P-F001,2,65,130
T004566,P-F001,1,65,65
T004566,P-L019,1,110,110
T004567,P-H006,1,1166,1166
T004567,P-F005,1,158,158
T004567,P-F005,1,158,158
T004568,P-H012,1,480,480
T004568,P-L010,1,240,240
T004568,P-L003,1,150,150
T004568,P-F001,1,65,65
T004568,P-H007,1,520,520
T004569,P-P017,1,260,260
T004569,P-L008,1,450,450
T004569,P-L024,1,420,420
T004569,P-F012,2,130,260
T004570,P-H004,1,605,605
T004570,P-F018,1,180,180
T004570,P-F013,1,160,160
T004570,P-F001,1,65,65
T004570,P-F011,1,399,399
T004570,P-L004,1,160,160
T004570,P-L017,1,620,620
T004570,P-L007,1,320,320
T004571,P-H010,1,520,520
T004571,P-L010,1,240,240
T004571,P-F003,1,35,35
T004572,P-F003,1,35,35
T004573,P-L019,1,110,110
T004574,P-F003,2,35,70
T004575,P-F001,1,65,65
T004575,P-F014,1,95,95
T004576,P-L010,1,240,240
T004576,P-L001,1,260,260
T004576,P-G003,1,380,380
T004576,P-L005,1,180,180
T004576,P-L019,1,110,110
T004577,P-L019,4,110,440
T004578,P-G006,1,560,560
T004578,P-P012,1,180,180
T004578,P-P025,1,480,480
T004578,P-P023,1,260,260
T004578,P-F014,1,95,95
T004579,P-P013,1,150,150
T004579,P-F001,1,65,65
T004579,P-F003,1,35,35
T004580,P-F014,2,95,190
T004581,P-H012,1,480,480
T004581,P-L005,1,180,180
T004581,P-F001,1,65,65
T004581,P-F014,1,95,95
T004581,P-H007,1,520,520
T004582,P-F018,1,180,180
T004582,P-F001,2,65,130
T004582,P-F003,3,35,105
T004583,P-F003,3,35,105
T004583,P-F002,1,180,180
T004583,P-F001,2,65,130
T004584,P-F018,1,180,180
T004584,P-F019,1,140,140
T004584,P-L019,1,110,110
T004585,P-F014,1,95,95
T004585,P-F003,1,35,35
T004586,P-F001,1,65,65
T004586,P-F003,3,35,105
T004586,P-F014,1,95,95
T004587,P-H016,1,390,390
T004587,P-F015,1,260,260
T004587,P-F001,2,65,130
T004588,P-L009,1,280,280
T004588,P-F014,1,95,95
T004588,P-L019,1,110,110
T004589,P-F005,1,158,158
T004589,P-F009,1,126,126
T004589,P-H016,1,390,390
T004589,P-L009,1,280,280
T004589,P-F003,3,35,105
T004590,P-H001,1,734,734
T004590,P-H003,1,961,961
T004590,P-F005,1,158,158
T004590,P-L004,3,160,480
T004590,P-F001,3,65,195
T004591,P-P012,2,180,360
T004591,P-L010,1,240,240
T004591,P-P023,1,260,260
T004592,P-L005,3,180,540
T004592,P-P001,1,260,260
T004592,P-P028,1,200,200
T004593,P-H003,1,961,961
T004593,P-P020,1,350,350
T004593,P-P013,3,150,450
T004593,P-F003,3,35,105
T004594,P-P030,-1,300,-300
T004595,P-L019,1,110,110
T004596,P-L004,1,160,160
T004596,P-F001,3,65,195
T004597,P-L003,1,150,150
T004597,P-F003,4,35,140
T004597,P-L019,1,110,110
T004598,P-H020,1,720,720
T004598,P-P013,2,150,300
T004598,P-L003,1,150,150
T004598,P-L019,1,110,110
T004599,P-H004,1,605,605
T004599,P-F006,1,336,336
T004599,P-L019,3,110,330
T004599,P-P014,1,320,320
T004599,P-H010,1,520,520
T004600,P-P021,1,240,240
T004600,P-P028,1,200,200
T004600,P-F020,1,190,190
T004600,P-H010,1,520,520
T004600,P-P006,1,250,250
T004600,P-L001,1,260,260
T004601,P-L019,1,110,110
T004602,P-F003,1,35,35
T004602,P-F003,3,35,105
T004603,P-F014,1,95,95
T004603,P-F001,1,65,65
T004604,P-P005,1,340,340
T004604,P-P030,1,300,300
T004604,P-F003,3,35,105
T004605,P-P006,1,250,250
T004605,P-P019,1,120,120
T004605,P-L018,2,130,260
T004606,P-L010,1,240,240
T004606,P-P008,1,460,460
T004606,P-F013,1,160,160
T004607,P-P014,1,320,320
T004607,P-H015,1,450,450
T004607,P-L002,1,220,220
T004607,P-G004,1,320,320
T004607,P-P013,1,150,150
T004607,P-F001,1,65,65
T004608,P-F014,1,95,95
T004608,P-F003,1,35,35
T004609,P-F002,1,180,180
T004609,P-F015,1,260,260
T004609,P-F019,1,140,140
T004609,P-L020,1,190,190
T004610,P-H004,1,605,605
T004610,P-H006,1,1166,1166
T004610,P-F010,1,79,79
T004610,P-F010,1,79,79
T004611,P-P001,-1,260,-260
T004612,P-F005,1,158,158
T004612,P-H005,1,410,410
T004612,P-P006,1,250,250
T004612,P-P029,1,320,320
T004612,P-L005,2,180,360
T004613,P-F001,2,65,130
T004614,P-P006,1,250,250
T004614,P-P017,2,260,520
T004614,P-F019,3,140,420
T004614,P-F002,1,180,180
T004614,P-L019,1,110,110
T004615,P-F014,1,95,95
T004616,P-F001,2,65,130
T004616,P-F003,1,35,35
T004617,P-F001,1,65,65
T004617,P-F014,1,95,95
T004618,P-F001,2,65,130
T004619,P-G003,1,380,380
T004619,P-P018,1,580,580
T004619,P-F019,3,140,420
T004619,P-P017,1,260,260
T004619,P-P028,1,200,200
T004619,P-F001,2,65,130
T004620,P-B004,1,599,599
T004620,P-B004,1,599,599
T004620,P-B009,1,240,240
T004620,P-B007,1,260,260
T004621,P-H003,1,961,961
T004621,P-P020,1,350,350
T004621,P-P005,1,340,340
T004621,P-G009,1,460,460
T004621,P-F011,1,399,399
T004621,P-L023,1,540,540
T004621,P-H022,1,690,690
T004621,P-P019,3,120,360
T004622,P-L019,1,110,110
T004623,P-H012,1,480,480
T004623,P-F014,3,95,285
T004623,P-L019,1,110,110
T004623,P-F001,1,65,65
T004624,P-H016,1,390,390
T004625,P-F015,1,260,260
T004625,P-L020,1,190,190
T004625,P-F001,2,65,130
T004626,P-F014,1,95,95
T004627,P-F003,2,35,70
T004627,P-P024,1,540,540
T004627,P-F002,3,180,540
T004628,P-F014,-1,95,-95
T004629,P-F005,1,158,158
T004629,P-F011,1,399,399
T004629,P-F009,1,126,126
T004629,P-P011,1,320,320
T004629,P-P001,1,260,260
T004629,P-P019,1,120,120
T004630,P-F007,1,94,94
T004630,P-F014,1,95,95
T004630,P-L019,1,110,110
T004631,P-P013,1,150,150
T004631,P-F003,1,35,35
T004631,P-L019,1,110,110
T004631,P-F014,1,95,95
T004632,P-L019,2,110,220
T004632,P-F001,3,65,195
T004633,P-F014,3,95,285
T004633,P-F019,1,140,140
T004633,P-G004,1,320,320
T004633,P-L003,2,150,300
T004633,P-L019,1,110,110
T004634,P-P002,1,380,380
T004634,P-P017,1,260,260
T004634,P-P013,1,150,150
T004634,P-F003,3,35,105
T004635,P-G007,1,620,620
T004635,P-F012,1,130,130
T004635,P-P002,1,380,380
T004635,P-P017,1,260,260
T004635,P-P019,1,120,120
T004635,P-F003,1,35,35
T004636,P-H001,1,734,734
T004636,P-H006,1,1166,1166
T004636,P-H003,1,961,961
T004636,P-P025,1,480,480
T004636,P-P019,1,120,120
T004636,P-F003,2,35,70
T004637,P-F001,1,65,65
T004637,P-F014,1,95,95
T004638,P-F003,2,35,70
T004639,P-F008,1,252,252
T004639,P-H003,1,961,961
T004639,P-P024,1,540,540
T004639,P-P002,1,380,380
T004639,P-L001,1,260,260
T004640,P-B004,1,599,599
T004640,P-B009,3,240,720
T004641,P-F014,1,95,95
T004642,P-L019,1,110,110
T004642,P-F003,1,35,35
T004643,P-F014,1,95,95
T004644,P-H012,1,480,480
T004644,P-L002,1,220,220
T004644,P-F001,1,65,65
T004644,P-F014,1,95,95
T004645,P-P023,1,260,260
T004645,P-L002,1,220,220
T004645,P-L018,1,130,130
T004645,P-F015,1,260,260
T004645,P-F003,1,35,35
T004645,P-P028,1,200,200
T004646,P-H012,1,480,480
T004647,P-L019,-1,110,-110
T004648,P-P003,1,780,780
T004648,P-L002,1,220,220
T004648,P-L005,1,180,180
T004649,P-F001,2,65,130
T004650,P-F002,1,180,180
T004650,P-L004,1,160,160
T004650,P-L001,1,260,260
T004651,P-F008,1,252,252
T004651,P-F006,1,336,336
T004651,P-F011,1,399,399
T004651,P-P007,1,290,290
T004651,P-L005,1,180,180
T004651,P-L019,1,110,110
T004652,P-F003,2,35,70
T004653,P-F014,1,95,95
T004653,P-F003,1,35,35
T004654,P-F003,1,35,35
T004655,P-F014,1,95,95
T004655,P-F003,1,35,35
T004655,P-F001,1,65,65
T004656,P-B004,1,599,599
T004656,P-B007,2,260,520
T004656,P-B008,1,395,395
T004656,P-B010,1,220,220
T004657,P-B006,1,280,280
T004657,P-B004,1,599,599
T004657,P-B007,1,260,260
T004658,P-F008,1,252,252
T004658,P-P012,3,180,540
T004658,P-P011,1,320,320
T004658,P-F001,1,65,65
T004658,P-H025,1,480,480
T004659,P-L004,1,160,160
T004659,P-L019,1,110,110
T004660,P-L003,1,150,150
T004660,P-L019,1,110,110
T004661,P-F001,3,65,195
T004661,P-G005,1,420,420
T004661,P-P013,1,150,150
T004661,P-F014,1,95,95
T004662,P-P028,1,200,200
T004662,P-L019,2,110,220
T004663,P-P028,1,200,200
T004663,P-L019,2,110,220
T004664,P-F014,1,95,95
T004664,P-F003,1,35,35
T004665,P-F003,3,35,105
T004666,P-F001,1,65,65
T004666,P-F014,1,95,95
T004667,P-F003,3,35,105
T004668,P-H013,1,850,850
T004668,P-G009,1,460,460
T004668,P-F013,1,160,160
T004668,P-F003,2,35,70
T004669,P-F010,1,79,79
T004669,P-H002,1,454,454
T004669,P-H004,1,605,605
T004669,P-F013,3,160,480
T004669,P-F014,2,95,190
T004669,P-P012,3,180,540
T004670,P-H003,1,961,961
T004670,P-H003,1,961,961
T004670,P-F004,1,58,58
T004670,P-F014,1,95,95
T004670,P-F003,2,35,70
T004670,P-P019,3,120,360
T004671,P-F002,1,180,180
T004671,P-F014,1,95,95
T004671,P-F003,1,35,35
T004672,P-F018,1,180,180
T004672,P-F003,2,35,70
T004672,P-F014,1,95,95
T004673,P-P025,1,480,480
T004673,P-L007,1,320,320
T004673,P-P015,1,220,220
T004673,P-L019,1,110,110
T004674,P-L005,1,180,180
T004674,P-F001,1,65,65
T004674,P-F014,1,95,95
T004675,P-F006,1,336,336
T004675,P-F004,1,58,58
T004675,P-P008,1,460,460
T004675,P-L019,3,110,330
T004675,P-F014,1,95,95
T004676,P-H002,1,454,454
T004676,P-P016,1,280,280
T004676,P-P028,1,200,200
T004676,P-F014,1,95,95
T004676,P-F011,1,399,399
T004676,P-P003,1,780,780
T004676,P-L008,1,450,450
T004676,P-F001,3,65,195
T004677,P-H002,1,454,454
T004677,P-H008,1,720,720
T004677,P-L019,1,110,110
T004677,P-H015,1,450,450
T004678,P-F003,1,35,35
T004678,P-F014,1,95,95
T004679,P-F001,2,65,130
T004680,P-F006,1,336,336
T004680,P-H004,1,605,605
T004680,P-F010,1,79,79
T004680,P-P014,1,320,320
T004680,P-G007,1,620,620
T004680,P-H025,1,480,480
T004681,P-F003,2,35,70
T004682,P-G003,1,380,380
T004682,P-F018,1,180,180
T004682,P-P014,1,320,320
T004682,P-P006,1,250,250
T004682,P-F014,2,95,190
T004682,P-F001,1,65,65
T004683,P-L018,1,130,130
T004683,P-L019,2,110,220
T004684,P-F003,3,35,105
T004685,P-F001,1,65,65
T004686,P-L004,1,160,160
T004686,P-F003,3,35,105
T004686,P-F014,1,95,95
T004687,P-H012,1,480,480
T004687,P-L009,1,280,280
T004687,P-F012,1,130,130
T004687,P-L019,1,110,110
T004687,P-H007,1,520,520
T004688,P-H012,1,480,480
T004688,P-L014,1,180,180
T004688,P-L005,1,180,180
T004688,P-F003,2,35,70
T004689,P-P014,1,320,320
T004689,P-P018,1,580,580
T004689,P-P029,1,320,320
T004689,P-P012,1,180,180
T004689,P-P019,1,120,120
T004690,P-P019,3,120,360
T004690,P-F014,1,95,95
T004690,P-F003,2,35,70
T004691,P-L019,1,110,110
T004692,P-F003,3,35,105
T004693,P-F003,2,35,70
T004693,P-F001,1,65,65
T004694,P-F003,1,35,35
T004694,P-L019,1,110,110
T004695,P-F003,3,35,105
T004696,P-F003,2,35,70
T004696,P-F014,1,95,95
T004697,P-P010,1,620,620
T004697,P-P022,1,380,380
T004697,P-F018,1,180,180
T004698,P-F003,1,35,35
T004698,P-F012,1,130,130
T004698,P-L019,1,110,110
T004699,P-G009,1,460,460
T004699,P-P014,1,320,320
T004699,P-P006,1,250,250
T004699,P-F003,4,35,140
T004700,P-F002,1,180,180
T004700,P-F003,3,35,105
T004701,P-L023,1,540,540
T004701,P-P014,1,320,320
T004701,P-L002,1,220,220
T004701,P-F020,1,190,190
T004701,P-F019,1,140,140
T004702,P-L004,1,160,160
T004702,P-F014,1,95,95
T004702,P-F001,1,65,65
T004703,P-F013,1,160,160
T004703,P-F014,2,95,190
T004704,P-F018,3,180,540
T004704,P-L017,1,620,620
T004704,P-L005,2,180,360
T004704,P-F018,1,180,180
T004704,P-F017,1,220,220
T004704,P-F001,3,65,195
T004705,P-F003,1,35,35
T004705,P-F014,1,95,95
T004706,P-L002,1,220,220
T004706,P-P019,1,120,120
T004706,P-F003,2,35,70
T004706,P-P025,1,480,480
T004706,P-L003,1,150,150
T004706,P-P006,1,250,250
T004707,P-B004,1,599,599
T004707,P-B008,1,395,395
T004707,P-B006,1,280,280
T004707,P-B010,1,220,220
T004708,P-B004,1,599,599
T004708,P-B010,2,220,440
T004708,P-B006,1,280,280
T004709,P-F004,1,58,58
T004709,P-F004,1,58,58
T004709,P-P025,1,480,480
T004709,P-L005,1,180,180
T004709,P-L019,1,110,110
T004710,P-F011,1,399,399
T004710,P-F010,1,79,79
T004710,P-F009,1,126,126
T004710,P-L001,1,260,260
T004710,P-L018,3,130,390
T004711,P-L018,1,130,130
T004711,P-L019,1,110,110
T004712,P-H006,1,1166,1166
T004712,P-H002,1,454,454
T004712,P-F004,1,58,58
T004712,P-F015,1,260,260
T004712,P-H008,1,720,720
T004712,P-P020,1,350,350
T004713,P-F001,1,65,65
T004713,P-F014,1,95,95
T004714,P-L002,1,220,220
T004714,P-F017,1,220,220
T004714,P-L007,1,320,320
T004714,P-P021,1,240,240
T004715,P-P013,3,150,450
T004715,P-F003,1,35,35
T004716,P-P006,1,250,250
T004716,P-P029,1,320,320
T004716,P-P013,1,150,150
T004717,P-F003,4,35,140
T004718,P-F003,1,35,35
T004719,P-F003,2,35,70
T004719,P-F001,1,65,65
T004719,P-F003,1,35,35
T004720,P-H010,1,520,520
T004720,P-F002,1,180,180
T004720,P-L019,1,110,110
T004720,P-G004,1,320,320
T004720,P-L004,1,160,160
T004721,P-B004,1,599,599
T004721,P-B007,1,260,260
T004721,P-B005,1,320,320
T004721,P-B006,1,280,280
T004722,P-B004,1,599,599
T004722,P-B006,1,280,280
T004722,P-B009,1,240,240
T004722,P-B010,1,220,220
T004723,P-F005,1,158,158
T004723,P-H005,1,410,410
T004723,P-F007,1,94,94
T004723,P-F014,2,95,190
T004723,P-F020,1,190,190
T004723,P-F012,1,130,130
T004724,P-F012,1,130,130
T004724,P-F014,1,95,95
T004724,P-F001,1,65,65
T004725,P-F019,1,140,140
T004725,P-F014,1,95,95
T004725,P-F003,2,35,70
T004726,P-P022,1,380,380
T004726,P-P014,2,320,640
T004726,P-L020,1,190,190
T004727,P-F003,3,35,105
T004727,P-P030,1,300,300
T004727,P-F014,1,95,95
T004728,P-H003,1,961,961
T004728,P-H003,1,961,961
T004728,P-H005,1,410,410
T004728,P-P018,1,580,580
T004728,P-P008,1,460,460
T004728,P-L012,1,460,460
T004729,P-F003,1,35,35
T004729,P-F014,1,95,95
T004730,P-F003,3,35,105
T004731,P-B004,1,599,599
T004731,P-B010,1,220,220
T004731,P-B007,1,260,260
T004731,P-B005,1,320,320
T004732,P-B009,1,240,240
T004732,P-B010,1,220,220
T004732,P-B005,1,320,320
T004733,P-H012,1,480,480
T004733,P-L018,3,130,390
T004734,P-L003,1,150,150
T004734,P-L019,1,110,110
T004735,P-F019,1,140,140
T004735,P-F014,1,95,95
T004736,P-L018,1,130,130
T004736,P-L019,1,110,110
T004737,P-L019,-1,110,-110
T004738,P-F005,1,158,158
T004738,P-P006,1,250,250
T004738,P-L001,1,260,260
T004738,P-P002,1,380,380
T004738,P-F006,1,336,336
T004738,P-G007,1,620,620
T004738,P-P030,1,300,300
T004738,P-L018,1,130,130
T004739,P-F014,1,95,95
T004739,P-F001,1,65,65
T004740,P-H024,1,750,750
T004740,P-L019,3,110,330
T004740,P-F003,3,35,105
T004740,P-F014,1,95,95
T004741,P-F001,1,65,65
T004741,P-L019,1,110,110
T004742,P-F003,2,35,70
T004742,P-L019,1,110,110
T004743,P-L020,1,190,190
T004743,P-L019,1,110,110
T004743,P-F014,1,95,95
T004744,P-L019,2,110,220
T004744,P-F001,2,65,130
T004744,P-F003,1,35,35
T004745,P-L009,1,280,280
T004745,P-L019,1,110,110
T004745,P-F001,1,65,65
T004746,P-G004,1,320,320
T004746,P-L020,1,190,190
T004746,P-L019,1,110,110
T004747,P-L019,1,110,110
T004747,P-F003,1,35,35
T004747,P-P016,1,280,280
T004747,P-L019,1,110,110
T004747,P-F014,1,95,95
T004748,P-L019,1,110,110
T004749,P-F014,2,95,190
T004750,P-H001,1,734,734
T004750,P-H005,1,410,410
T004750,P-F009,1,126,126
T004750,P-P006,1,250,250
T004750,P-P017,1,260,260
T004750,P-F002,3,180,540
T004751,P-B004,1,599,599
T004751,P-B008,1,395,395
T004751,P-B006,1,280,280
T004751,P-B009,1,240,240
T004752,P-F017,1,220,220
T004752,P-F014,1,95,95
T004752,P-F001,1,65,65
T004753,P-G005,1,420,420
T004753,P-P014,1,320,320
T004753,P-F013,3,160,480
T004753,P-F019,1,140,140
T004754,P-F011,1,399,399
T004755,P-F014,2,95,190
T004756,P-L019,1,110,110
T004756,P-F001,1,65,65
T004757,P-L019,1,110,110
T004758,P-H003,1,961,961
T004758,P-F019,2,140,280
T004758,P-P013,1,150,150
T004758,P-L019,1,110,110
T004758,P-F009,1,126,126
T004758,P-H010,1,520,520
T004758,P-L014,3,180,540
T004758,P-L008,1,450,450
T004759,P-L019,1,110,110
T004760,P-L019,1,110,110
T004761,P-F001,1,65,65
T004761,P-P015,1,220,220
T004761,P-L008,1,450,450
T004761,P-P019,3,120,360
T004761,P-F014,1,95,95
T004762,P-H006,1,1166,1166
T004762,P-F007,1,94,94
T004762,P-P007,1,290,290
T004762,P-F012,1,130,130
T004762,P-F001,1,65,65
T004763,P-B004,1,599,599
T004763,P-B009,2,240,480
T004763,P-B010,1,220,220
T004764,P-F004,1,58,58
T004764,P-F008,1,252,252
T004764,P-H001,1,734,734
T004764,P-P016,1,280,280
T004764,P-L004,1,160,160
T004764,P-L002,1,220,220
T004765,P-H016,1,390,390
T004766,P-L018,1,130,130
T004766,P-L019,1,110,110
T004767,P-L006,1,680,680
T004767,P-F020,1,190,190
T004767,P-L002,1,220,220
T004767,P-P028,1,200,200
T004767,P-L019,1,110,110
T004768,P-H016,1,390,390
T004768,P-L018,1,130,130
T004768,P-P023,1,260,260
T004769,P-P007,1,290,290
T004769,P-P006,1,250,250
T004769,P-P028,1,200,200
T004770,P-H012,1,480,480
T004770,P-L001,1,260,260
T004770,P-F003,1,35,35
T004770,P-F014,1,95,95
T004770,P-H007,1,520,520
T004771,P-H012,1,480,480
T004771,P-F018,2,180,360
T004771,P-F001,1,65,65
T004771,P-H007,1,520,520
T004772,P-H005,1,410,410
T004772,P-H005,1,410,410
T004772,P-P016,1,280,280
T004772,P-P015,1,220,220
T004772,P-L019,1,110,110
T004773,P-P004,1,420,420
T004773,P-L001,1,260,260
T004773,P-P030,1,300,300
T004773,P-F002,2,180,360
T004773,P-F014,2,95,190
T004774,P-L019,1,110,110
T004775,P-P028,1,200,200
T004775,P-L004,3,160,480
T004775,P-L005,1,180,180
T004776,P-L011,1,520,520
T004776,P-F001,2,65,130
T004776,P-P023,1,260,260
T004776,P-F013,1,160,160
T004777,P-P017,1,260,260
T004777,P-F013,2,160,320
T004777,P-L019,1,110,110
T004778,P-F003,2,35,70
T004779,P-G003,1,380,380
T004779,P-P001,1,260,260
T004779,P-L018,3,130,390
T004779,P-L003,1,150,150
T004780,P-F003,1,35,35
T004780,P-F014,1,95,95
T004781,P-H012,1,480,480
T004781,P-L004,3,160,480
T004781,P-H007,1,520,520
T004782,P-P002,1,380,380
T004782,P-P022,1,380,380
T004782,P-P017,1,260,260
T004782,P-P005,1,340,340
T004782,P-F020,1,190,190
T004782,P-F012,1,130,130
T004783,P-F010,1,79,79
T004783,P-F011,1,399,399
T004783,P-F009,1,126,126
T004783,P-P023,1,260,260
T004783,P-P012,3,180,540
T004784,P-F001,1,65,65
T004784,P-L019,1,110,110
T004785,P-L019,1,110,110
T004786,P-F014,2,95,190
T004787,P-F014,1,95,95
T004788,P-H012,1,480,480
T004788,P-F014,2,95,190
T004788,P-F003,3,35,105
T004788,P-L019,1,110,110
T004788,P-H007,1,520,520
T004789,P-P019,2,120,240
T004790,P-F012,1,130,130
T004790,P-F014,2,95,190
T004791,P-H012,1,480,480
T004792,P-F001,-1,65,-65
T004793,P-L019,1,110,110
T004794,P-F003,1,35,35
T004794,P-L019,1,110,110
T004795,P-F003,2,35,70
T004795,P-F003,3,35,105
T004796,P-F001,1,65,65
T004796,P-F014,1,95,95
T004797,P-B004,1,599,599
T004797,P-B005,1,320,320
T004797,P-B010,2,220,440
T004798,P-P029,1,320,320
T004798,P-P014,1,320,320
T004798,P-F003,3,35,105
T004798,P-H025,1,480,480
T004798,P-L003,2,150,300
T004798,P-F001,3,65,195
T004799,P-F001,1,65,65
T004799,P-F003,1,35,35
T004800,P-H012,1,480,480
T004800,P-F014,2,95,190
T004800,P-L019,1,110,110
T004800,P-F003,1,35,35
T004801,P-P001,1,260,260
T004801,P-P016,1,280,280
T004801,P-L002,1,220,220
T004801,P-L014,1,180,180
T004802,P-F019,3,140,420
T004802,P-F001,1,65,65
T004803,P-F014,4,95,380
T004803,P-L019,1,110,110
T004804,P-L020,1,190,190
T004804,P-F013,1,160,160
T004804,P-F001,1,65,65
T004805,P-P015,1,220,220
T004805,P-P001,1,260,260
T004805,P-F019,1,140,140
T004806,P-F010,1,79,79
T004806,P-F002,2,180,360
T004806,P-P015,1,220,220
T004806,P-P030,1,300,300
T004806,P-F007,1,94,94
T004806,P-P030,1,300,300
T004806,P-L007,1,320,320
T004806,P-P019,1,120,120
T004807,P-F003,2,35,70
T004808,P-F003,1,35,35
T004809,P-F003,2,35,70
T004809,P-F001,1,65,65
T004809,P-F003,1,35,35
T004810,P-F010,1,79,79
T004810,P-F005,1,158,158
T004810,P-P025,1,480,480
T004810,P-F012,1,130,130
T004810,P-L019,3,110,330
T004811,P-L012,1,460,460
T004811,P-P017,1,260,260
T004811,P-P019,2,120,240
T004811,P-P018,1,580,580
T004811,P-L018,1,130,130
T004811,P-F014,2,95,190
T004812,P-H021,1,580,580
T004812,P-P022,1,380,380
T004812,P-F018,1,180,180
T004812,P-P012,1,180,180
T004813,P-H012,1,480,480
T004813,P-F020,1,190,190
T004813,P-F012,1,130,130
T004813,P-F003,3,35,105
T004814,P-G009,1,460,460
T004814,P-P002,1,380,380
T004814,P-F019,1,140,140
T004814,P-F003,3,35,105
T004815,P-H006,1,1166,1166
T004815,P-H006,1,1166,1166
T004815,P-F010,1,79,79
T004815,P-F013,2,160,320
T004815,P-F001,1,65,65
T004815,P-F003,3,35,105
T004816,P-H012,1,480,480
T004816,P-L018,1,130,130
T004816,P-L019,1,110,110
T004817,P-F018,1,180,180
T004817,P-F019,1,140,140
T004817,P-F001,1,65,65
T004818,P-F012,2,130,260
T004818,P-L019,1,110,110
T004818,P-F003,2,35,70
T004819,P-F001,1,65,65
T004819,P-L019,1,110,110
T004820,P-F014,3,95,285
T004820,P-P021,1,240,240
T004820,P-P028,1,200,200
T004821,P-G002,1,480,480
T004821,P-G004,1,320,320
T004822,P-F003,3,35,105
T004823,P-F003,2,35,70
T004823,P-F014,1,95,95
T004824,P-F003,2,35,70
T004824,P-L019,1,110,110
T004825,P-F003,1,35,35
T004825,P-L019,1,110,110
T004826,P-F003,3,35,105
T004827,P-B004,1,599,599
T004827,P-B008,1,395,395
T004827,P-B006,1,280,280
T004827,P-B009,1,240,240
T004828,P-B006,1,280,280
T004828,P-B007,1,260,260
T004828,P-B005,1,320,320
T004829,P-H002,1,454,454
T004829,P-H002,1,454,454
T004829,P-F011,1,399,399
T004829,P-P020,1,350,350
T004829,P-F014,1,95,95
T004829,P-G004,1,320,320
T004830,P-H006,1,1166,1166
T004830,P-F009,1,126,126
T004830,P-F008,1,252,252
T004830,P-L013,1,380,380
T004830,P-P029,1,320,320
T004830,P-L019,3,110,330
T004831,P-F014,1,95,95
T004832,P-L018,1,130,130
T004832,P-P030,1,300,300
T004832,P-F012,1,130,130
T004832,P-F001,1,65,65
T004833,P-F003,2,35,70
T004833,P-F001,1,65,65
T004834,P-H023,1,620,620
T004834,P-P002,1,380,380
T004834,P-F012,3,130,390
T004835,P-F011,1,399,399
T004835,P-P012,3,180,540
T004835,P-P019,3,120,360
T004835,P-P016,1,280,280
T004835,P-H006,1,1166,1166
T004835,P-H025,1,480,480
T004835,P-P001,1,260,260
T004835,P-L017,1,620,620
T004836,P-F003,1,35,35
T004837,P-F003,1,35,35
T004837,P-F014,1,95,95
T004838,P-F004,1,58,58
T004838,P-F013,2,160,320
T004838,P-G004,1,320,320
T004838,P-L007,1,320,320
T004839,P-B004,1,599,599
T004839,P-B008,1,395,395
T004839,P-B007,1,260,260
T004840,P-F004,1,58,58
T004840,P-F009,1,126,126
T004840,P-F012,2,130,260
T004840,P-P028,1,200,200
T004840,P-P019,1,120,120
T004841,P-F001,1,65,65
T004842,P-L018,1,130,130
T004842,P-L019,1,110,110
T004843,P-H016,1,390,390
T004844,P-L015,1,549,549
T004844,P-F014,3,95,285
T004844,P-L003,1,150,150
T004845,P-F018,1,180,180
T004845,P-F014,2,95,190
T004845,P-F003,1,35,35
T004846,P-F014,1,95,95
T004847,P-F003,3,35,105
T004848,P-F017,1,220,220
T004848,P-F012,1,130,130
T004848,P-F001,1,65,65
T004849,P-F003,1,35,35
T004850,P-B004,1,599,599
T004850,P-B005,1,320,320
T004850,P-B007,1,260,260
T004851,P-B004,1,599,599
T004851,P-B010,1,220,220
T004851,P-B007,1,260,260
T004851,P-B009,1,240,240
T004852,P-B004,1,599,599
T004852,P-B008,1,395,395
T004852,P-B010,1,220,220
T004853,P-B004,1,599,599
T004853,P-B005,1,320,320
T004853,P-B010,1,220,220
T004854,P-F008,1,252,252
T004854,P-H001,1,734,734
T004854,P-L013,1,380,380
T004854,P-L003,4,150,600
T004854,P-L019,1,110,110
T004855,P-F003,3,35,105
T004855,P-F001,2,65,130
T004856,P-H016,1,390,390
T004857,P-P019,1,120,120
T004858,P-F014,3,95,285
T004858,P-P012,2,180,360
T004858,P-P023,1,260,260
T004859,P-H025,1,480,480
T004859,P-F001,1,65,65
T004859,P-L019,2,110,220
T004859,P-P013,1,150,150
T004860,P-L020,1,190,190
T004860,P-F003,4,35,140
T004860,P-F014,1,95,95
T004861,P-P019,2,120,240
T004861,P-F003,2,35,70
T004861,P-F001,1,65,65
T004862,P-P019,3,120,360
T004862,P-F001,1,65,65
T004863,P-L004,1,160,160
T004863,P-L019,1,110,110
T004863,P-F001,1,65,65
T004864,P-H006,1,1166,1166
T004864,P-F005,1,158,158
T004864,P-P023,1,260,260
T004864,P-F001,2,65,130
T004864,P-F014,1,95,95
T004865,P-F003,1,35,35
T004865,P-F003,1,35,35
T004865,P-L019,1,110,110
T004866,P-B004,1,599,599
T004866,P-B007,1,260,260
T004866,P-B006,1,280,280
T004866,P-B009,1,240,240
T004867,P-P013,2,150,300
T004867,P-F020,1,190,190
T004867,P-G003,1,380,380
T004867,P-P017,1,260,260
T004867,P-L003,3,150,450
T004868,P-H015,1,450,450
T004869,P-H012,1,480,480
T004869,P-F020,1,190,190
T004869,P-L002,1,220,220
T004869,P-F003,1,35,35
T004870,P-F003,2,35,70
T004870,P-F014,1,95,95
T004871,P-H017,1,640,640
T004871,P-P002,1,380,380
T004871,P-F018,2,180,360
T004871,P-P013,1,150,150
T004872,P-G006,1,560,560
T004872,P-L019,2,110,220
T004872,P-L018,1,130,130
T004873,P-P028,1,200,200
T004873,P-F014,1,95,95
T004873,P-F003,1,35,35
T004874,P-H024,1,750,750
T004874,P-P028,1,200,200
T004874,P-P019,1,120,120
T004874,P-F014,1,95,95
T004875,P-F005,1,158,158
T004875,P-H004,1,605,605
T004875,P-F007,1,94,94
T004875,P-P020,1,350,350
T004875,P-L002,1,220,220
T004875,P-P019,1,120,120
T004876,P-H005,1,410,410
T004876,P-F006,1,336,336
T004876,P-H010,1,520,520
T004876,P-P001,1,260,260
T004876,P-P030,1,300,300
T004877,P-L019,1,110,110
T004877,P-F001,1,65,65
T004878,P-F001,1,65,65
T004879,P-F003,2,35,70
T004880,P-F003,3,35,105
T004881,P-F003,2,35,70
T004881,P-F014,1,95,95
T004882,P-F003,1,35,35
T004882,P-F014,1,95,95
T004883,P-B006,2,280,560
T004883,P-B010,1,220,220
T004884,P-H012,1,480,480
T004884,P-L004,3,160,480
T004884,P-H007,1,520,520
T004885,P-P013,2,150,300
T004886,P-F004,1,58,58
T004886,P-F005,1,158,158
T004886,P-H010,1,520,520
T004886,P-P001,1,260,260
T004886,P-F003,3,35,105
T004887,P-H001,1,734,734
T004887,P-F009,1,126,126
T004888,P-L005,1,180,180
T004888,P-F014,3,95,285
T004889,P-L018,3,130,390
T004889,P-P012,1,180,180
T004889,P-L002,1,220,220
T004889,P-F003,3,35,105
T004889,P-L019,1,110,110
T004890,P-L020,1,190,190
T004890,P-L008,1,450,450
T004890,P-P029,1,320,320
T004890,P-F012,1,130,130
T004891,P-L019,1,110,110
T004892,P-H006,1,1166,1166
T004892,P-F008,1,252,252
T004892,P-F008,1,252,252
T004892,P-G007,1,620,620
T004892,P-L010,1,240,240
T004892,P-F012,1,130,130
T004893,P-F001,1,65,65
T004893,P-L019,1,110,110
T004894,P-B004,1,599,599
T004894,P-B009,1,240,240
T004894,P-B010,1,220,220
T004895,P-G003,1,380,380
T004895,P-L014,3,180,540
T004895,P-F003,3,35,105
T004896,P-L005,1,180,180
T004896,P-L019,1,110,110
T004897,P-L018,1,130,130
T004897,P-L019,1,110,110
T004898,P-F006,1,336,336
T004898,P-F011,1,399,399
T004898,P-F005,1,158,158
T004898,P-F014,1,95,95
T004898,P-P013,1,150,150
T004898,P-L018,3,130,390
T004899,P-F010,1,79,79
T004899,P-F007,1,94,94
T004899,P-H004,1,605,605
T004899,P-L005,1,180,180
T004899,P-F013,1,160,160
T004899,P-L004,3,160,480
T004900,P-F001,2,65,130
T004900,P-F003,1,35,35
T004901,P-H012,1,480,480
T004901,P-L003,2,150,300
T004901,P-L019,1,110,110
T004902,P-L019,1,110,110
T004903,P-H012,1,480,480
T004903,P-F003,4,35,140
T004903,P-L002,1,220,220
T004903,P-F001,1,65,65
T004903,P-H007,1,520,520
T004904,P-L004,2,160,320
T004904,P-L020,1,190,190
T004904,P-L019,1,110,110
T004905,P-G002,2,480,960
T004906,P-H002,1,454,454
T004906,P-F010,1,79,79
T004906,P-F004,1,58,58
T004906,P-L004,2,160,320
T004906,P-F001,4,65,260
T004906,P-P028,1,200,200
T004907,P-H006,1,1166,1166
T004907,P-F004,1,58,58
T004907,P-G007,1,620,620
T004907,P-F020,1,190,190
T004907,P-L019,1,110,110
T004908,P-F003,3,35,105
T004908,P-H025,1,480,480
T004908,P-H008,1,720,720
T004908,P-H022,1,690,690
T004908,P-P001,1,260,260
T004908,P-L003,1,150,150
T004909,P-F003,2,35,70
T004909,P-F014,1,95,95
T004910,P-P014,-1,320,-320
T004911,P-H003,1,961,961
T004911,P-F006,1,336,336
T004911,P-L025,1,1180,1180
T004911,P-L003,1,150,150
T004911,P-L004,1,160,160
T004912,P-L018,1,130,130
T004912,P-L019,2,110,220
T004913,P-F001,1,65,65
T004913,P-L019,1,110,110
T004914,P-F003,3,35,105
T004914,P-F001,1,65,65
T004915,P-F017,1,220,220
T004915,P-P013,2,150,300
T004915,P-L013,1,380,380
T004916,P-F001,2,65,130
T004917,P-H012,1,480,480
T004917,P-L020,1,190,190
T004917,P-F002,1,180,180
T004917,P-F014,3,95,285
T004917,P-H007,1,520,520
T004918,P-F014,2,95,190
T004918,P-F019,1,140,140
T004918,P-F001,1,65,65
T004919,P-G002,1,480,480
T004919,P-G004,1,320,320
T004920,P-F003,2,35,70
T004921,P-F014,1,95,95
T004922,P-F003,1,35,35
T004923,P-F001,1,65,65
T004923,P-F003,1,35,35
T004924,P-B004,1,599,599
T004924,P-B007,2,260,520
T004924,P-B009,1,240,240
T004924,P-B010,1,220,220
T004925,P-B004,1,599,599
T004925,P-B010,2,220,440
T004925,P-B005,1,320,320
T004926,P-P015,1,220,220
T004926,P-P012,1,180,180
T004926,P-F003,3,35,105
T004927,P-F013,1,160,160
T004927,P-F003,3,35,105
T004927,P-F014,1,95,95
T004928,P-L004,1,160,160
T004928,P-P011,1,320,320
T004928,P-F001,1,65,65
T004928,P-F003,3,35,105
T004929,P-F001,1,65,65
T004929,P-F003,1,35,35
T004930,P-F001,1,65,65
T004930,P-F014,1,95,95
T004931,P-H004,1,605,605
T004931,P-F008,1,252,252
T004931,P-F004,1,58,58
T004931,P-L006,1,680,680
T004931,P-F017,1,220,220
T004931,P-L004,1,160,160
T004932,P-F017,2,220,440
T004932,P-F019,1,140,140
T004932,P-L001,1,260,260
T004932,P-F013,3,160,480
T004932,P-L019,1,110,110
T004932,P-F014,1,95,95
T004933,P-F001,1,65,65
T004933,P-L019,1,110,110
T004934,P-F003,2,35,70
T004934,P-L019,1,110,110
T004935,P-B008,1,395,395
T004935,P-B009,1,240,240
T004936,P-L001,1,260,260
T004936,P-F001,2,65,130
T004936,P-P010,1,620,620
T004936,P-P023,1,260,260
T004936,P-P019,1,120,120
T004937,P-F003,3,35,105
T004937,P-L005,1,180,180
T004937,P-F014,1,95,95
T004938,P-H012,1,480,480
T004938,P-F014,2,95,190
T004938,P-F003,3,35,105
T004938,P-F001,1,65,65
T004939,P-L019,4,110,440
T004940,P-P020,1,350,350
T004940,P-P017,1,260,260
T004940,P-P019,2,120,240
T004941,P-H021,1,580,580
T004941,P-P019,3,120,360
T004941,P-P013,2,150,300
T004942,P-P005,1,340,340
T004942,P-H025,1,480,480
T004942,P-P020,1,350,350
T004942,P-F020,1,190,190
T004942,P-L018,1,130,130
T004943,P-P007,1,290,290
T004943,P-P019,1,120,120
T004943,P-P025,1,480,480
T004943,P-P015,1,220,220
T004943,P-P012,1,180,180
T004944,P-L019,1,110,110
T004945,P-F002,1,180,180
T004945,P-F001,3,65,195
T004946,P-P019,2,120,240
T004946,P-L019,3,110,330
T004947,P-G002,2,480,960
T004948,P-H012,1,480,480
T004948,P-L007,1,320,320
T004948,P-F014,1,95,95
T004948,P-F001,1,65,65
T004949,P-F003,3,35,105
T004950,P-F003,1,35,35
T004951,P-L003,3,150,450
T004951,P-G004,1,320,320
T004951,P-F003,2,35,70
T004952,P-G002,2,480,960
T004953,P-H012,1,480,480
T004953,P-L014,1,180,180
T004953,P-L019,1,110,110
T004953,P-F014,1,95,95
T004953,P-H007,1,520,520
T004954,P-B004,1,599,599
T004954,P-B007,1,260,260
T004954,P-B010,1,220,220
T004954,P-B005,1,320,320
T004955,P-B004,1,599,599
T004955,P-B010,1,220,220
T004955,P-B006,1,280,280
T004955,P-B009,1,240,240
T004956,P-P019,3,120,360
T004957,P-G007,-1,620,-620
T004958,P-H013,1,850,850
T004958,P-F019,1,140,140
T004958,P-F013,1,160,160
T004958,P-L018,1,130,130
T004959,P-P015,1,220,220
T004959,P-G005,1,420,420
T004959,P-P021,1,240,240
T004959,P-P019,1,120,120
T004960,P-H012,1,480,480
T004960,P-L019,2,110,220
T004960,P-H007,1,520,520
T004961,P-F001,2,65,130
T004962,P-F003,2,35,70
T004962,P-F014,1,95,95
T004963,P-P028,1,200,200
T004963,P-F014,1,95,95
T004963,P-L019,1,110,110
T004964,P-F003,1,35,35
T004965,P-F001,1,65,65
T004966,P-F014,1,95,95
T004967,P-F003,1,35,35
T004968,P-B005,1,320,320
T004968,P-B007,1,260,260
T004968,P-B010,1,220,220
T004969,P-B004,1,599,599
T004969,P-B008,1,395,395
T004969,P-B005,1,320,320
T004969,P-B010,1,220,220
T004970,P-F002,3,180,540
T004971,P-F010,1,79,79
T004971,P-H006,1,1166,1166
T004971,P-F009,1,126,126
T004971,P-F006,1,336,336
T004971,P-H006,1,1166,1166
T004971,P-F008,1,252,252
T004972,P-L014,1,180,180
T004972,P-L019,1,110,110
T004973,P-F018,1,180,180
T004973,P-F014,1,95,95
T004973,P-F003,1,35,35
T004974,P-L005,2,180,360
T004974,P-F014,2,95,190
T004974,P-L003,3,150,450
T004975,P-H005,1,410,410
T004975,P-F011,1,399,399
T004975,P-F014,1,95,95
T004975,P-F003,3,35,105
T004976,P-P019,2,120,240
T004976,P-F001,1,65,65
T004976,P-F003,1,35,35
T004976,P-L019,1,110,110
T004977,P-F003,1,35,35
T004977,P-L003,1,150,150
T004977,P-L019,1,110,110
T004977,P-F014,1,95,95
T004978,P-P012,2,180,360
T004978,P-P019,3,120,360
T004978,P-P013,2,150,300
T004979,P-L012,1,460,460
T004979,P-P016,1,280,280
T004979,P-P006,1,250,250
T004979,P-F001,1,65,65
T004980,P-F003,2,35,70
T004981,P-L019,1,110,110
T004981,P-F001,1,65,65
T004982,P-F001,1,65,65
T004982,P-F003,1,35,35
T004983,P-B004,1,599,599
T004983,P-B008,1,395,395
T004983,P-B006,1,280,280
T004984,P-F008,1,252,252
T004984,P-F010,1,79,79
T004984,P-H006,1,1166,1166
T004984,P-F004,1,58,58
T004985,P-F010,1,79,79
T004985,P-F003,1,35,35
T004985,P-F001,1,65,65
T004986,P-H016,1,390,390
T004987,P-F008,1,252,252
T004987,P-F005,1,158,158
T004987,P-F010,1,79,79
T004987,P-F014,3,95,285
T004987,P-P024,1,540,540
T004987,P-P014,1,320,320
T004988,P-H012,1,480,480
T004988,P-F001,2,65,130
T004988,P-L014,2,180,360
T004988,P-L019,1,110,110
T004989,P-F018,1,180,180
T004989,P-F003,2,35,70
T004989,P-F014,1,95,95
T004990,P-L002,1,220,220
T004990,P-L019,1,110,110
T004990,P-F003,3,35,105
T004991,P-P013,1,150,150
T004991,P-L019,1,110,110
T004991,P-F001,1,65,65
T004991,P-F014,1,95,95
T004992,P-H006,1,1166,1166
T004992,P-H005,1,410,410
T004992,P-F008,1,252,252
T004992,P-F010,1,79,79
T004993,P-G002,1,480,480
T004993,P-G003,1,380,380
T004994,P-L004,3,160,480
T004994,P-F014,2,95,190
T004994,P-F018,2,180,360
T004995,P-F003,1,35,35
T004995,P-F014,1,95,95
T004996,P-F003,2,35,70
T004996,P-F014,1,95,95
T004997,P-F003,2,35,70
T004998,P-L019,1,110,110
T004998,P-F001,1,65,65
T004999,P-P019,1,120,120
T004999,P-P024,1,540,540
T004999,P-P028,1,200,200
T004999,P-P013,1,150,150
T005000,P-L019,4,110,440
T005001,P-G002,2,480,960
T005001,P-G004,1,320,320
T005002,P-P006,1,250,250
T005002,P-F001,3,65,195
T005003,P-H020,1,720,720
T005003,P-P001,1,260,260
T005003,P-P019,1,120,120
T005004,P-G002,1,480,480
T005004,P-H025,1,480,480
T005004,P-P030,1,300,300
T005005,P-F017,1,220,220
T005005,P-H021,1,580,580
T005005,P-L005,1,180,180
T005005,P-F019,1,140,140
T005006,P-G002,2,480,960
T005007,P-F003,2,35,70
T005007,P-F001,1,65,65
T005008,P-F014,1,95,95
T005009,P-F003,1,35,35
T005010,P-F001,2,65,130
T005011,P-F003,3,35,105
T005011,P-F001,1,65,65
T005012,P-F003,2,35,70
T005012,P-F014,1,95,95
T005013,P-H002,1,454,454
T005013,P-F004,1,58,58
T005013,P-F010,1,79,79
T005013,P-P007,1,290,290
T005013,P-L007,1,320,320
T005013,P-L020,1,190,190
T005014,P-F003,2,35,70
T005014,P-F014,1,95,95
T005015,P-B004,1,599,599
T005015,P-B008,1,395,395
T005015,P-B010,3,220,660
T005016,P-B004,1,599,599
T005016,P-B004,1,599,599
T005016,P-B009,1,240,240
T005016,P-B006,1,280,280
T005017,P-H002,1,454,454
T005017,P-F007,1,94,94
T005017,P-F005,1,158,158
T005017,P-H006,1,1166,1166
T005018,P-F014,1,95,95
T005019,P-P012,1,180,180
T005019,P-P019,1,120,120
T005020,P-H016,1,390,390
T005021,P-F008,1,252,252
T005021,P-F004,1,58,58
T005021,P-F012,2,130,260
T005021,P-F019,1,140,140
T005021,P-F020,1,190,190
T005022,P-L006,1,680,680
T005022,P-P007,2,290,580
T005022,P-F002,1,180,180
T005022,P-H022,1,690,690
T005022,P-P023,1,260,260
T005022,P-G009,1,460,460
T005023,P-F019,1,140,140
T005023,P-L015,1,549,549
T005023,P-F018,1,180,180
T005023,P-H010,1,520,520
T005023,P-P025,1,480,480
T005023,P-L007,1,320,320
T005024,P-P013,1,150,150
T005024,P-L005,1,180,180
T005024,P-F003,3,35,105
T005024,P-F018,1,180,180
T005024,P-P017,1,260,260
T005024,P-L018,1,130,130
T005025,P-L019,1,110,110
T005025,P-F003,1,35,35
T005026,P-F003,4,35,140
T005027,P-L018,1,130,130
T005027,P-F003,2,35,70
T005027,P-F001,1,65,65
T005028,P-H003,1,961,961
T005028,P-F008,1,252,252
T005028,P-L024,1,420,420
T005028,P-L018,3,130,390
T005028,P-L020,1,190,190
T005029,P-L003,3,150,450
T005029,P-L004,3,160,480
T005029,P-F019,3,140,420
T005030,P-G002,1,480,480
T005031,P-G002,2,480,960
T005032,P-F001,1,65,65
T005032,P-F003,1,35,35
T005033,P-L019,1,110,110
T005034,P-F003,2,35,70
T005035,P-F003,2,35,70
T005036,P-F003,2,35,70
T005036,P-F014,1,95,95
T005037,P-G002,1,480,480
T005037,P-P030,1,300,300
T005037,P-L018,1,130,130
T005037,P-F001,1,65,65
T005038,P-G002,2,480,960
T005038,P-G004,1,320,320
T005039,P-P011,1,320,320
T005039,P-F003,2,35,70
T005039,P-F014,1,95,95
T005039,P-L013,1,380,380
T005039,P-L014,1,180,180
T005039,P-L019,1,110,110
T005040,P-H023,1,620,620
T005040,P-P019,4,120,480
T005041,P-F009,1,126,126
T005041,P-F003,2,35,70
T005041,P-L015,1,549,549
T005041,P-P005,1,340,340
T005042,P-L004,-1,160,-160
T005043,P-P001,1,260,260
T005043,P-L018,2,130,260
T005043,P-L020,1,190,190
T005044,P-P021,1,240,240
T005044,P-L020,1,190,190
T005044,P-P005,1,340,340
T005045,P-P015,1,220,220
T005045,P-P025,1,480,480
T005045,P-F020,1,190,190
T005045,P-P030,1,300,300
T005046,P-P004,1,420,420
T005046,P-F002,1,180,180
T005046,P-L003,1,150,150
T005046,P-L019,1,110,110
T005047,P-F004,1,58,58
T005047,P-F009,1,126,126
T005047,P-H002,1,454,454
T005048,P-H012,1,480,480
T005048,P-L001,1,260,260
T005048,P-F018,1,180,180
T005048,P-F014,1,95,95
T005049,P-F003,3,35,105
T005050,P-B004,1,599,599
T005050,P-B006,3,280,840
T005050,P-B007,1,260,260
T005051,P-B004,1,599,599
T005051,P-B008,1,395,395
T005051,P-B010,1,220,220
T005052,P-H012,1,480,480
T005052,P-L014,1,180,180
T005052,P-L019,2,110,220
T005052,P-H007,1,520,520
T005053,P-F014,2,95,190
T005053,P-F001,1,65,65
T005054,P-P018,1,580,580
T005054,P-P011,1,320,320
T005054,P-P020,1,350,350
T005054,P-L019,3,110,330
T005055,P-P030,1,300,300
T005055,P-F013,1,160,160
T005055,P-F003,1,35,35
T005055,P-L019,1,110,110
T005056,P-G005,1,420,420
T005056,P-F014,3,95,285
T005056,P-H015,1,450,450
T005057,P-G008,1,780,780
T005057,P-P016,1,280,280
T005057,P-P013,1,150,150
T005058,P-P021,1,240,240
T005058,P-L014,2,180,360
T005058,P-F001,1,65,65
T005059,P-G007,1,620,620
T005059,P-P004,1,420,420
T005059,P-F012,1,130,130
T005059,P-L019,1,110,110
T005060,P-F003,1,35,35
T005060,P-L019,1,110,110
T005061,P-F003,2,35,70
T005062,P-B004,1,599,599
T005062,P-B008,1,395,395
T005062,P-B009,1,240,240
T005063,P-B009,2,240,480
T005063,P-B010,1,220,220
T005064,P-P003,1,780,780
T005064,P-P021,1,240,240
T005064,P-P017,1,260,260
T005064,P-P012,1,180,180
T005065,P-L004,1,160,160
T005065,P-L019,1,110,110
T005066,P-F002,1,180,180
T005066,P-F003,4,35,140
T005067,P-H015,1,450,450
T005067,P-P029,1,320,320
T005067,P-L018,1,130,130
T005068,P-G004,1,320,320
T005068,P-F012,1,130,130
T005068,P-F014,1,95,95
T005069,P-F014,1,95,95
T005070,P-L018,1,130,130
T005070,P-P002,1,380,380
T005070,P-P019,3,120,360
T005070,P-L019,2,110,220
T005071,P-L010,1,240,240
T005071,P-F003,4,35,140
T005072,P-F019,3,140,420
T005072,P-F014,1,95,95
T005073,P-L019,3,110,330
T005073,P-F003,1,35,35
T005074,P-P004,1,420,420
T005074,P-H021,1,580,580
T005074,P-P021,1,240,240
T005074,P-P019,1,120,120
T005075,P-F020,1,190,190
T005075,P-P019,2,120,240
T005075,P-F012,1,130,130
T005076,P-L008,1,450,450
T005076,P-P019,2,120,240
T005076,P-L019,1,110,110
T005077,P-L004,1,160,160
T005077,P-P020,1,350,350
T005077,P-F019,1,140,140
T005077,P-F003,2,35,70
T005078,P-F001,2,65,130
T005079,P-L011,1,520,520
T005079,P-L001,1,260,260
T005079,P-F017,1,220,220
T005079,P-F001,2,65,130
T005079,P-L014,1,180,180
T005080,P-H012,1,480,480
T005080,P-F002,1,180,180
T005080,P-F019,1,140,140
T005080,P-L019,1,110,110
T005081,P-B005,1,320,320
T005081,P-B010,2,220,440
T005081,P-B007,1,260,260
T005082,P-B006,2,280,560
T005082,P-B009,2,240,480
T005082,P-B007,1,260,260
T005083,P-G009,1,460,460
T005083,P-P007,1,290,290
T005083,P-P019,2,120,240
T005084,P-F005,-1,158,-158
T005085,P-P019,1,120,120
T005086,P-F014,3,95,285
T005086,P-F003,1,35,35
T005087,P-L004,1,160,160
T005087,P-F014,1,95,95
T005087,P-F001,1,65,65
T005088,P-L005,1,180,180
T005088,P-F001,1,65,65
T005088,P-L019,1,110,110
T005089,P-P013,3,150,450
T005089,P-F001,3,65,195
T005090,P-G002,1,480,480
T005090,P-G004,1,320,320
T005091,P-F010,1,79,79
T005091,P-H002,1,454,454
T005091,P-H022,1,690,690
T005091,P-P014,1,320,320
T005091,P-P015,1,220,220
T005092,P-F003,1,35,35
T005092,P-F003,2,35,70
T005092,P-F001,1,65,65
T005093,P-F003,3,35,105
T005094,P-F001,2,65,130
T005095,P-B007,1,260,260
T005095,P-B005,1,320,320
T005095,P-B010,1,220,220
T005096,P-F004,1,58,58
T005096,P-F005,1,158,158
T005096,P-H003,1,961,961
T005096,P-H002,1,454,454
T005097,P-L012,1,460,460
T005097,P-L009,1,280,280
T005097,P-F015,1,260,260
T005097,P-L003,1,150,150
T005098,P-L019,1,110,110
T005099,P-L011,1,520,520
T005099,P-P005,1,340,340
T005099,P-P011,1,320,320
T005100,P-P030,1,300,300
T005100,P-P019,1,120,120
T005100,P-L019,1,110,110
T005101,P-P015,1,220,220
T005101,P-F003,1,35,35
T005101,P-L019,1,110,110
T005102,P-G006,1,560,560
T005102,P-P006,1,250,250
T005102,P-P016,1,280,280
T005102,P-P013,2,150,300
T005103,P-G002,1,480,480
T005103,P-G004,1,320,320
T005104,P-F003,1,35,35
T005104,P-F001,2,65,130
T005105,P-F003,2,35,70
T005106,P-F003,2,35,70
T005106,P-F014,1,95,95
T005107,P-L019,1,110,110
T005108,P-H009,1,780,780
T005108,P-F018,2,180,360
T005108,P-F014,1,95,95
T005109,P-H006,1,1166,1166
T005109,P-F008,1,252,252
T005109,P-L008,1,450,450
T005109,P-L014,1,180,180
T005109,P-L004,1,160,160
T005110,P-B009,1,240,240
T005110,P-B008,1,395,395
T005110,P-B007,1,260,260
T005111,P-P028,1,200,200
T005111,P-F001,3,65,195
T005111,P-F012,2,130,260
T005111,P-L018,3,130,390
T005112,P-F018,1,180,180
T005112,P-P019,1,120,120
T005112,P-L019,1,110,110
T005113,P-H012,1,480,480
T005113,P-L002,1,220,220
T005113,P-F014,3,95,285
T005113,P-H007,1,520,520
T005114,P-F001,4,65,260
T005114,P-F003,1,35,35
T005115,P-F001,2,65,130
T005115,P-F014,2,95,190
T005115,P-F003,1,35,35
T005116,P-P019,1,120,120
T005117,P-P013,1,150,150
T005117,P-P012,1,180,180
T005118,P-P019,4,120,480
T005118,P-P001,1,260,260
T005118,P-P011,1,320,320
T005118,P-P015,1,220,220
T005119,P-F008,1,252,252
T005119,P-P003,1,780,780
T005119,P-L007,1,320,320
T005119,P-G002,1,480,480
T005120,P-L019,1,110,110
T005121,P-F003,4,35,140
T005121,P-F014,1,95,95
T005121,P-L019,1,110,110
T005122,P-L019,1,110,110
T005123,P-L019,1,110,110
T005124,P-F003,2,35,70
T005124,P-F014,1,95,95
T005125,P-F003,1,35,35
T005126,P-B004,1,599,599
T005126,P-B006,1,280,280
T005126,P-B007,1,260,260
T005126,P-B005,1,320,320
T005127,P-P007,2,290,580
T005127,P-P023,1,260,260
T005127,P-P013,1,150,150
T005128,P-P021,1,240,240
T005128,P-P022,1,380,380
T005128,P-P016,1,280,280
T005128,P-P019,3,120,360
T005129,P-L003,1,150,150
T005129,P-P025,1,480,480
T005129,P-F002,1,180,180
T005129,P-F012,1,130,130
T005129,P-F014,1,95,95
T005130,P-P015,1,220,220
T005130,P-F013,1,160,160
T005130,P-F012,1,130,130
T005131,P-F014,1,95,95
T005131,P-L002,1,220,220
T005131,P-L019,1,110,110
T005132,P-F010,1,79,79
T005132,P-F004,1,58,58
T005132,P-F010,1,79,79
T005132,P-F004,1,58,58
T005133,P-L003,1,150,150
T005133,P-L019,1,110,110
T005134,P-G002,1,480,480
T005134,P-G004,1,320,320
T005135,P-G002,2,480,960
T005135,P-G004,1,320,320
T005136,P-G002,1,480,480
T005137,P-F010,1,79,79
T005137,P-F004,1,58,58
T005137,P-F006,1,336,336
T005137,P-F004,1,58,58
T005138,P-F003,1,35,35
T005138,P-F014,1,95,95
T005139,P-F003,2,35,70
T005140,P-F001,1,65,65
T005140,P-L019,1,110,110
T005141,P-L005,1,180,180
T005141,P-F014,1,95,95
T005141,P-F003,1,35,35
T005142,P-B004,1,599,599
T005142,P-B008,1,395,395
T005142,P-B009,1,240,240
T005142,P-B010,1,220,220
T005143,P-L003,1,150,150
T005143,P-L019,1,110,110
T005144,P-F001,1,65,65
T005144,P-L019,1,110,110
T005145,P-L020,1,190,190
T005145,P-L019,1,110,110
T005145,P-F003,1,35,35
T005145,P-F001,1,65,65
T005146,P-G002,2,480,960
T005146,P-G004,1,320,320
T005147,P-G002,2,480,960
T005148,P-G002,2,480,960
T005148,P-G005,1,420,420
T005149,P-F003,3,35,105
T005150,P-P023,2,260,520
T005150,P-P015,1,220,220
T005150,P-P019,1,120,120
T005151,P-L001,1,260,260
T005151,P-P013,2,150,300
T005151,P-P030,1,300,300
T005151,P-F018,1,180,180
T005151,P-F001,1,65,65
T005151,P-L019,1,110,110
T005152,P-G002,1,480,480
T005153,P-F014,1,95,95
T005154,P-F020,1,190,190
T005154,P-L002,1,220,220
T005154,P-P002,1,380,380
T005154,P-F001,3,65,195
T005154,P-F003,3,35,105
T005155,P-P015,1,220,220
T005155,P-P013,2,150,300
T005155,P-P001,1,260,260
T005155,P-F001,2,65,130
T005155,P-L018,1,130,130
T005156,P-G002,2,480,960
T005156,P-G004,1,320,320
T005157,P-H012,1,480,480
T005157,P-L001,1,260,260
T005157,P-L019,1,110,110
T005157,P-F003,2,35,70
T005158,P-H009,1,780,780
T005158,P-L009,1,280,280
T005158,P-L018,1,130,130
T005159,P-G002,2,480,960
T005159,P-G004,1,320,320
T005160,P-F014,1,95,95
T005161,P-F014,1,95,95
T005161,P-F001,1,65,65
T005162,P-F001,1,65,65
T005163,P-F003,1,35,35
T005163,P-F014,1,95,95
T005164,P-F003,3,35,105
T005165,P-F003,1,35,35
T005165,P-F014,1,95,95
T005166,P-H012,1,480,480
T005166,P-F014,2,95,190
T005166,P-L003,1,150,150
T005166,P-F001,1,65,65
T005167,P-B004,1,599,599
T005167,P-B004,1,599,599
T005167,P-B010,1,220,220
T005168,P-B004,1,599,599
T005168,P-B005,1,320,320
T005168,P-B009,1,240,240
T005168,P-B006,1,280,280
T005169,P-B008,-1,395,-395
T005170,P-F009,1,126,126
T005170,P-P029,1,320,320
T005170,P-L001,1,260,260
T005170,P-F013,1,160,160
T005170,P-F010,1,79,79
T005170,P-F013,1,160,160
T005170,P-P025,1,480,480
T005170,P-F017,1,220,220
T005171,P-F001,1,65,65
T005171,P-F003,1,35,35
T005172,P-F001,1,65,65
T005172,P-F003,1,35,35
T005172,P-F014,1,95,95
T005173,P-P016,1,280,280
T005173,P-P007,1,290,290
T005173,P-P028,1,200,200
T005174,P-F004,1,58,58
T005174,P-H004,1,605,605
T005174,P-F009,1,126,126
T005175,P-H012,1,480,480
T005175,P-F018,1,180,180
T005175,P-L019,1,110,110
T005175,P-F014,1,95,95
T005175,P-H007,1,520,520
T005176,P-H012,1,480,480
T005176,P-L005,1,180,180
T005176,P-L020,1,190,190
T005176,P-F014,1,95,95
T005177,P-H004,1,605,605
T005177,P-F008,1,252,252
T005177,P-F011,1,399,399
T005177,P-L020,1,190,190
T005177,P-L018,3,130,390
T005177,P-P023,1,260,260
T005178,P-F010,-1,79,-79
T005179,P-F003,2,35,70
T005179,P-F003,1,35,35
T005179,P-F001,1,65,65
T005180,P-F001,1,65,65
T005180,P-L019,1,110,110
T005181,P-P014,1,320,320
T005181,P-F013,1,160,160
T005181,P-P030,1,300,300
T005181,P-F014,3,95,285
T005182,P-F008,1,252,252
T005182,P-H005,1,410,410
T005182,P-H002,1,454,454
T005182,P-F005,1,158,158
T005183,P-L019,1,110,110
T005184,P-L005,1,180,180
T005184,P-L019,2,110,220
T005185,P-F014,1,95,95
T005185,P-F001,3,65,195
T005186,P-L019,4,110,440
T005187,P-L014,1,180,180
T005187,P-L019,1,110,110
T005188,P-H025,1,480,480
T005188,P-P013,3,150,450
T005189,P-H025,1,480,480
T005189,P-L018,2,130,260
T005189,P-F001,2,65,130
T005189,P-F014,1,95,95
T005190,P-F003,1,35,35
T005190,P-L019,1,110,110
T005191,P-P002,1,380,380
T005191,P-P001,1,260,260
T005191,P-L019,1,110,110
T005191,P-F001,1,65,65
T005192,P-F011,1,399,399
T005192,P-F011,1,399,399
T005192,P-H003,1,961,961
T005192,P-H006,1,1166,1166
T005193,P-F003,3,35,105
T005194,P-F003,3,35,105
T005195,P-F014,1,95,95
T005195,P-F001,1,65,65
T005196,P-F001,1,65,65
T005196,P-F014,1,95,95
T005197,P-F003,3,35,105
T005198,P-F013,3,160,480
T005198,P-F002,3,180,540
T005198,P-L019,3,110,330
T005199,P-L013,1,380,380
T005199,P-F015,1,260,260
T005199,P-P006,1,250,250
T005200,P-L019,1,110,110
T005201,P-B004,1,599,599
T005201,P-B007,1,260,260
T005201,P-B008,1,395,395
T005201,P-B009,1,240,240
T005202,P-B004,1,599,599
T005202,P-B004,1,599,599
T005202,P-B009,1,240,240
T005203,P-B001,1,780,780
T005203,P-B005,1,320,320
T005203,P-B007,1,260,260
T005204,P-F014,1,95,95
T005205,P-F003,1,35,35
T005205,P-F001,3,65,195
T005206,P-H016,1,390,390
T005207,P-L015,1,549,549
T005207,P-F002,1,180,180
T005207,P-L003,2,150,300
T005207,P-F001,3,65,195
T005208,P-H005,1,410,410
T005208,P-G004,1,320,320
T005208,P-F001,3,65,195
T005208,P-G004,2,320,640
T005208,P-L001,1,260,260
T005208,P-F020,1,190,190
T005209,P-F007,-1,94,-94
T005210,P-P015,1,220,220
T005210,P-P017,1,260,260
T005210,P-P004,1,420,420
T005210,P-P028,1,200,200
T005210,P-P012,1,180,180
T005211,P-P007,1,290,290
T005211,P-H010,1,520,520
T005211,P-P019,2,120,240
T005212,P-L007,1,320,320
T005212,P-P013,2,150,300
T005212,P-F001,2,65,130
T005213,P-H013,1,850,850
T005213,P-P030,1,300,300
T005213,P-P013,1,150,150
T005214,P-G002,2,480,960
T005214,P-G005,1,420,420
T005215,P-G002,2,480,960
T005216,P-G002,2,480,960
T005216,P-G003,1,380,380
T005217,P-F003,1,35,35
T005217,P-L019,1,110,110
T005218,P-H012,1,480,480
T005218,P-H007,1,520,520
T005219,P-H012,1,480,480
T005220,P-P002,1,380,380
T005220,P-F001,3,65,195
T005220,P-F002,1,180,180
T005221,P-F003,2,35,70
T005221,P-F003,3,35,105
T005222,P-F003,2,35,70
T005223,P-F003,1,35,35
T005223,P-F001,1,65,65
T005224,P-F003,2,35,70
T005225,P-L019,1,110,110
T005226,P-B004,1,599,599
T005226,P-B005,1,320,320
T005226,P-B009,1,240,240
T005227,P-B004,1,599,599
T005227,P-B009,2,240,480
T005227,P-B010,2,220,440
T005228,P-H012,1,480,480
T005228,P-F013,3,160,480
T005228,P-H007,1,520,520
T005229,P-H003,1,961,961
T005229,P-F004,1,58,58
T005229,P-F007,1,94,94
T005229,P-H013,1,850,850
T005229,P-P017,1,260,260
T005229,P-P016,1,280,280
T005230,P-L019,1,110,110
T005231,P-F003,1,35,35
T005231,P-L019,1,110,110
T005232,P-H010,1,520,520
T005232,P-H015,1,450,450
T005232,P-P006,1,250,250
T005232,P-P019,1,120,120
T005233,P-F003,1,35,35
T005233,P-L019,1,110,110
T005234,P-L005,3,180,540
T005235,P-F003,2,35,70
T005235,P-F001,1,65,65
T005235,P-P011,1,320,320
T005235,P-F012,1,130,130
T005235,P-F003,2,35,70
T005236,P-L014,3,180,540
T005236,P-L023,1,540,540
T005236,P-L002,1,220,220
T005236,P-F001,3,65,195
T005236,P-L018,1,130,130
T005236,P-F020,1,190,190
T005237,P-L013,1,380,380
T005237,P-P019,3,120,360
T005237,P-P013,1,150,150
T005238,P-L019,4,110,440
T005238,P-F003,1,35,35
T005239,P-G002,2,480,960
T005240,P-F014,1,95,95
T005240,P-F001,1,65,65
T005241,P-F003,3,35,105
T005242,P-L019,1,110,110
T005243,P-F005,1,158,158
T005243,P-H006,1,1166,1166
T005243,P-H022,1,690,690
T005243,P-P012,2,180,360
T005243,P-F001,3,65,195
T005244,P-B002,1,760,760
T005244,P-B006,1,280,280
T005244,P-B009,1,240,240
T005245,P-P017,1,260,260
T005245,P-P011,1,320,320
T005245,P-G003,1,380,380
T005245,P-P015,1,220,220
T005245,P-P019,1,120,120
T005246,P-H021,1,580,580
T005246,P-P028,1,200,200
T005246,P-P021,1,240,240
T005246,P-P012,2,180,360
T005246,P-L018,1,130,130
T005247,P-G002,1,480,480
T005247,P-G004,1,320,320
T005248,P-H002,1,454,454
T005248,P-H003,1,961,961
T005248,P-F005,1,158,158
T005248,P-F007,1,94,94
T005249,P-H016,1,390,390
T005250,P-F013,1,160,160
T005250,P-F001,2,65,130
T005251,P-H005,1,410,410
T005251,P-H022,1,690,690
T005251,P-F013,3,160,480
T005251,P-L014,3,180,540
T005251,P-F010,1,79,79
T005251,P-H005,1,410,410
T005251,P-P019,3,120,360
T005251,P-F014,1,95,95
T005252,P-G002,2,480,960
T005253,P-L018,1,130,130
T005253,P-L013,1,380,380
T005253,P-F019,2,140,280
T005253,P-F003,2,35,70
T005253,P-P019,3,120,360
T005254,P-G002,2,480,960
T005254,P-G004,1,320,320
T005255,P-P012,1,180,180
T005255,P-L019,2,110,220
T005256,P-F001,1,65,65
T005256,P-F014,1,95,95
T005257,P-L019,1,110,110
T005258,P-P023,1,260,260
T005258,P-F014,1,95,95
T005258,P-F003,2,35,70
T005259,P-G002,2,480,960
T005260,P-L019,1,110,110
T005260,P-L001,1,260,260
T005260,P-L018,1,130,130
T005260,P-L015,1,549,549
T005260,P-G008,1,780,780
T005260,P-P008,1,460,460
T005261,P-L013,1,380,380
T005261,P-F001,2,65,130
T005261,P-F002,2,180,360
T005261,P-L003,1,150,150
T005261,P-L019,1,110,110
T005261,P-F001,1,65,65
T005262,P-F001,1,65,65
T005262,P-L019,1,110,110
T005263,P-F014,1,95,95
T005263,P-F001,1,65,65
T005264,P-F014,1,95,95
T005264,P-F001,1,65,65
T005265,P-P013,2,150,300
T005265,P-P017,1,260,260
T005265,P-P006,1,250,250
T005265,P-P030,1,300,300
T005265,P-P012,1,180,180
T005266,P-H012,1,480,480
T005267,P-P009,1,890,890
T005267,P-P002,1,380,380
T005267,P-L004,1,160,160
T005268,P-G002,2,480,960
T005268,P-G003,1,380,380
T005269,P-G006,1,560,560
T005269,P-L018,1,130,130
T005269,P-P030,1,300,300
T005269,P-F020,1,190,190
T005269,P-P028,1,200,200
T005269,P-F001,1,65,65
T005270,P-G005,1,420,420
T005270,P-L004,1,160,160
T005270,P-F001,1,65,65
T005271,P-G002,2,480,960
T005272,P-P017,1,260,260
T005272,P-H025,1,480,480
T005272,P-P013,1,150,150
T005272,P-P019,1,120,120
T005273,P-P004,1,420,420
T005273,P-F014,2,95,190
T005273,P-F003,3,35,105
T005273,P-H017,1,640,640
T005273,P-H016,1,390,390
T005273,P-L020,1,190,190
T005274,P-F004,1,58,58
T005274,P-H005,1,410,410
T005274,P-P011,1,320,320
T005274,P-P001,1,260,260
T005274,P-P017,1,260,260
T005275,P-F017,1,220,220
T005275,P-F001,3,65,195
T005276,P-H010,1,520,520
T005276,P-P020,1,350,350
T005276,P-P019,1,120,120
T005277,P-P024,1,540,540
T005277,P-L008,1,450,450
T005277,P-P013,2,150,300
T005277,P-F003,1,35,35
T005278,P-G002,1,480,480
T005278,P-G004,1,320,320
T005279,P-F001,1,65,65
T005279,P-F014,1,95,95
T005280,P-H012,1,480,480
T005280,P-L019,3,110,330
T005280,P-F001,1,65,65
T005280,P-H007,1,520,520
T005281,P-L005,1,180,180
T005281,P-P001,1,260,260
T005281,P-G009,1,460,460
T005281,P-L003,1,150,150
T005281,P-G010,1,1080,1080
T005281,P-H010,1,520,520
T005282,P-F014,1,95,95
T005282,P-F003,1,35,35
T005283,P-F001,2,65,130
T005284,P-F003,3,35,105
T005285,P-H002,1,454,454
T005285,P-F011,1,399,399
T005285,P-F008,1,252,252
T005285,P-P010,1,657,657
T005285,P-H009,1,780,780
T005285,P-F013,2,160,320
T005286,P-B004,1,599,599
T005286,P-B004,1,599,599
T005286,P-B009,1,240,240
T005286,P-B010,1,220,220
T005287,P-B002,1,760,760
T005287,P-B007,1,260,260
T005287,P-B010,1,220,220
T005288,P-B002,1,760,760
T005288,P-B010,1,220,220
T005288,P-B005,1,320,320
T005289,P-P006,1,250,250
T005289,P-H015,1,450,450
T005289,P-P028,1,200,200
T005289,P-P013,1,150,150
T005290,P-L003,-1,150,-150
T005291,P-P013,1,150,150
T005292,P-H016,1,390,390
T005293,P-P013,1,150,150
T005293,P-P019,1,120,120
T005294,P-F012,-1,130,-130
T005295,P-H012,1,480,480
T005295,P-F012,3,130,390
T005295,P-L019,2,110,220
T005295,P-H007,1,520,520
T005296,P-L010,1,240,240
T005296,P-L019,1,110,110
T005297,P-P006,1,250,250
T005297,P-G004,1,320,320
T005297,P-P012,1,180,180
T005297,P-P019,1,120,120
T005298,P-P016,1,280,280
T005298,P-L002,1,220,220
T005298,P-L019,3,110,330
T005298,P-F001,3,65,195
T005299,P-G002,1,480,480
T005300,P-F003,4,35,140
T005300,P-L019,1,110,110
T005300,P-H003,1,961,961
T005300,P-F007,1,94,94
T005300,P-F009,1,126,126
T005301,P-F009,1,126,126
T005301,P-F003,1,35,35
T005301,P-P011,1,320,320
T005301,P-L013,1,380,380
T005302,P-F014,2,95,190
T005303,P-F003,1,35,35
T005304,P-F003,2,35,70
T005304,P-L019,1,110,110
T005305,P-L018,1,130,130
T005305,P-L019,1,110,110
T005306,P-B004,1,599,599
T005306,P-B006,1,280,280
T005306,P-B005,2,320,640
T005307,P-B004,1,599,599
T005307,P-B010,2,220,440
T005307,P-B005,1,320,320
T005308,P-P015,1,220,220
T005308,P-P022,1,380,380
T005308,P-P011,1,320,320
T005308,P-P012,1,180,180
T005309,P-F019,1,140,140
T005309,P-F003,3,35,105
T005310,P-F003,2,35,70
T005310,P-F001,3,65,195
T005311,P-F003,2,35,70
T005311,P-F014,2,95,190
T005312,P-H008,1,720,720
T005312,P-L020,1,190,190
T005312,P-F013,1,160,160
T005313,P-P011,-1,320,-320
T005314,P-L020,1,190,190
T005314,P-F019,1,140,140
T005314,P-L019,1,110,110
T005315,P-P022,1,380,380
T005315,P-G009,1,460,460
T005315,P-P013,1,150,150
T005315,P-P019,1,120,120
T005316,P-H017,1,640,640
T005316,P-P016,1,280,280
T005316,P-F019,2,140,280
T005316,P-F003,3,35,105
T005317,P-P021,1,240,240
T005317,P-P006,1,250,250
T005317,P-P029,1,320,320
T005317,P-F019,1,140,140
T005318,P-G002,1,480,480
T005318,P-G004,1,320,320
T005319,P-F005,1,158,158
T005319,P-F013,2,160,320
T005319,P-F018,3,180,540
T005319,P-L011,1,520,520
T005319,P-L005,1,180,180
T005319,P-F012,1,130,130
T005320,P-F003,2,35,70
T005320,P-L019,1,110,110
T005321,P-F003,3,35,105
T005322,P-F003,3,35,105
T005323,P-P021,1,240,240
T005323,P-P012,2,180,360
T005323,P-P028,1,200,200
T005323,P-P019,1,120,120
T005324,P-F010,1,79,79
T005324,P-H024,1,750,750
T005324,P-P003,1,780,780
T005324,P-P016,1,280,280
T005325,P-F011,1,399,399
T005325,P-H001,1,734,734
T005325,P-P018,1,580,580
T005325,P-L010,1,240,240
T005325,P-P028,1,200,200
T005326,P-B004,1,599,599
T005326,P-B009,3,240,720
T005326,P-B006,1,280,280
T005327,P-P030,1,300,300
T005327,P-P004,1,420,420
T005327,P-P007,1,290,290
T005327,P-P023,1,260,260
T005327,P-P019,1,120,120
T005328,P-P013,1,150,150
T005328,P-P019,1,120,120
T005329,P-P013,2,150,300
T005330,P-F014,2,95,190
T005330,P-F001,2,65,130
T005331,P-P011,1,320,320
T005331,P-P028,1,200,200
T005331,P-P006,1,250,250
T005331,P-P019,1,120,120
T005332,P-L003,1,150,150
T005332,P-P007,1,290,290
T005332,P-P028,1,200,200
T005332,P-H015,1,450,450
T005332,P-L012,1,460,460
T005332,P-P001,1,260,260
T005333,P-G003,1,380,380
T005333,P-P019,2,120,240
T005333,P-F003,3,35,105
T005333,P-L007,1,320,320
T005333,P-P029,1,320,320
T005333,P-P018,1,580,580
T005334,P-G002,1,480,480
T005334,P-G004,1,320,320
T005335,P-F007,1,94,94
T005335,P-H003,1,961,961
T005335,P-G009,1,460,460
T005335,P-P029,1,320,320
T005335,P-P021,1,240,240
T005336,P-G002,2,480,960
T005337,P-H012,1,480,480
T005338,P-H005,1,410,410
T005338,P-F006,1,336,336
T005338,P-H006,1,1166,1166
T005338,P-F009,1,126,126
T005339,P-F007,1,94,94
T005339,P-H015,1,450,450
T005339,P-P024,1,540,540
T005339,P-P006,1,250,250
T005339,P-H005,1,410,410
T005339,P-P012,2,180,360
T005339,P-L007,1,320,320
T005339,P-P024,1,540,540
T005340,P-F005,1,158,158
T005340,P-F007,1,94,94
T005340,P-H002,1,454,454
T005340,P-P001,1,260,260
T005340,P-L020,1,190,190
T005340,P-L009,1,280,280
T005341,P-F003,2,35,70
T005341,P-F001,1,65,65
T005342,P-F001,2,65,130
T005342,P-F003,1,35,35
T005343,P-F003,1,35,35
T005344,P-L019,1,110,110
T005345,P-P013,3,150,450
T005345,P-L009,1,280,280
T005345,P-F003,3,35,105
T005345,P-F001,2,65,130
T005346,P-B004,1,599,599
T005346,P-B009,2,240,480
T005346,P-B007,1,260,260
T005347,P-B004,1,599,599
T005347,P-B007,1,260,260
T005348,P-L001,1,260,260
T005348,P-F019,3,140,420
T005349,P-L004,1,160,160
T005349,P-L019,2,110,220
T005350,P-L019,-1,110,-110
T005351,P-H005,1,410,410
T005351,P-F004,1,58,58
T005351,P-G001,1,880,880
T005351,P-F012,1,130,130
T005351,P-L010,1,240,240
T005352,P-P002,1,380,380
T005352,P-H017,1,640,640
T005352,P-P023,1,260,260
T005352,P-P019,1,120,120
T005353,P-L004,2,160,320
T005353,P-F014,1,95,95
T005353,P-L019,1,110,110
T005354,P-F018,1,180,180
T005354,P-F014,1,95,95
T005354,P-L019,1,110,110
T005355,P-P028,1,200,200
T005355,P-G002,1,480,480
T005355,P-G005,1,420,420
T005356,P-G002,1,480,480
T005357,P-P020,1,350,350
T005357,P-F014,3,95,285
T005357,P-L019,1,110,110
T005358,P-F015,1,260,260
T005358,P-P012,1,180,180
T005358,P-L019,1,110,110
T005359,P-H005,1,410,410
T005359,P-H023,1,620,620
T005359,P-L001,1,260,260
T005359,P-H016,1,390,390
T005359,P-H003,1,961,961
T005359,P-P007,1,290,290
T005359,P-G008,1,780,780
T005359,P-P016,1,280,280
T005360,P-F001,1,65,65
T005360,P-L019,1,110,110
T005361,P-L004,2,160,320
T005361,P-F001,3,65,195
T005361,P-P023,1,260,260
T005362,P-P012,2,180,360
T005362,P-P018,1,580,580
T005362,P-P017,1,260,260
T005362,P-P019,1,120,120
T005363,P-F012,3,130,390
T005363,P-L013,1,380,380
T005363,P-F017,1,220,220
T005363,P-L003,3,150,450
T005364,P-L001,1,260,260
T005364,P-L018,3,130,390
T005365,P-P013,1,150,150
T005366,P-G002,1,480,480
T005367,P-L002,1,220,220
T005367,P-F001,3,65,195
T005367,P-F003,1,35,35
T005367,P-F011,1,399,399
T005367,P-F002,3,180,540
T005367,P-P011,1,320,320
T005367,P-P021,1,240,240
T005368,P-F013,1,160,160
T005368,P-L019,1,110,110
T005368,P-F003,1,35,35
T005368,P-F014,1,95,95
T005369,P-P001,1,260,260
T005369,P-L006,1,680,680
T005369,P-P015,1,220,220
T005370,P-L003,1,150,150
T005370,P-F014,1,95,95
T005370,P-F001,2,65,130
T005371,P-G002,2,480,960
T005372,P-L005,2,180,360
T005372,P-L018,3,130,390
T005373,P-L019,1,110,110
T005374,P-F003,2,35,70
T005375,P-B004,1,599,599
T005375,P-B010,2,220,440
T005375,P-B009,1,240,240
T005376,P-B001,1,780,780
T005376,P-B007,2,260,520
T005377,P-B004,1,599,599
T005377,P-B005,1,320,320
T005377,P-B007,1,260,260
T005377,P-B010,1,220,220
T005378,P-L018,1,130,130
T005378,P-L019,1,110,110
T005379,P-H016,1,390,390
T005380,P-P011,1,320,320
T005380,P-G006,1,560,560
T005380,P-P017,1,260,260
T005380,P-P019,1,120,120
T005381,P-H004,1,605,605
T005381,P-F009,1,126,126
T005381,P-L023,1,540,540
T005381,P-P020,1,350,350
T005381,P-F018,1,180,180
T005382,P-H012,1,480,480
T005382,P-L020,1,190,190
T005382,P-F019,1,140,140
T005382,P-F001,1,65,65
T005383,P-F004,1,58,58
T005383,P-F008,1,252,252
T005383,P-F010,1,79,79
T005383,P-L017,1,620,620
T005383,P-F003,2,35,70
T005383,P-L003,1,150,150
T005384,P-F018,1,180,180
T005384,P-F001,2,65,130
T005385,P-L018,3,130,390
T005385,P-L019,1,110,110
T005386,P-F019,1,140,140
T005386,P-F001,2,65,130
T005386,P-F014,1,95,95
T005387,P-F014,1,95,95
T005388,P-H012,1,480,480
T005388,P-F015,1,260,260
T005388,P-L019,1,110,110
T005388,P-F003,1,35,35
T005388,P-H007,1,520,520
T005389,P-P019,1,120,120
T005389,P-L004,3,160,480
T005389,P-L019,1,110,110
T005390,P-F009,1,126,126
T005390,P-F007,1,94,94
T005390,P-P015,1,220,220
T005390,P-P001,1,260,260
T005390,P-P019,2,120,240
T005391,P-F003,1,35,35
T005392,P-F003,1,35,35
T005393,P-H010,1,520,520
T005393,P-P016,1,280,280
T005393,P-F020,1,190,190
T005394,P-P021,1,240,240
T005394,P-F019,3,140,420
T005395,P-H012,1,480,480
T005395,P-L005,1,180,180
T005395,P-F003,3,35,105
T005395,P-F014,1,95,95
T005396,P-P010,1,657,657
T005396,P-P023,1,260,260
T005396,P-P028,1,200,200
T005396,P-P019,1,120,120
T005397,P-P024,1,540,540
T005397,P-P017,1,260,260
T005397,P-P012,1,180,180
T005397,P-P019,1,120,120
T005398,P-H001,1,734,734
T005398,P-H001,1,734,734
T005398,P-F005,1,158,158
T005398,P-P014,1,320,320
T005398,P-L012,1,460,460
T005398,P-H016,1,390,390
T005399,P-P006,1,250,250
T005399,P-F014,1,95,95
T005399,P-F001,1,65,65
T005400,P-G002,1,480,480
T005400,P-G004,1,320,320
T005401,P-P013,1,150,150
T005401,P-F018,3,180,540
T005401,P-P012,2,180,360
T005402,P-F001,1,65,65
T005402,P-F003,1,35,35
T005403,P-L019,1,110,110
T005403,P-F001,1,65,65
T005404,P-B004,1,599,599
T005404,P-B005,1,320,320
T005404,P-B009,1,240,240
T005404,P-B006,1,280,280
T005405,P-P002,1,380,380
T005405,P-G003,1,380,380
T005405,P-F017,1,220,220
T005405,P-F003,2,35,70
T005405,P-P017,1,260,260
T005405,P-L019,1,110,110
T005406,P-H024,1,750,750
T005406,P-P022,1,380,380
T005406,P-L005,3,180,540
T005407,P-F014,1,95,95
T005407,P-F001,3,65,195
T005408,P-L018,1,130,130
T005408,P-L019,2,110,220
T005409,P-L019,4,110,440
T005410,P-G002,2,480,960
T005410,P-G004,1,320,320
T005411,P-L014,1,180,180
T005411,P-F003,2,35,70
T005411,P-L019,1,110,110
T005412,P-L001,1,260,260
T005412,P-G004,1,320,320
T005412,P-L014,3,180,540
T005413,P-F001,1,65,65
T005413,P-L019,1,110,110
T005414,P-L011,1,520,520
T005414,P-L020,1,190,190
T005414,P-F002,1,180,180
T005414,P-L005,1,180,180
T005414,P-F001,3,65,195
T005415,P-P011,1,320,320
T005415,P-L018,3,130,390
T005416,P-F003,3,35,105
T005416,P-F001,1,65,65
T005417,P-F003,1,35,35
T005417,P-F001,1,65,65
T005418,P-P001,1,260,260
T005418,P-F015,1,260,260
T005418,P-F001,3,65,195
T005419,P-P005,1,340,340
T005419,P-H016,1,390,390
T005419,P-P021,1,240,240
T005420,P-P013,3,150,450
T005420,P-F003,1,35,35
T005420,P-P015,1,220,220
T005421,P-F001,1,65,65
T005421,P-L019,1,110,110
T005422,P-L019,1,110,110
T005423,P-F014,1,95,95
T005424,P-F003,1,35,35
T005424,P-F003,3,35,105
T005425,P-F003,2,35,70
T005425,P-F003,3,35,105
T005426,P-F019,1,140,140
T005426,P-L019,1,110,110
T005427,P-H012,1,480,480
T005427,P-F002,2,180,360
T005427,P-F001,1,65,65
T005427,P-L019,1,110,110
T005428,P-L004,1,160,160
T005428,P-L019,1,110,110
T005429,P-H017,1,640,640
T005429,P-H025,1,480,480
T005429,P-P019,3,120,360
T005430,P-G002,2,480,960
T005431,P-G002,1,480,480
T005432,P-H001,1,734,734
T005432,P-G002,1,480,480
T005432,P-F003,1,35,35
T005432,P-F019,1,140,140
T005433,P-L007,-1,320,-320
T005434,P-H012,1,480,480
T005434,P-F012,2,130,260
T005434,P-F014,1,95,95
T005435,P-H015,1,450,450
T005435,P-P020,1,350,350
T005435,P-F015,1,260,260
T005435,P-F013,1,160,160
T005435,P-F001,1,65,65
T005436,P-H025,1,480,480
T005436,P-G005,1,420,420
T005436,P-F002,1,180,180
T005436,P-L018,3,130,390
T005436,P-F015,1,260,260
T005436,P-P005,1,340,340
T005437,P-G002,1,480,480
T005437,P-L009,1,280,280
T005437,P-L014,3,180,540
T005437,P-L023,1,540,540
T005437,P-L007,1,320,320
T005437,P-F013,3,160,480
T005438,P-L014,2,180,360
T005438,P-L005,1,180,180
T005438,P-P013,1,150,150
T005438,P-F001,3,65,195
T005439,P-F001,2,65,130
T005440,P-F003,1,35,35
T005440,P-L019,1,110,110
T005441,P-F003,3,35,105
T005442,P-B004,1,599,599
T005442,P-B006,2,280,560
T005443,P-P013,1,150,150
T005444,P-F003,4,35,140
T005444,P-F001,2,65,130
T005445,P-F014,1,95,95
T005445,P-F003,1,35,35
T005446,P-F003,1,35,35
T005446,P-F014,1,95,95
T005447,P-G007,1,620,620
T005447,P-P017,1,260,260
T005447,P-L019,1,110,110
T005448,P-P022,1,380,380
T005448,P-P007,1,290,290
T005448,P-G004,1,320,320
T005449,P-F001,1,65,65
T005449,P-F014,1,95,95
T005450,P-P019,1,120,120
T005450,P-L003,1,150,150
T005450,P-L019,1,110,110
T005451,P-G002,2,480,960
T005451,P-G004,1,320,320
T005452,P-G005,1,420,420
T005452,P-P022,1,380,380
T005452,P-L019,2,110,220
T005452,P-P021,1,240,240
T005452,P-F018,1,180,180
T005452,P-L010,1,240,240
T005453,P-F001,2,65,130
T005454,P-F003,1,35,35
T005454,P-F001,1,65,65
T005455,P-P019,1,120,120
T005455,P-G002,1,480,480
T005455,P-P028,1,200,200
T005456,P-F007,1,94,94
T005456,P-H003,1,961,961
T005456,P-F005,1,158,158
T005456,P-P001,1,260,260
T005456,P-L009,1,280,280
T005456,P-L014,3,180,540
T005457,P-F006,1,336,336
T005457,P-F011,1,399,399
T005457,P-P016,1,280,280
T005457,P-L023,1,540,540
T005457,P-P011,1,320,320
T005458,P-L019,1,110,110
T005459,P-L011,1,520,520
T005459,P-L015,1,549,549
T005459,P-F017,1,220,220
T005459,P-P012,2,180,360
T005459,P-P001,1,260,260
T005459,P-G004,1,320,320
T005460,P-F019,2,140,280
T005460,P-L003,3,150,450
T005460,P-H015,1,450,450
T005460,P-L002,1,220,220
T005460,P-P028,1,200,200
T005461,P-L019,1,110,110
T005461,P-F001,1,65,65
T005462,P-B009,1,240,240
T005462,P-B008,1,395,395
T005462,P-B010,1,220,220
T005463,P-B004,1,599,599
T005463,P-B010,1,220,220
T005463,P-B007,1,260,260
T005463,P-B006,1,280,280
T005464,P-F008,1,252,252
T005464,P-F010,1,79,79
T005464,P-F011,1,399,399
T005464,P-H006,1,1166,1166
T005464,P-F004,1,58,58
T005464,P-H004,1,605,605
T005465,P-H003,1,961,961
T005465,P-F001,1,65,65
T005465,P-F014,1,95,95
T005465,P-F009,1,126,126
T005465,P-F014,1,95,95
T005465,P-L013,1,380,380
T005465,P-F020,1,190,190
T005466,P-F014,1,95,95
T005466,P-F001,1,65,65
T005467,P-G005,1,420,420
T005467,P-P016,1,280,280
T005467,P-L020,1,190,190
T005467,P-P017,1,260,260
T005467,P-F001,3,65,195
T005468,P-P015,1,220,220
T005468,P-F014,1,95,95
T005468,P-F001,1,65,65
T005468,P-F003,1,35,35
T005469,P-P022,1,380,380
T005469,P-P005,1,340,340
T005469,P-L010,1,240,240
T005469,P-L002,1,220,220
T005469,P-F014,1,95,95
T005470,P-L015,1,549,549
T005470,P-L010,1,240,240
T005470,P-L019,1,110,110
T005471,P-L017,1,620,620
T005471,P-L010,1,240,240
T005471,P-F001,3,65,195
T005472,P-F014,1,95,95
T005472,P-F003,2,35,70
T005473,P-L001,1,260,260
T005473,P-P024,1,540,540
T005473,P-P016,1,280,280
T005473,P-P015,1,220,220
T005473,P-F003,3,35,105
T005474,P-P013,3,150,450
T005474,P-P019,3,120,360
T005474,P-F014,1,95,95
T005474,P-L019,1,110,110
T005475,P-F018,2,180,360
T005475,P-F014,1,95,95
T005475,P-L019,1,110,110
T005476,P-L013,1,380,380
T005476,P-L018,1,130,130
T005476,P-F019,3,140,420
T005477,P-L020,1,190,190
T005477,P-L010,1,240,240
T005477,P-F014,1,95,95
T005478,P-F003,2,35,70
T005479,P-F014,1,95,95
T005479,P-F001,1,65,65
T005480,P-F003,2,35,70
T005480,P-F014,1,95,95
T005481,P-L019,1,110,110
T005482,P-H012,1,480,480
T005482,P-L001,1,260,260
T005482,P-L020,1,190,190
T005482,P-F003,3,35,105
T005482,P-H007,1,520,520
T005483,P-B010,3,220,660
T005483,P-B006,1,280,280
T005483,P-B005,1,320,320
T005484,P-F003,4,35,140
T005484,P-F014,1,95,95
T005485,P-H012,1,480,480
T005485,P-L003,2,150,300
T005485,P-F003,3,35,105
T005486,P-L009,1,280,280
T005486,P-L018,1,130,130
T005486,P-F014,1,95,95
T005487,P-F013,1,160,160
T005487,P-F003,1,35,35
T005487,P-F001,1,65,65
T005487,P-L019,1,110,110
T005488,P-F006,1,336,336
T005488,P-G005,1,420,420
T005488,P-P030,1,300,300
T005488,P-P001,1,260,260
T005489,P-P008,1,460,460
T005489,P-L001,1,260,260
T005489,P-P011,1,320,320
T005489,P-F012,1,130,130
T005489,P-F014,1,95,95
T005490,P-F001,4,65,260
T005491,P-L014,1,180,180
T005491,P-F001,1,65,65
T005491,P-F014,1,95,95
T005492,P-L013,1,380,380
T005492,P-P019,3,120,360
T005492,P-F014,1,95,95
T005493,P-P019,-1,120,-120
T005494,P-F003,1,35,35
T005495,P-B004,1,599,599
T005495,P-B008,1,395,395
T005495,P-B010,1,220,220
T005495,P-B005,1,320,320
T005496,P-B004,1,599,599
T005496,P-B010,1,220,220
T005496,P-B006,1,280,280
T005496,P-B008,1,395,395
T005497,P-P029,1,320,320
T005497,P-P005,1,340,340
T005497,P-F019,1,140,140
T005498,P-P019,1,120,120
T005499,P-L018,1,130,130
T005499,P-L019,1,110,110
T005500,P-L019,4,110,440
T005501,P-P013,1,150,150
T005501,P-P019,1,120,120
T005502,P-F012,1,130,130
T005502,P-F014,2,95,190
T005503,P-F006,1,336,336
T005503,P-F006,1,336,336
T005503,P-H001,1,734,734
T005503,P-L005,3,180,540
T005503,P-F012,1,130,130
T005503,P-F014,1,95,95
T005504,P-L019,1,110,110
T005505,P-F001,1,65,65
T005505,P-F003,1,35,35
T005505,P-F014,1,95,95
T005506,P-F003,2,35,70
T005507,P-P012,2,180,360
T005507,P-F019,3,140,420
T005507,P-L019,3,110,330
T005508,P-L009,1,280,280
T005508,P-L003,2,150,300
T005508,P-F014,1,95,95
T005509,P-F003,3,35,105
T005509,P-F018,1,180,180
T005509,P-F001,1,65,65
T005510,P-F014,2,95,190
T005511,P-F001,1,65,65
T005511,P-F003,1,35,35
T005512,P-L019,1,110,110
T005513,P-F009,1,126,126
T005513,P-F009,1,126,126
T005513,P-F011,1,399,399
T005513,P-P004,1,420,420
T005513,P-L001,2,260,520
T005513,P-F013,1,160,160
T005514,P-H001,1,734,734
T005514,P-F006,1,336,336
T005514,P-P016,1,280,280
T005514,P-P012,1,180,180
T005514,P-G007,1,620,620
T005515,P-B005,1,320,320
T005515,P-B006,1,280,280
T005515,P-B009,1,240,240
T005516,P-B005,1,320,320
T005516,P-B004,1,599,599
T005516,P-B009,1,240,240
T005517,P-L017,1,620,620
T005517,P-G002,1,480,480
T005517,P-F017,1,220,220
T005518,P-H016,1,390,390
T005519,P-L009,1,280,280
T005519,P-L018,1,130,130
T005519,P-F014,1,95,95
T005520,P-F010,1,79,79
T005520,P-F004,1,58,58
T005520,P-H001,1,734,734
T005520,P-P011,1,320,320
T005520,P-G003,1,380,380
T005520,P-L014,2,180,360
T005521,P-F014,2,95,190
T005522,P-F003,2,35,70
T005522,P-L019,1,110,110
T005523,P-F001,1,65,65
T005523,P-F003,2,35,70
T005524,P-P021,1,240,240
T005524,P-P019,3,120,360
T005524,P-L018,3,130,390
T005525,P-F007,1,94,94
T005525,P-P007,1,290,290
T005525,P-F013,2,160,320
T005525,P-F003,1,35,35
T005525,P-F004,1,58,58
T005525,P-F020,1,190,190
T005525,P-L011,1,520,520
T005525,P-P014,1,320,320
T005526,P-F003,2,35,70
T005526,P-F014,1,95,95
T005527,P-F003,1,35,35
T005528,P-F014,1,95,95
T005528,P-F001,1,65,65
T005529,P-B004,1,599,599
T005529,P-B007,1,260,260
T005529,P-B009,1,240,240
T005529,P-B010,1,220,220
T005530,P-B004,1,599,599
T005530,P-B010,1,220,220
T005530,P-B007,2,260,520
T005531,P-B004,1,599,599
T005531,P-B006,2,280,560
T005531,P-B009,1,240,240
T005531,P-B007,1,260,260
T005532,P-B008,1,395,395
T005532,P-B010,1,220,220
T005532,P-B007,1,260,260
T005533,P-P012,-1,180,-180
T005534,P-H012,1,480,480
T005534,P-L010,1,240,240
T005534,P-F003,1,35,35
T005534,P-F014,1,95,95
T005534,P-H007,1,520,520
T005535,P-H012,1,480,480
T005535,P-L014,1,180,180
T005535,P-F001,1,65,65
T005535,P-F014,1,95,95
T005536,P-F003,2,35,70
T005536,P-F014,2,95,190
T005537,P-L008,1,450,450
T005537,P-G006,1,560,560
T005537,P-P021,1,240,240
T005537,P-F003,3,35,105
T005538,P-L003,2,150,300
T005538,P-P022,1,380,380
T005538,P-L001,1,260,260
T005539,P-F013,1,160,160
T005539,P-F001,2,65,130
T005539,P-F003,1,35,35
T005540,P-L019,1,110,110
T005541,P-G002,1,480,480
T005542,P-H012,1,480,480
T005542,P-L002,1,220,220
T005542,P-L019,1,110,110
T005542,P-H007,1,520,520
T005543,P-F001,1,65,65
T005543,P-L019,1,110,110
T005544,P-F001,1,65,65
T005544,P-F014,1,95,95
T005545,P-P012,1,180,180
T005545,P-L018,1,130,130
T005545,P-F014,1,95,95
T005546,P-F007,1,94,94
T005546,P-H002,1,454,454
T005546,P-F004,1,58,58
T005546,P-G008,1,780,780
T005546,P-F003,3,35,105
T005546,P-L020,1,190,190
T005547,P-F014,1,95,95
T005548,P-H001,1,734,734
T005548,P-F008,1,252,252
T005548,P-H021,1,580,580
T005548,P-F017,1,220,220
T005548,P-P019,3,120,360
T005549,P-F003,2,35,70
T005550,P-P007,1,290,290
T005550,P-L014,1,180,180
T005550,P-F001,2,65,130
T005550,P-F014,1,95,95
T005551,P-B005,2,320,640
T005551,P-B009,1,240,240
T005552,P-B004,1,599,599
T005552,P-B005,1,320,320
T005552,P-B009,2,240,480
T005552,P-B007,1,260,260
T005553,P-P013,1,150,150
T005554,P-F001,1,65,65
T005554,P-L019,1,110,110
T005554,P-F014,2,95,190
T005555,P-F012,1,130,130
T005555,P-F001,2,65,130
T005555,P-L019,1,110,110
T005556,P-P017,1,260,260
T005556,P-P019,3,120,360
T005556,P-P012,1,180,180
T005556,P-F012,1,130,130
T005557,P-F014,2,95,190
T005557,P-L010,1,240,240
T005557,P-F001,1,65,65
T005557,P-L005,2,180,360
T005558,P-G002,2,480,960
T005558,P-G004,1,320,320
T005559,P-P028,1,200,200
T005559,P-F019,1,140,140
T005559,P-P001,1,260,260
T005559,P-F001,3,65,195
T005559,P-P007,1,290,290
T005559,P-P018,1,580,580
T005560,P-F003,3,35,105
T005561,P-L023,1,540,540
T005561,P-P005,1,340,340
T005561,P-F012,1,130,130
T005562,P-F003,2,35,70
T005563,P-F014,2,95,190
T005564,P-L019,1,110,110
T005564,P-F001,1,65,65
T005565,P-F014,1,95,95
T005565,P-F001,1,65,65
T005566,P-F001,1,65,65
T005566,P-L019,1,110,110
T005567,P-L011,1,520,520
T005567,P-P002,1,380,380
T005567,P-L020,1,190,190
T005567,P-F014,1,95,95
T005568,P-F001,1,65,65
T005568,P-F003,1,35,35
T005569,P-B009,2,240,480
T005569,P-B010,2,220,440
T005570,P-H016,1,390,390
T005571,P-F020,1,190,190
T005571,P-L004,2,160,320
T005571,P-L005,1,180,180
T005571,P-P021,1,240,240
T005571,P-F019,1,140,140
T005571,P-L019,1,110,110
T005572,P-F003,4,35,140
T005573,P-P012,1,180,180
T005573,P-F001,3,65,195
T005573,P-F014,1,95,95
T005574,P-F020,1,190,190
T005574,P-F001,1,65,65
T005574,P-F014,1,95,95
T005575,P-H001,1,734,734
T005575,P-F007,1,94,94
T005575,P-F017,2,220,440
T005575,P-H016,1,390,390
T005575,P-H023,1,620,620
T005576,P-F004,-1,58,-58
T005577,P-F014,1,95,95
T005577,P-F003,1,35,35
T005577,P-F001,1,65,65
T005578,P-H010,1,520,520
T005578,P-H016,1,390,390
T005578,P-F013,3,160,480
T005578,P-F003,2,35,70
T005579,P-F003,1,35,35
T005580,P-F003,3,35,105
T005581,P-L020,1,190,190
T005581,P-L019,1,110,110
T005582,P-H016,1,390,390
T005583,P-H016,1,390,390
T005584,P-F013,1,160,160
T005584,P-F003,1,35,35
T005584,P-F001,1,65,65
T005585,P-H006,1,1166,1166
T005585,P-F010,1,79,79
T005585,P-P017,1,260,260
T005585,P-P025,1,480,480
T005585,P-P005,1,340,340
T005586,P-H012,1,480,480
T005586,P-L003,3,150,450
T005586,P-H007,1,520,520
T005587,P-P006,1,250,250
T005587,P-F018,1,180,180
T005587,P-F014,3,95,285
T005588,P-F011,1,399,399
T005588,P-P011,1,320,320
T005588,P-F014,1,95,95
T005588,P-P006,1,250,250
T005589,P-F012,1,130,130
T005589,P-L003,1,150,150
T005589,P-F014,1,95,95
T005589,P-F003,1,35,35
T005590,P-F012,3,130,390
T005590,P-P016,1,280,280
T005590,P-F003,1,35,35
T005590,P-P019,1,120,120
T005591,P-F007,1,94,94
T005591,P-P024,1,540,540
T005591,P-H025,1,480,480
T005591,P-L005,1,180,180
T005591,P-F009,1,126,126
T005591,P-P015,1,220,220
T005591,P-F003,3,35,105
T005591,P-L019,1,110,110
T005592,P-L019,1,110,110
T005593,P-F003,3,35,105
T005593,P-F001,1,65,65
T005594,P-L020,1,190,190
T005594,P-L013,1,380,380
T005594,P-L003,1,150,150
T005595,P-F014,1,95,95
T005596,P-F003,1,35,35
T005596,P-L019,1,110,110
T005597,P-F002,1,180,180
T005597,P-F003,3,35,105
T005597,P-F001,1,65,65
T005597,P-L019,1,110,110
T005598,P-F001,2,65,130
T005599,P-B004,1,599,599
T005599,P-B006,1,280,280
T005599,P-B009,2,240,480
T005600,P-P006,1,250,250
T005600,P-G002,1,480,480
T005600,P-L014,3,180,540
T005600,P-F017,1,220,220
T005600,P-F003,2,35,70
T005601,P-F012,2,130,260
T005601,P-L010,1,240,240
T005601,P-L001,1,260,260
T005602,P-L010,1,240,240
T005602,P-P013,3,150,450
T005603,P-H012,1,480,480
T005603,P-L002,1,220,220
T005603,P-F012,1,130,130
T005603,P-F003,2,35,70
T005603,P-H007,1,520,520
T005604,P-F014,1,95,95
T005604,P-L019,3,110,330
T005605,P-H002,1,454,454
T005605,P-H002,1,454,454
T005605,P-H004,1,605,605
T005605,P-L010,1,240,240
T005605,P-P006,1,250,250
T005605,P-F013,3,160,480
T005606,P-H005,1,410,410
T005606,P-H001,1,734,734
T005606,P-F005,1,158,158
T005606,P-L005,1,180,180
T005606,P-F019,1,140,140
T005606,P-F014,1,95,95
T005607,P-L001,1,260,260
T005607,P-P017,1,260,260
T005607,P-P019,1,120,120
T005608,P-H003,1,961,961
T005608,P-G003,1,380,380
T005608,P-P001,1,260,260
T005608,P-L023,1,540,540
T005608,P-F010,1,79,79
T005608,P-G009,1,460,460
T005608,P-P001,1,260,260
T005608,P-P012,1,180,180
T005609,P-F014,1,95,95
T005610,P-F001,2,65,130
T005611,P-F003,1,35,35
T005611,P-F001,1,65,65
T005612,P-F003,3,35,105
T005613,P-F003,1,35,35
T005613,P-F014,1,95,95
T005614,P-L009,1,280,280
T005614,P-F017,1,220,220
T005614,P-L010,1,240,240
T005614,P-P001,1,260,260
T005614,P-F003,1,35,35
T005614,P-F001,1,65,65
T005615,P-H012,1,480,480
T005615,P-L004,3,160,480
T005616,P-H012,1,480,480
T005616,P-L005,1,180,180
T005616,P-F003,3,35,105
T005616,P-F014,1,95,95
T005616,P-H007,1,520,520
T005617,P-F001,2,65,130
T005618,P-L019,1,110,110
T005619,P-P019,3,120,360
T005619,P-L019,1,110,110
T005620,P-F013,1,160,160
T005620,P-F003,1,35,35
T005620,P-L018,1,130,130
T005620,P-L019,1,110,110
T005621,P-F003,1,35,35
T005621,P-P028,1,200,200
T005621,P-F001,3,65,195
T005622,P-F003,3,35,105
T005622,P-P013,1,150,150
T005622,P-F014,1,95,95
T005622,P-F001,1,65,65
T005623,P-P001,1,260,260
T005623,P-P015,1,220,220
T005623,P-L007,1,320,320
T005624,P-F019,3,140,420
T005624,P-L013,1,380,380
T005624,P-L010,1,240,240
T005624,P-L003,1,150,150
T005625,P-F003,2,35,70
T005626,P-L019,1,110,110
T005627,P-L007,1,320,320
T005627,P-F015,1,260,260
T005627,P-L011,1,520,520
T005627,P-P011,1,320,320
T005627,P-P019,1,120,120
T005628,P-B004,1,599,599
T005628,P-B007,1,260,260
T005628,P-B009,1,240,240
T005628,P-B006,1,280,280
T005629,P-B009,1,240,240
T005629,P-B004,1,599,599
T005629,P-B007,1,260,260
T005630,P-H017,1,640,640
T005630,P-G005,1,420,420
T005630,P-P019,1,120,120
T005630,P-F003,3,35,105
T005631,P-P021,1,240,240
T005631,P-L019,1,110,110
T005631,P-F001,1,65,65
T005632,P-L019,4,110,440
T005633,P-L018,1,130,130
T005633,P-L019,1,110,110
T005633,P-F003,1,35,35
T005634,P-H012,1,480,480
T005634,P-L003,1,150,150
T005634,P-F003,2,35,70
T005634,P-L019,1,110,110
T005635,P-L013,1,380,380
T005635,P-F020,1,190,190
T005635,P-L018,1,130,130
T005636,P-F011,1,399,399
T005636,P-P025,1,480,480
T005636,P-G009,1,460,460
T005636,P-P017,1,260,260
T005637,P-H012,1,480,480
T005637,P-F001,1,65,65
T005637,P-F015,1,260,260
T005637,P-F003,1,35,35
T005638,P-L005,1,180,180
T005638,P-P019,1,120,120
T005638,P-F003,2,35,70
T005639,P-F003,1,35,35
T005640,P-F003,1,35,35
T005640,P-L019,1,110,110
T005641,P-F003,2,35,70
T005641,P-F014,1,95,95
T005642,P-B004,1,599,599
T005642,P-B008,1,395,395
T005642,P-B007,1,260,260
T005642,P-B005,1,320,320
T005643,P-B004,1,599,599
T005643,P-B007,2,260,520
T005643,P-B009,1,240,240
T005644,P-B004,1,599,599
T005644,P-B005,1,320,320
T005644,P-B007,1,260,260
T005644,P-B010,1,220,220
T005645,P-B004,1,599,599
T005645,P-B006,1,280,280
T005645,P-B005,1,320,320
T005645,P-B009,1,240,240
T005646,P-F003,4,35,140
T005647,P-H012,1,480,480
T005647,P-F013,3,160,480
T005647,P-F003,1,35,35
T005648,P-H012,1,480,480
T005648,P-L004,3,160,480
T005648,P-L019,1,110,110
T005649,P-H016,1,390,390
T005650,P-P013,1,150,150
T005651,P-L019,1,110,110
T005652,P-L005,1,180,180
T005652,P-L019,1,110,110
T005653,P-F001,1,65,65
T005653,P-L019,1,110,110
T005654,P-F003,1,35,35
T005654,P-F014,1,95,95
T005655,P-F008,1,252,252
T005655,P-F006,1,336,336
T005655,P-H016,1,390,390
T005655,P-G009,1,460,460
T005655,P-P004,1,420,420
T005656,P-P016,1,280,280
T005656,P-F012,1,130,130
T005656,P-F001,1,65,65
T005657,P-F001,1,65,65
T005657,P-F014,1,95,95
T005658,P-G009,1,460,460
T005658,P-P017,1,260,260
T005658,P-F013,2,160,320
T005658,P-F014,1,95,95
T005659,P-L019,3,110,330
T005659,P-F001,1,65,65
T005660,P-P022,2,380,760
T005660,P-F002,1,180,180
T005660,P-L019,1,110,110
T005660,P-L004,3,160,480
T005661,P-L019,1,110,110
T005662,P-F003,1,35,35
T005663,P-F003,1,35,35
T005664,P-G006,1,560,560
T005664,P-P028,1,200,200
T005664,P-L004,1,160,160
T005664,P-F014,1,95,95
T005665,P-B007,1,260,260
T005665,P-B009,1,240,240
T005665,P-B005,1,320,320
T005666,P-F007,1,94,94
T005666,P-F009,1,126,126
T005666,P-F010,1,79,79
T005666,P-P023,1,260,260
T005666,P-F001,1,65,65
T005666,P-L019,1,110,110
T005667,P-F012,2,130,260
T005667,P-F001,1,65,65
T005668,P-G002,1,480,480
T005668,P-L015,1,549,549
T005668,P-F019,2,140,280
T005669,P-G006,1,560,560
T005669,P-L010,1,240,240
T005669,P-F013,3,160,480
T005670,P-P001,1,260,260
T005670,P-P017,1,260,260
T005670,P-P014,1,320,320
T005671,P-F010,1,79,79
T005671,P-F010,1,79,79
T005671,P-H006,1,1166,1166
T005671,P-L024,1,420,420
T005671,P-F017,1,220,220
T005671,P-H008,1,720,720
T005672,P-F001,1,65,65
T005672,P-L019,1,110,110
T005673,P-P016,1,280,280
T005673,P-P022,1,380,380
T005673,P-L012,1,460,460
T005673,P-L014,1,180,180
T005674,P-F007,1,94,94
T005674,P-L018,1,130,130
T005674,P-F012,1,130,130
T005674,P-P028,1,200,200
T005675,P-H020,1,720,720
T005675,P-L019,1,110,110
T005675,P-F018,2,180,360
T005676,P-P006,1,250,250
T005676,P-F014,1,95,95
T005676,P-L019,1,110,110
T005677,P-F013,3,160,480
T005677,P-F003,1,35,35
T005678,P-P001,1,260,260
T005678,P-F019,2,140,280
T005678,P-F018,1,180,180
T005678,P-F014,1,95,95
T005679,P-F008,1,252,252
T005679,P-F010,1,79,79
T005679,P-L011,1,520,520
T005679,P-H016,1,390,390
T005679,P-F002,2,180,360
T005680,P-F011,1,399,399
T005680,P-P021,1,240,240
T005680,P-G005,1,420,420
T005680,P-F001,3,65,195
T005681,P-H011,1,960,960
T005681,P-P005,1,340,340
T005681,P-H010,1,520,520
T005681,P-L013,1,380,380
T005681,P-P013,1,150,150
T005681,P-F003,1,35,35
T005682,P-F003,1,35,35
T005683,P-F001,1,65,65
T005683,P-F003,1,35,35
T005684,P-F003,2,35,70
T005684,P-F003,1,35,35
T005684,P-F001,1,65,65
T005685,P-B006,2,280,560
T005685,P-B005,1,320,320
T005686,P-B004,1,599,599
T005686,P-B006,1,280,280
T005686,P-B008,1,395,395
T005686,P-B010,1,220,220
T005687,P-B004,1,599,599
T005687,P-B008,1,395,395
T005687,P-B010,2,220,440
T005688,P-P020,1,350,350
T005688,P-L018,1,130,130
T005688,P-F003,3,35,105
T005689,P-F001,2,65,130
T005690,P-L004,1,160,160
T005690,P-L019,1,110,110
T005691,P-F001,1,65,65
T005691,P-F014,1,95,95
T005691,P-F003,3,35,105
T005692,P-F020,1,190,190
T005692,P-L019,1,110,110
T005692,P-F019,2,140,280
T005693,P-H009,1,780,780
T005693,P-F015,1,260,260
T005693,P-F018,2,180,360
T005693,P-F015,1,260,260
T005693,P-P001,1,260,260
T005693,P-P012,1,180,180
T005694,P-L015,1,549,549
T005694,P-P028,1,200,200
T005694,P-H016,1,390,390
T005694,P-L005,1,180,180
T005695,P-P012,1,180,180
T005695,P-P022,1,380,380
T005695,P-F002,1,180,180
T005695,P-F001,3,65,195
T005696,P-H012,1,480,480
T005696,P-L004,3,160,480
T005696,P-H007,1,520,520
T005697,P-F013,2,160,320
T005697,P-F001,1,65,65
T005698,P-P006,1,250,250
T005698,P-G007,1,620,620
T005698,P-F014,3,95,285
T005699,P-H001,1,734,734
T005699,P-F005,1,158,158
T005699,P-F005,1,158,158
T005699,P-L007,1,320,320
T005699,P-L006,1,680,680
T005699,P-L005,1,180,180
T005700,P-L010,1,240,240
T005700,P-P014,1,320,320
T005700,P-P023,1,260,260
T005701,P-F003,2,35,70
T005702,P-B004,1,599,599
T005702,P-B008,1,395,395
T005702,P-B010,1,220,220
T005703,P-F005,1,158,158
T005703,P-F009,1,126,126
T005703,P-H001,1,734,734
T005703,P-P017,1,260,260
T005703,P-G006,1,560,560
T005703,P-F020,1,190,190
T005704,P-P008,1,460,460
T005704,P-P013,3,150,450
T005704,P-F003,2,35,70
T005704,P-L019,1,110,110
T005705,P-F020,1,190,190
T005705,P-F013,3,160,480
T005705,P-G009,1,460,460
T005705,P-L023,1,540,540
T005705,P-P014,1,320,320
T005705,P-L017,1,620,620
T005706,P-H006,1,1166,1166
T005706,P-L011,1,520,520
T005706,P-F013,2,160,320
T005706,P-F003,3,35,105
T005707,P-P007,1,290,290
T005707,P-P016,1,280,280
T005707,P-F001,1,65,65
T005708,P-F014,4,95,380
T005708,P-G002,1,480,480
T005708,P-L014,1,180,180
T005709,P-F003,1,35,35
T005709,P-L019,1,110,110
T005710,P-F003,1,35,35
T005710,P-F001,1,65,65
T005710,P-F014,1,95,95
T005711,P-F003,1,35,35
T005711,P-L019,1,110,110
T005712,P-F001,1,65,65
T005712,P-L019,1,110,110
T005713,P-B005,1,320,320
T005713,P-B010,1,220,220
T005714,P-B004,1,599,599
T005714,P-B007,2,260,520
T005714,P-B009,1,240,240
T005715,P-P013,2,150,300
T005715,P-L013,1,380,380
T005715,P-L009,1,280,280
T005715,P-F002,3,180,540
T005716,P-P004,1,420,420
T005716,P-G004,1,320,320
T005716,P-F002,3,180,540
T005717,P-F001,1,65,65
T005717,P-L019,1,110,110
T005718,P-H021,1,580,580
T005718,P-F002,1,180,180
T005718,P-L020,1,190,190
T005718,P-F001,1,65,65
T005719,P-F008,1,252,252
T005719,P-P021,1,240,240
T005719,P-P004,1,420,420
T005719,P-L014,1,180,180
T005719,P-F011,1,399,399
T005719,P-P020,1,350,350
T005719,P-P008,1,460,460
T005719,P-F019,1,140,140
T005720,P-P013,1,150,150
T005720,P-F014,1,95,95
T005721,P-P001,1,260,260
T005721,P-F003,3,35,105
T005721,P-F014,1,95,95
T005721,P-P030,1,300,300
T005721,P-L003,2,150,300
T005721,P-L019,1,110,110
T005722,P-L006,1,680,680
T005722,P-L004,2,160,320
T005722,P-L018,2,130,260
T005722,P-F014,1,95,95
T005722,P-F019,1,140,140
T005722,P-F003,1,35,35
T005723,P-L018,2,130,260
T005723,P-L019,1,110,110
T005723,P-F014,1,95,95
T005724,P-F001,-1,65,-65
T005725,P-F010,1,79,79
T005725,P-F009,1,126,126
T005725,P-F012,1,130,130
T005725,P-H009,1,780,780
T005725,P-G004,1,320,320
T005726,P-F003,1,35,35
T005726,P-F014,1,95,95
T005727,P-F003,1,35,35
T005727,P-F001,1,65,65
T005728,P-P023,1,260,260
T005728,P-F013,1,160,160
T005728,P-F003,1,35,35
T005729,P-B004,1,599,599
T005729,P-B007,2,260,520
T005729,P-B005,1,320,320
T005729,P-B010,1,220,220
T005730,P-L019,1,110,110
T005730,P-F003,2,35,70
T005731,P-F013,1,160,160
T005731,P-F003,1,35,35
T005731,P-F014,1,95,95
T005732,P-H016,1,390,390
T005733,P-L019,4,110,440
T005734,P-F009,1,126,126
T005734,P-H005,1,410,410
T005734,P-F006,1,336,336
T005734,P-L013,1,380,380
T005734,P-P017,1,260,260
T005734,P-L019,2,110,220
T005735,P-F007,1,94,94
T005735,P-F009,1,126,126
T005735,P-H004,1,605,605
T005735,P-G003,1,380,380
T005735,P-F019,3,140,420
T005735,P-L013,1,380,380
T005736,P-P006,1,250,250
T005736,P-P001,1,260,260
T005736,P-F003,3,35,105
T005736,P-P016,1,280,280
T005736,P-G002,1,480,480
T005736,P-L024,1,420,420
T005737,P-G004,1,320,320
T005737,P-L005,1,180,180
T005737,P-F003,2,35,70
T005737,P-F009,1,126,126
T005737,P-F002,2,180,360
T005737,P-P020,1,350,350
T005737,P-P019,1,120,120
T005738,P-F003,3,35,105
T005739,P-P022,-1,380,-380
T005740,P-F004,1,58,58
T005740,P-H002,1,454,454
T005740,P-G008,1,780,780
T005740,P-F017,1,220,220
T005740,P-L023,1,540,540
T005741,P-P013,2,150,300
T005741,P-F001,1,65,65
T005741,P-L019,1,110,110
T005742,P-P008,1,460,460
T005742,P-F001,2,65,130
T005742,P-F002,1,180,180
T005743,P-P019,2,120,240
T005743,P-F001,1,65,65
T005743,P-L019,1,110,110
T005744,P-F003,3,35,105
T005745,P-L019,1,110,110
T005746,P-H012,1,480,480
T005747,P-H004,1,605,605
T005747,P-P016,1,280,280
T005747,P-L003,2,150,300
T005747,P-F014,1,95,95
T005747,P-F006,1,336,336
T005747,P-P011,1,320,320
T005747,P-P006,1,250,250
T005747,P-F014,1,95,95
T005748,P-H003,1,961,961
T005748,P-H004,1,605,605
T005748,P-F007,1,94,94
T005748,P-L003,2,150,300
T005748,P-P015,1,220,220
T005748,P-F001,3,65,195
T005749,P-H012,1,480,480
T005749,P-F003,2,35,70
T005749,P-L018,1,130,130
T005749,P-L003,1,150,150
T005750,P-L018,1,130,130
T005750,P-L019,1,110,110
T005751,P-H003,1,961,961
T005751,P-F005,1,158,158
T005751,P-F002,3,180,540
T005751,P-P013,1,150,150
T005751,P-F018,1,180,180
T005752,P-F003,2,35,70
T005752,P-F001,1,65,65
T005753,P-L018,1,130,130
T005753,P-L014,1,180,180
T005753,P-F014,1,95,95
T005754,P-P029,1,320,320
T005754,P-P008,1,460,460
T005754,P-F001,2,65,130
T005754,P-F003,1,35,35
T005754,P-F014,1,95,95
T005755,P-P025,1,480,480
T005755,P-F020,1,190,190
T005755,P-F001,1,65,65
T005756,P-F003,1,35,35
T005756,P-F003,2,35,70
T005756,P-F001,1,65,65
T005757,P-F014,1,95,95
T005758,P-F003,1,35,35
T005758,P-F001,1,65,65
T005759,P-F003,2,35,70
T005760,P-B004,1,599,599
T005760,P-B008,1,395,395
T005760,P-B009,1,240,240
T005760,P-B007,1,260,260
T005761,P-F001,1,65,65
T005761,P-L019,1,110,110
T005762,P-L019,1,110,110
T005763,P-L019,1,110,110
T005764,P-P022,1,380,380
T005764,P-P015,1,220,220
T005764,P-P002,1,380,380
T005765,P-L020,1,190,190
T005765,P-F001,1,65,65
T005765,P-L019,1,110,110
T005766,P-L019,2,110,220
T005766,P-P019,1,120,120
T005766,P-F003,3,35,105
T005767,P-F013,2,160,320
T005767,P-L002,1,220,220
T005767,P-F003,3,35,105
T005767,P-P013,1,150,150
T005767,P-F018,1,180,180
T005768,P-H012,1,480,480
T005769,P-H001,1,734,734
T005769,P-F004,1,58,58
T005769,P-L002,1,220,220
T005769,P-P022,1,380,380
T005769,P-F013,2,160,320
T005770,P-F014,1,95,95
T005770,P-F001,1,65,65
T005771,P-F008,1,252,252
T005771,P-F007,1,94,94
T005771,P-L002,1,220,220
T005771,P-L014,1,180,180
T005771,P-G002,1,480,480
T005772,P-F003,1,35,35
T005772,P-F014,1,95,95
T005773,P-F003,3,35,105
T005773,P-F001,1,65,65
T005774,P-P013,1,150,150
T005774,P-L020,1,190,190
T005774,P-L009,1,280,280
T005775,P-B001,1,780,780
T005775,P-B010,1,220,220
T005775,P-B009,1,240,240
T005776,P-P019,2,120,240
T005777,P-L004,1,160,160
T005777,P-L019,1,110,110
T005778,P-H016,1,390,390
T005779,P-F012,1,130,130
T005779,P-F014,1,95,95
T005780,P-H016,1,390,390
T005781,P-F003,2,35,70
T005781,P-L019,1,110,110
T005782,P-P019,1,120,120
T005782,P-L019,1,110,110
T005782,P-F014,1,95,95
T005782,P-F001,1,65,65
T005783,P-L003,1,150,150
T005783,P-P005,1,340,340
T005783,P-L019,4,110,440
T005783,P-F019,1,140,140
T005784,P-H005,1,410,410
T005784,P-H004,1,605,605
T005784,P-L014,1,180,180
T005784,P-P022,1,380,380
T005784,P-L018,1,130,130
T005785,P-P013,1,150,150
T005785,P-F003,1,35,35
T005785,P-F014,1,95,95
T005785,P-H005,1,410,410
T005785,P-P023,1,260,260
T005785,P-F019,1,140,140
T005785,P-F001,1,65,65
T005786,P-F003,3,35,105
T005787,P-F014,1,95,95
T005787,P-F003,1,35,35
T005788,P-H003,1,961,961
T005788,P-F008,1,252,252
T005788,P-F006,1,336,336
T005788,P-H001,1,734,734
T005788,P-H006,1,1166,1166
T005788,P-F009,1,126,126
T005788,P-F007,1,94,94
T005788,P-F014,1,95,95
T005789,P-F006,1,336,336
T005789,P-F008,1,252,252
T005789,P-F011,1,399,399
T005789,P-F009,1,126,126
T005790,P-P019,1,120,120
T005790,P-P013,2,150,300
T005790,P-F014,1,95,95
T005791,P-H001,1,734,734
T005791,P-G009,1,460,460
T005791,P-F012,1,130,130
T005791,P-P008,1,460,460
T005792,P-P028,1,200,200
T005792,P-F019,1,140,140
T005792,P-F014,1,95,95
T005793,P-P012,1,180,180
T005793,P-L019,2,110,220
T005794,P-G003,1,380,380
T005794,P-P020,1,350,350
T005794,P-P019,3,120,360
T005795,P-F009,1,126,126
T005795,P-F005,1,158,158
T005795,P-F009,1,126,126
T005795,P-L011,1,520,520
T005795,P-L002,1,220,220
T005795,P-F012,1,130,130
T005796,P-H012,1,480,480
T005796,P-F003,4,35,140
T005796,P-F001,2,65,130
T005796,P-F014,1,95,95
T005797,P-F003,1,35,35
T005797,P-L019,1,110,110
T005798,P-F003,1,35,35
T005799,P-F011,1,399,399
T005799,P-P012,2,180,360
T005799,P-L024,1,420,420
T005799,P-P029,1,320,320
T005799,P-H002,1,454,454
T005799,P-P021,1,240,240
T005799,P-P006,1,250,250
T005799,P-P030,1,300,300
T005800,P-B004,1,599,599
T005800,P-B008,1,395,395
T005800,P-B010,1,220,220
T005801,P-P023,1,260,260
T005801,P-L007,1,320,320
T005801,P-F019,1,140,140
T005801,P-L018,3,130,390
T005802,P-F014,3,95,285
T005802,P-F003,1,35,35
T005803,P-P017,-1,260,-260
T005804,P-F014,2,95,190
T005805,P-F003,1,35,35
T005805,P-L019,1,110,110
T005806,P-P019,2,120,240
T005806,P-F014,1,95,95
T005806,P-L019,1,110,110
T005807,P-L018,1,130,130
T005807,P-F003,2,35,70
T005807,P-L019,1,110,110
T005808,P-F003,4,35,140
T005808,P-P001,1,260,260
T005808,P-F014,1,95,95
T005809,P-F014,2,95,190
T005810,P-F003,2,35,70
T005811,P-F001,2,65,130
T005812,P-G002,1,480,480
T005813,P-B006,1,280,280
T005813,P-B009,1,240,240
T005813,P-B010,1,220,220
T005814,P-B004,1,599,599
T005814,P-B006,1,280,280
T005814,P-B008,1,395,395
T005814,P-B010,1,220,220
T005815,P-B004,1,599,599
T005815,P-B008,1,395,395
T005815,P-B007,1,260,260
T005815,P-B010,1,220,220
T005816,P-H005,1,410,410
T005816,P-H002,1,454,454
T005816,P-H002,1,454,454
T005816,P-L018,3,130,390
T005816,P-H022,1,690,690
T005816,P-P012,1,180,180
T005817,P-H016,1,390,390
T005818,P-L019,4,110,440
T005819,P-F001,4,65,260
T005819,P-F003,1,35,35
T005820,P-F014,2,95,190
T005821,P-P013,1,150,150
T005821,P-F003,1,35,35
T005821,P-F001,1,65,65
T005822,P-F003,1,35,35
T005822,P-L019,1,110,110
T005822,P-F002,1,180,180
T005823,P-P012,1,180,180
T005823,P-F003,3,35,105
T005824,P-L019,2,110,220
T005824,P-F002,2,180,360
T005824,P-L003,3,150,450
T005825,P-L019,2,110,220
T005825,P-L003,2,150,300
T005825,P-F012,1,130,130
T005825,P-P001,1,260,260
T005825,P-P006,1,250,250
T005825,P-L013,1,380,380
T005826,P-H012,1,480,480
T005826,P-F013,1,160,160
T005826,P-L019,1,110,110
T005826,P-F014,1,95,95
T005827,P-L005,2,180,360
T005827,P-L019,1,110,110
T005828,P-F014,2,95,190
T005829,P-F014,1,95,95
T005829,P-F003,1,35,35
T005830,P-F003,2,35,70
T005831,P-F003,3,35,105
T005832,P-H012,1,480,480
T005832,P-F015,1,260,260
T005832,P-F003,1,35,35
T005832,P-F001,1,65,65
T005833,P-B004,1,599,599
T005833,P-B010,1,220,220
T005833,P-B007,2,260,520
T005834,P-B004,1,599,599
T005834,P-B005,1,320,320
T005834,P-B009,1,240,240
T005834,P-B007,1,260,260
T005835,P-B010,1,220,220
T005835,P-B009,2,240,480
T005836,P-B010,1,220,220
T005836,P-B006,1,280,280
T005836,P-B008,1,395,395
T005837,P-F019,3,140,420
T005837,P-P030,1,300,300
T005837,P-F020,1,190,190
T005837,P-F014,1,95,95
T005838,P-L009,1,280,280
T005838,P-P019,4,120,480
T005838,P-P013,1,150,150
T005838,P-L014,1,180,180
T005838,P-F001,1,65,65
T005839,P-F011,1,399,399
T005839,P-H003,1,961,961
T005839,P-H002,1,454,454
T005839,P-P021,1,240,240
T005839,P-P001,1,260,260
T005839,P-L004,2,160,320
T005840,P-F014,1,95,95
T005841,P-P005,1,340,340
T005841,P-L001,1,260,260
T005841,P-F001,1,65,65
T005842,P-P019,1,120,120
T005842,P-L019,2,110,220
T005843,P-G002,1,480,480
T005844,P-F001,1,65,65
T005844,P-L019,1,110,110
T005845,P-F001,1,65,65
T005845,P-F014,1,95,95
T005846,P-F001,1,65,65
T005846,P-F003,1,35,35
T005847,P-B006,1,280,280
T005847,P-B009,1,240,240
T005847,P-B005,1,320,320
T005848,P-L019,1,110,110
T005849,P-F018,1,180,180
T005849,P-F014,2,95,190
T005849,P-L019,1,110,110
T005850,P-F005,1,158,158
T005850,P-H005,1,410,410
T005850,P-F010,1,79,79
T005850,P-L024,1,420,420
T005850,P-F015,1,260,260
T005850,P-P025,1,480,480
T005851,P-L004,1,160,160
T005851,P-H015,1,450,450
T005851,P-L019,2,110,220
T005851,P-F003,3,35,105
T005852,P-G007,1,620,620
T005852,P-P028,1,200,200
T005852,P-L018,1,130,130
T005853,P-F003,1,35,35
T005853,P-F001,1,65,65
T005854,P-F012,1,130,130
T005854,P-G004,1,320,320
T005854,P-G009,1,460,460
T005854,P-F014,1,95,95
T005855,P-H012,1,480,480
T005855,P-L014,3,180,540
T005856,P-F019,1,140,140
T005856,P-P001,1,260,260
T005856,P-H015,1,450,450
T005856,P-F002,1,180,180
T005856,P-F014,1,95,95
T005857,P-F008,1,252,252
T005857,P-F008,1,252,252
T005857,P-F004,1,58,58
T005857,P-P016,1,280,280
T005857,P-L018,1,130,130
T005857,P-F001,1,65,65
T005858,P-F014,1,95,95
T005859,P-F019,3,140,420
T005859,P-L002,1,220,220
T005859,P-G005,1,420,420
T005859,P-F002,1,180,180
T005860,P-H012,1,480,480
T005860,P-L001,1,260,260
T005860,P-L004,1,160,160
T005860,P-F001,1,65,65
T005861,P-F003,2,35,70
T005862,P-F003,1,35,35
T005863,P-B004,1,599,599
T005863,P-B009,1,240,240
T005863,P-B010,1,220,220
T005863,P-B007,1,260,260
T005864,P-B010,1,220,220
T005864,P-B005,1,320,320
T005864,P-B006,1,280,280
T005865,P-H008,1,720,720
T005865,P-L005,3,180,540
T005865,P-P019,2,120,240
T005866,P-H012,1,480,480
T005866,P-F019,2,140,280
T005866,P-F014,1,95,95
T005867,P-H016,1,390,390
T005867,P-L018,1,130,130
T005867,P-F014,1,95,95
T005868,P-F014,1,95,95
T005868,P-F003,2,35,70
T005869,P-F015,1,260,260
T005869,P-F003,4,35,140
T005869,P-F019,1,140,140
T005870,P-F010,1,79,79
T005870,P-F004,1,58,58
T005870,P-H006,1,1166,1166
T005870,P-P023,1,260,260
T005870,P-L004,2,160,320
T005870,P-F001,1,65,65
T005871,P-P019,1,120,120
T005871,P-P013,1,150,150
T005871,P-F014,1,95,95
T005872,P-P012,1,180,180
T005872,P-F001,1,65,65
T005872,P-L018,1,130,130
T005872,P-L019,1,110,110
T005873,P-H012,1,480,480
T005873,P-H007,1,520,520
T005874,P-F003,1,35,35
T005874,P-L019,1,110,110
T005875,P-F003,3,35,105
T005876,P-F001,1,65,65
T005876,P-F003,1,35,35
T005877,P-L019,1,110,110
T005878,P-F003,4,35,140
T005879,P-B004,1,599,599
T005879,P-B009,2,240,480
T005879,P-B010,2,220,440
T005880,P-G009,1,460,460
T005880,P-F014,2,95,190
T005880,P-P020,1,350,350
T005881,P-H004,1,605,605
T005881,P-F011,1,399,399
T005881,P-F004,1,58,58
T005881,P-F005,1,158,158
T005881,P-F009,1,126,126
T005881,P-H006,1,1166,1166
T005882,P-H016,1,390,390
T005883,P-L018,1,130,130
T005883,P-L019,2,110,220
T005884,P-F001,4,65,260
T005884,P-F003,1,35,35
T005884,P-F014,1,95,95
T005885,P-H001,1,734,734
T005885,P-G004,1,320,320
T005885,P-H017,1,640,640
T005885,P-H015,1,450,450
T005885,P-H005,1,410,410
T005885,P-P022,1,380,380
T005885,P-L013,1,380,380
T005885,P-H017,1,640,640
T005886,P-L003,2,150,300
T005886,P-F003,4,35,140
T005886,P-F001,1,65,65
T005886,P-P002,1,380,380
T005886,P-F019,1,140,140
T005886,P-F001,2,65,130
T005887,P-F003,4,35,140
T005888,P-F014,1,95,95
T005889,P-L019,1,110,110
T005890,P-F009,1,126,126
T005890,P-H003,1,961,961
T005890,P-H015,1,450,450
T005890,P-F003,2,35,70
T005890,P-F015,1,260,260
T005891,P-L019,3,110,330
T005891,P-F001,1,65,65
T005892,P-P021,1,240,240
T005892,P-L019,1,110,110
T005892,P-P030,1,300,300
T005892,P-L011,1,520,520
T005892,P-P006,1,250,250
T005892,P-F003,2,35,70
T005893,P-P017,1,260,260
T005893,P-F014,2,95,190
T005894,P-G007,-1,620,-620
T005895,P-F009,1,126,126
T005895,P-L011,1,520,520
T005895,P-L005,4,180,720
T005895,P-L011,1,520,520
T005895,P-P004,1,420,420
T005895,P-F015,1,260,260
T005896,P-F008,1,252,252
T005896,P-H002,1,454,454
T005896,P-F017,1,220,220
T005896,P-L020,1,190,190
T005896,P-P013,1,150,150
T005897,P-F009,1,126,126
T005897,P-H004,1,605,605
T005897,P-F001,2,65,130
T005897,P-L015,1,549,549
T005897,P-P013,2,150,300
T005898,P-P021,1,240,240
T005898,P-L014,3,180,540
T005898,P-P013,1,150,150
T005898,P-L019,2,110,220
T005899,P-L009,1,280,280
T005899,P-F020,1,190,190
T005899,P-F003,2,35,70
T005900,P-P008,1,460,460
T005900,P-P003,1,780,780
T005900,P-G005,1,420,420
T005900,P-P019,2,120,240
T005900,P-F019,3,140,420
T005900,P-F001,1,65,65
T005901,P-L019,1,110,110
T005901,P-F003,1,35,35
T005902,P-F003,3,35,105
T005903,P-F003,4,35,140
T005904,P-F003,1,35,35
T005904,P-L019,1,110,110
T005905,P-F014,1,95,95
T005906,P-H013,1,850,850
T005906,P-L018,1,130,130
T005906,P-L019,3,110,330
T005907,P-B004,1,599,599
T005907,P-B009,1,240,240
T005907,P-B005,1,320,320
T005907,P-B007,1,260,260
T005908,P-H016,1,390,390
T005909,P-H012,1,480,480
T005909,P-H007,1,520,520
T005910,P-H006,1,1166,1166
T005910,P-H006,1,1166,1166
T005910,P-L015,1,549,549
T005910,P-L010,1,240,240
T005910,P-P022,1,380,380
T005911,P-F014,1,95,95
T005911,P-F001,1,65,65
T005912,P-H021,1,580,580
T005912,P-L018,3,130,390
T005912,P-P006,1,250,250
T005913,P-F014,-1,95,-95
T005914,P-L019,1,110,110
T005915,P-F001,1,65,65
T005915,P-F003,1,35,35
T005916,P-H012,1,480,480
T005916,P-L004,2,160,320
T005916,P-L019,1,110,110
T005916,P-H007,1,520,520
T005917,P-F003,3,35,105
T005918,P-F003,1,35,35
T005918,P-F001,1,65,65
T005919,P-F014,1,95,95
T005920,P-F004,1,58,58
T005920,P-H004,1,605,605
T005920,P-H021,1,580,580
T005920,P-P014,1,320,320
T005920,P-F002,1,180,180
T005921,P-P029,1,320,320
T005921,P-P018,1,580,580
T005921,P-P006,1,250,250
T005921,P-F003,2,35,70
T005922,P-F007,1,94,94
T005922,P-F009,1,126,126
T005922,P-L016,1,880,880
T005922,P-H015,1,450,450
T005922,P-L018,3,130,390
T005923,P-F018,1,180,180
T005923,P-F001,2,65,130
T005924,P-L004,1,160,160
T005924,P-L019,1,110,110
T005925,P-P019,1,120,120
T005926,P-H016,1,390,390
T005927,P-L003,2,150,300
T005927,P-P016,1,280,280
T005927,P-F003,1,35,35
T005928,P-F001,1,65,65
T005928,P-F003,1,35,35
T005929,P-L010,1,240,240
T005929,P-L019,1,110,110
T005929,P-F003,3,35,105
T005930,P-P015,1,220,220
T005930,P-P029,1,320,320
T005930,P-F020,1,190,190
T005930,P-P013,1,150,150
T005930,P-L019,1,110,110
T005931,P-H005,1,410,410
T005931,P-F004,1,58,58
T005931,P-F017,1,220,220
T005931,P-L020,1,190,190
T005931,P-P010,1,657,657
T005932,P-F001,2,65,130
T005933,P-F001,2,65,130
T005934,P-F003,1,35,35
T005934,P-F001,1,65,65
T005935,P-F003,3,35,105
T005936,P-F014,1,95,95
T005936,P-F003,1,35,35
T005936,P-F001,1,65,65
T005937,P-F001,1,65,65
T005937,P-F014,1,95,95
T005938,P-L018,2,130,260
T005938,P-G006,1,560,560
T005938,P-L013,1,380,380
T005938,P-F001,2,65,130
T005939,P-B004,1,599,599
T005939,P-B008,1,395,395
T005939,P-B006,1,280,280
T005939,P-B005,1,320,320
T005940,P-B004,1,599,599
T005940,P-B009,1,240,240
T005940,P-B010,1,220,220
T005940,P-B006,1,280,280
T005941,P-F008,1,252,252
T005941,P-H006,1,1166,1166
T005941,P-F007,1,94,94
T005941,P-F009,1,126,126
T005941,P-F011,1,399,399
T005941,P-H001,1,734,734
T005942,P-H012,1,480,480
T005942,P-L010,1,240,240
T005942,P-F001,2,65,130
T005943,P-H016,1,390,390
T005944,P-L003,3,150,450
T005944,P-L018,2,130,260
T005944,P-L014,2,180,360
T005944,P-P011,1,320,320
T005945,P-L003,1,150,150
T005945,P-F001,1,65,65
T005945,P-F014,1,95,95
T005946,P-F003,2,35,70
T005946,P-F003,3,35,105
T005947,P-F003,3,35,105
T005948,P-F003,2,35,70
T005948,P-F001,1,65,65
T005949,P-F007,1,94,94
T005949,P-F009,1,126,126
T005949,P-F005,1,158,158
T005949,P-H025,1,480,480
T005949,P-F019,2,140,280
T005949,P-F014,3,95,285
T005950,P-B004,1,599,599
T005950,P-B009,1,240,240
T005950,P-B005,1,320,320
T005950,P-B006,1,280,280
T005951,P-F002,3,180,540
T005951,P-P017,1,260,260
T005951,P-F014,1,95,95
T005951,P-F003,1,35,35
T005952,P-F019,-1,140,-140
T005953,P-L019,1,110,110
T005954,P-L019,1,110,110
T005955,P-P012,1,180,180
T005955,P-L018,1,130,130
T005955,P-L019,1,110,110
T005956,P-L012,1,460,460
T005956,P-L005,1,180,180
T005956,P-F003,1,35,35
T005956,P-G009,1,460,460
T005956,P-L023,1,540,540
T005956,P-P011,1,320,320
T005957,P-F014,1,95,95
T005958,P-F003,2,35,70
T005958,P-L019,1,110,110
T005959,P-F003,2,35,70
T005960,P-F019,1,140,140
T005960,P-F014,1,95,95
T005960,P-F003,2,35,70
T005961,P-B004,1,599,599
T005961,P-B004,1,599,599
T005961,P-B010,1,220,220
T005962,P-B004,-1,599,-599
T005963,P-F011,1,399,399
T005963,P-H003,1,961,961
T005963,P-F010,1,79,79
T005963,P-F006,1,336,336
T005964,P-L003,1,150,150
T005964,P-L019,1,110,110
T005965,P-L024,1,420,420
T005965,P-H025,1,480,480
T005965,P-P005,1,340,340
T005965,P-F002,3,180,540
T005965,P-F001,1,65,65
T005965,P-L019,1,110,110
T005966,P-L016,1,880,880
T005966,P-P028,2,200,400
T005966,P-F001,3,65,195
T005967,P-F004,1,58,58
T005967,P-F010,1,79,79
T005967,P-F011,1,399,399
T005967,P-L017,1,620,620
T005967,P-L014,1,180,180
T005967,P-F013,2,160,320
T005968,P-F007,1,94,94
T005968,P-L006,1,680,680
T005968,P-P002,1,380,380
T005968,P-F020,1,190,190
T005969,P-F001,3,65,195
T005970,P-L004,-1,160,-160
T005971,P-P007,1,290,290
T005971,P-L019,1,110,110
T005971,P-F003,1,35,35
T005972,P-L019,1,110,110
T005973,P-G002,2,480,960
T005974,P-F003,1,35,35
T005974,P-F014,1,95,95
T005975,P-F003,2,35,70
T005975,P-F014,1,95,95
T005976,P-F003,3,35,105
T005977,P-F014,1,95,95
T005978,P-F003,1,35,35
T005978,P-L019,1,110,110
T005979,P-B004,1,599,599
T005979,P-B009,2,240,480
T005979,P-B007,1,260,260
T005979,P-B010,1,220,220
T005980,P-B004,1,599,599
T005980,P-B005,1,320,320
T005980,P-B009,1,240,240
T005980,P-B006,1,280,280
T005981,P-H016,1,390,390
T005982,P-F006,1,336,336
T005982,P-L012,1,460,460
T005982,P-H015,1,450,450
T005982,P-L019,2,110,220
T005982,P-F007,1,94,94
T005982,P-P011,1,320,320
T005982,P-L010,1,240,240
T005982,P-F014,2,95,190
T005983,P-H004,1,605,605
T005983,P-F007,1,94,94
T005983,P-L010,1,240,240
T005983,P-P010,1,657,657
T005983,P-P030,1,300,300
T005984,P-P016,1,280,280
T005984,P-P030,1,300,300
T005984,P-F003,1,35,35
T005985,P-F009,1,126,126
T005985,P-P005,1,340,340
T005985,P-P006,1,250,250
T005985,P-F014,1,95,95
T005986,P-F020,1,190,190
T005986,P-F001,2,65,130
T005987,P-F017,1,220,220
T005987,P-G005,1,420,420
T005987,P-F012,1,130,130
T005988,P-H005,1,410,410
T005988,P-F012,2,130,260
T005988,P-L002,1,220,220
T005988,P-L019,1,110,110
T005988,P-F007,1,94,94
T005988,P-L005,2,180,360
T005988,P-L020,1,190,190
T005988,P-P001,1,260,260
T005989,P-L012,1,460,460
T005989,P-L023,1,540,540
T005989,P-G004,1,320,320
T005989,P-P008,1,460,460
T005989,P-L018,1,130,130
T005989,P-L005,1,180,180
T005990,P-H012,1,480,480
T005990,P-F012,1,130,130
T005990,P-L004,2,160,320
T005990,P-F001,1,65,65
T005990,P-H007,1,520,520
T005991,P-F001,1,65,65
T005991,P-H015,1,450,450
T005991,P-F013,1,160,160
T005992,P-L019,1,110,110
T005993,P-F003,1,35,35
T005994,P-F003,2,35,70
T005994,P-L019,1,110,110
T005995,P-H012,1,480,480
T005995,P-F002,2,180,360
T005995,P-F014,2,95,190
T005996,P-P029,1,320,320
T005996,P-L019,1,110,110
T005996,P-P020,1,350,350
T005996,P-F001,3,65,195
T005997,P-P019,4,120,480
T005997,P-F014,1,95,95
T005998,P-F004,1,58,58
T005998,P-H005,1,410,410
T005998,P-L002,1,220,220
T005998,P-L003,3,150,450
T005998,P-H005,1,410,410
T005998,P-F008,1,252,252
T005998,P-F001,2,65,130
T005998,P-L019,1,110,110
T005999,P-F019,1,140,140
T005999,P-F001,2,65,130
T006000,P-H016,1,390,390
T006001,P-H010,1,520,520
T006001,P-L019,1,110,110
T006001,P-F014,3,95,285
T006002,P-F006,1,336,336
T006002,P-F006,1,336,336
T006002,P-G009,1,460,460
T006002,P-P008,1,460,460
T006002,P-F013,1,160,160
T006003,P-F005,1,158,158
T006003,P-F004,1,58,58
T006003,P-L003,2,150,300
T006003,P-L002,1,220,220
T006003,P-L019,1,110,110
T006004,P-H008,1,720,720
T006004,P-P022,1,380,380
T006004,P-F017,1,220,220
T006005,P-F004,1,58,58
T006005,P-H004,1,605,605
T006005,P-H001,1,734,734
T006005,P-F013,4,160,640
T006005,P-F003,1,35,35
T006005,P-F001,3,65,195
T006006,P-F001,2,65,130
T006007,P-L013,1,380,380
T006007,P-P021,1,240,240
T006007,P-F003,1,35,35
T006008,P-L019,-1,110,-110
T006009,P-F012,1,130,130
T006009,P-F001,1,65,65
T006009,P-F003,1,35,35
T006010,P-L017,1,620,620
T006010,P-L001,1,260,260
T006010,P-F015,1,260,260
T006010,P-P006,1,250,250
T006010,P-F014,2,95,190
T006011,P-H012,1,480,480
T006011,P-L005,2,180,360
T006011,P-L019,1,110,110
T006012,P-L019,3,110,330
T006012,P-F001,1,65,65
T006013,P-F017,1,220,220
T006013,P-P012,1,180,180
T006013,P-L005,3,180,540
T006013,P-L019,1,110,110
T006014,P-F019,2,140,280
T006014,P-F003,3,35,105
T006014,P-F001,1,65,65
T006015,P-F014,2,95,190
T006016,P-P023,1,260,260
T006016,P-P028,1,200,200
T006016,P-P011,1,320,320
T006016,P-P012,2,180,360
T006016,P-P018,1,580,580
T006016,P-G003,1,380,380
T006017,P-F003,3,35,105
T006018,P-F001,1,65,65
T006018,P-F014,1,95,95
T006019,P-H015,1,450,450
T006019,P-L005,1,180,180
T006019,P-P015,1,220,220
T006019,P-F014,3,95,285
T006020,P-P024,1,540,540
T006020,P-L024,1,420,420
T006020,P-L002,1,220,220
T006020,P-P007,1,290,290
T006020,P-L019,2,110,220
T006020,P-F003,2,35,70
T006021,P-P025,1,480,480
T006021,P-F020,1,190,190
T006021,P-L004,2,160,320
T006021,P-L018,1,130,130
T006022,P-F003,2,35,70
T006022,P-F014,1,95,95
T006023,P-L004,3,160,480
T006023,P-P015,1,220,220
T006023,P-P019,1,120,120
T006024,P-L013,1,380,380
T006024,P-F001,3,65,195
T006024,P-L011,1,520,520
T006024,P-F020,1,190,190
T006025,P-F019,1,140,140
T006025,P-F001,2,65,130
T006025,P-F014,1,95,95
T006026,P-F003,3,35,105
T006026,P-F001,1,65,65
T006027,P-L019,1,110,110
T006028,P-F003,1,35,35
T006029,P-L015,1,549,549
T006029,P-L011,1,520,520
T006029,P-F018,1,180,180
T006029,P-F001,2,65,130
T006030,P-B010,2,220,440
T006031,P-L013,1,380,380
T006031,P-F017,1,220,220
T006031,P-P013,3,150,450
T006032,P-F019,1,140,140
T006032,P-L017,1,620,620
T006032,P-L002,1,220,220
T006032,P-F003,3,35,105
T006033,P-L018,3,130,390
T006033,P-L019,1,110,110
T006034,P-F009,1,126,126
T006034,P-P009,1,890,890
T006034,P-F015,1,260,260
T006034,P-F003,2,35,70
T006035,P-L007,1,320,320
T006035,P-F019,1,140,140
T006035,P-F014,1,95,95
T006036,P-P007,1,290,290
T006036,P-L004,2,160,320
T006036,P-F019,1,140,140
T006037,P-F012,1,130,130
T006037,P-F003,3,35,105
T006038,P-P019,-1,120,-120
T006039,P-H002,1,454,454
T006039,P-F011,1,399,399
T006039,P-H001,1,734,734
T006039,P-P007,1,290,290
T006039,P-L001,1,260,260
T006039,P-L010,1,240,240
T006040,P-F004,1,58,58
T006040,P-L010,1,240,240
T006040,P-F001,1,65,65
T006040,P-L019,1,110,110
T006040,P-F005,1,158,158
T006040,P-L020,1,190,190
T006040,P-F001,1,65,65
T006040,P-G003,1,380,380
T006041,P-F003,3,35,105
T006042,P-F014,1,95,95
T006042,P-F003,1,35,35
T006043,P-F003,2,35,70
T006043,P-F014,1,95,95
T006044,P-F003,1,35,35
T006044,P-F014,1,95,95
T006045,P-B004,1,599,599
T006045,P-B008,1,395,395
T006045,P-B009,1,240,240
T006045,P-B010,1,220,220
T006046,P-B004,1,599,599
T006046,P-B009,1,240,240
T006046,P-B005,2,320,640
T006046,P-B010,1,220,220
T006047,P-F003,4,35,140
T006048,P-F012,1,130,130
T006048,P-F003,1,35,35
T006048,P-F014,1,95,95
T006049,P-P012,1,180,180
T006049,P-P019,1,120,120
T006050,P-H016,1,390,390
T006051,P-P029,1,320,320
T006051,P-H016,1,390,390
T006051,P-L014,1,180,180
T006051,P-F003,2,35,70
T006052,P-H006,1,1166,1166
T006052,P-F004,1,58,58
T006052,P-F008,1,252,252
T006052,P-F013,1,160,160
T006052,P-L004,1,160,160
T006052,P-F014,1,95,95
T006053,P-F001,2,65,130
T006054,P-P004,1,420,420
T006054,P-P023,1,260,260
T006054,P-P013,1,150,150
T006055,P-F002,2,180,360
T006055,P-F001,1,65,65
T006056,P-F001,1,65,65
T006056,P-F014,1,95,95
T006057,P-F003,1,35,35
T006057,P-P012,1,180,180
T006057,P-F014,2,95,190
T006058,P-P002,1,380,380
T006058,P-F018,1,180,180
T006058,P-P023,1,260,260
T006059,P-L014,3,180,540
T006059,P-P019,2,120,240
T006059,P-P004,1,420,420
T006059,P-L018,1,130,130
T006060,P-F001,2,65,130
T006060,P-F014,3,95,285
T006060,P-G005,1,420,420
T006060,P-L010,1,240,240
T006061,P-F004,1,58,58
T006061,P-F004,1,58,58
T006061,P-H003,1,961,961
T006061,P-L014,1,180,180
T006061,P-L003,2,150,300
T006061,P-F003,1,35,35
T006062,P-L023,1,540,540
T006062,P-L014,2,180,360
T006062,P-L002,1,220,220
T006063,P-H012,1,480,480
T006063,P-L018,1,130,130
T006063,P-L019,1,110,110
T006063,P-H007,1,520,520
T006064,P-F003,2,35,70
T006064,P-F001,1,65,65
T006064,P-F003,1,35,35
T006065,P-F003,2,35,70
T006065,P-F014,1,95,95
T006066,P-F003,1,35,35
T006067,P-F001,1,65,65
T006067,P-L019,1,110,110
T006068,P-G006,1,560,560
T006068,P-F012,3,130,390
T006068,P-P015,1,220,220
T006069,P-P019,1,120,120
T006069,P-H015,1,450,450
T006069,P-P014,1,320,320
T006069,P-P002,1,380,380
T006069,P-L020,1,190,190
T006070,P-P021,1,240,240
T006070,P-L018,3,130,390
T006070,P-L007,1,320,320
T006070,P-F012,1,130,130
T006070,P-F014,1,95,95
T006071,P-L018,2,130,260
T006071,P-F014,4,95,380
T006071,P-L008,1,450,450
T006071,P-F018,1,180,180
T006071,P-F012,2,130,260
T006072,P-L003,1,150,150
T006072,P-L019,2,110,220
T006073,P-F014,2,95,190
T006073,P-F001,1,65,65
T006073,P-F003,1,35,35
T006074,P-H021,1,580,580
T006074,P-P006,1,250,250
T006074,P-L005,2,180,360
T006075,P-H012,1,480,480
T006076,P-L003,1,150,150
T006076,P-P019,2,120,240
T006076,P-P013,2,150,300
T006077,P-L019,1,110,110
T006078,P-H012,1,480,480
T006078,P-L005,3,180,540
T006079,P-L007,1,320,320
T006079,P-F002,2,180,360
T006079,P-F018,1,180,180
T006080,P-F003,1,35,35
T006080,P-F014,3,95,285
T006080,P-L019,1,110,110
T006081,P-P021,1,240,240
T006081,P-P019,1,120,120
T006081,P-L019,1,110,110
T006082,P-F019,1,140,140
T006082,P-F014,2,95,190
T006082,P-F003,1,35,35
T006083,P-G009,1,460,460
T006083,P-P014,1,320,320
T006083,P-F001,3,65,195
T006084,P-L019,1,110,110
T006085,P-F003,3,35,105
T006086,P-F003,2,35,70
T006087,P-F001,1,65,65
T006087,P-L019,1,110,110
T006088,P-P024,1,540,540
T006088,P-F014,1,95,95
T006088,P-F002,3,180,540
T006089,P-F005,1,158,158
T006089,P-F006,1,336,336
T006089,P-F007,1,94,94
T006089,P-L007,1,320,320
T006089,P-P018,1,580,580
T006089,P-L020,1,190,190
T006090,P-F014,1,95,95
T006090,P-F001,1,65,65
T006091,P-B005,1,320,320
T006091,P-B006,3,280,840
T006092,P-B005,1,320,320
T006092,P-B009,1,240,240
T006092,P-B007,1,260,260
T006093,P-L004,1,160,160
T006093,P-L019,2,110,220
T006094,P-H021,1,580,580
T006094,P-F014,1,95,95
T006094,P-F013,1,160,160
T006095,P-L018,1,130,130
T006095,P-P028,1,200,200
T006095,P-L019,1,110,110
T006096,P-G003,1,380,380
T006096,P-L019,2,110,220
T006096,P-F003,1,35,35
T006097,P-H005,1,410,410
T006097,P-F008,1,252,252
T006097,P-F009,1,126,126
T006097,P-P006,1,250,250
T006097,P-P017,1,260,260
T006097,P-L019,3,110,330
T006098,P-F001,2,65,130
T006098,P-F014,1,95,95
T006098,P-F015,1,260,260
T006098,P-P024,1,540,540
T006098,P-P021,1,240,240
T006099,P-L014,1,180,180
T006099,P-L017,1,620,620
T006099,P-P022,1,380,380
T006099,P-L010,1,240,240
T006099,P-F003,1,35,35
T006100,P-H012,1,480,480
T006100,P-F017,1,220,220
T006100,P-L018,1,130,130
T006100,P-F014,1,95,95
T006100,P-H007,1,520,520
T006101,P-B004,1,599,599
T006101,P-B010,1,220,220
T006101,P-B008,1,395,395
T006101,P-B005,1,320,320
T006102,P-B004,1,599,599
T006102,P-B007,1,260,260
T006102,P-B010,2,220,440
T006103,P-F014,3,95,285
T006103,P-L019,1,110,110
T006104,P-F003,2,35,70
T006104,P-F012,1,130,130
T006104,P-F014,2,95,190
T006105,P-L018,3,130,390
T006105,P-L019,1,110,110
T006106,P-F003,1,35,35
T006106,P-F001,1,65,65
T006107,P-F001,2,65,130
T006108,P-F014,1,95,95
T006109,P-L014,3,180,540
T006109,P-P013,1,150,150
T006109,P-P028,1,200,200
T006109,P-L004,2,160,320
T006110,P-F003,2,35,70
T006110,P-L019,1,110,110
T006111,P-F014,2,95,190
T006112,P-L005,2,180,360
T006112,P-F002,1,180,180
T006112,P-H016,1,390,390
T006112,P-P006,1,250,250
T006112,P-L019,1,110,110
T006113,P-P004,1,420,420
T006113,P-P018,1,580,580
T006113,P-L003,3,150,450
T006114,P-G002,1,480,480
T006114,P-G004,1,320,320
T006115,P-H012,1,480,480
T006115,P-F018,1,180,180
T006115,P-L003,1,150,150
T006115,P-F003,1,35,35
T006115,P-H007,1,520,520
T006116,P-F018,1,180,180
T006116,P-L014,2,180,360
T006116,P-P030,1,300,300
T006117,P-H001,1,734,734
T006117,P-H003,1,961,961
T006117,P-F011,1,399,399
T006117,P-L014,2,180,360
T006117,P-L009,1,280,280
T006117,P-L018,1,130,130
T006118,P-F003,1,35,35
T006119,P-F003,1,35,35
T006119,P-L019,1,110,110
T006120,P-F019,1,140,140
T006120,P-F012,2,130,260
T006120,P-H017,1,640,640
T006121,P-P021,1,240,240
T006121,P-L010,1,240,240
T006121,P-L018,1,130,130
T006121,P-L019,1,110,110
T006122,P-F009,1,126,126
T006122,P-H001,1,734,734
T006122,P-F009,1,126,126
T006122,P-F001,1,65,65
T006122,P-F003,1,35,35
T006122,P-P019,1,120,120
T006123,P-F019,2,140,280
T006123,P-L005,2,180,360
T006123,P-F003,1,35,35
T006124,P-H012,1,480,480
T006124,P-F019,1,140,140
T006124,P-F012,1,130,130
T006124,P-F014,1,95,95
T006125,P-P012,-1,180,-180
T006126,P-H006,1,1166,1166
T006126,P-F008,1,252,252
T006126,P-P008,1,460,460
T006126,P-P015,1,220,220
T006126,P-F003,3,35,105
T006127,P-F001,1,65,65
T006127,P-F014,1,95,95
T006128,P-F003,4,35,140
T006129,P-F001,1,65,65
T006129,P-F014,1,95,95
T006130,P-P028,1,200,200
T006130,P-F018,3,180,540
T006130,P-F003,2,35,70
T006130,P-P007,1,290,290
T006131,P-B004,1,599,599
T006131,P-B006,1,280,280
T006131,P-B010,2,220,440
T006132,P-B009,2,240,480
T006132,P-B008,1,395,395
T006133,P-G006,1,560,560
T006133,P-L019,4,110,440
T006133,P-L004,3,160,480
T006134,P-H012,1,480,480
T006134,P-L002,1,220,220
T006134,P-F013,1,160,160
T006134,P-F003,3,35,105
T006135,P-F012,1,130,130
T006135,P-F014,2,95,190
T006135,P-F003,1,35,35
T006136,P-F013,1,160,160
T006136,P-F001,2,65,130
T006136,P-F003,1,35,35
T006137,P-F012,1,130,130
T006137,P-F003,2,35,70
T006137,P-F014,1,95,95
T006138,P-F019,1,140,140
T006138,P-F001,2,65,130
T006139,P-F010,1,79,79
T006139,P-P013,2,150,300
T006139,P-F020,1,190,190
T006139,P-L018,1,130,130
T006139,P-F007,1,94,94
T006139,P-F013,3,160,480
T006139,P-L020,1,190,190
T006139,P-P012,1,180,180
T006140,P-F003,1,35,35
T006140,P-F001,1,65,65
T006141,P-H012,1,480,480
T006141,P-F020,1,190,190
T006141,P-L004,1,160,160
T006141,P-F014,1,95,95
T006142,P-F001,-1,65,-65
T006143,P-H021,1,580,580
T006143,P-F018,2,180,360
T006144,P-H012,1,480,480
T006144,P-F002,1,180,180
T006144,P-L019,1,110,110
T006144,P-F001,1,65,65
T006145,P-G002,1,480,480
T006145,P-G004,1,320,320
T006146,P-F009,1,126,126
T006146,P-F010,1,79,79
T006146,P-F006,1,336,336
T006146,P-L008,1,450,450
T006146,P-L004,2,160,320
T006146,P-F003,2,35,70
T006147,P-P020,1,350,350
T006147,P-L004,1,160,160
T006147,P-F001,3,65,195
T006147,P-P029,1,320,320
T006147,P-H017,1,640,640
T006147,P-L010,1,240,240
T006148,P-F001,1,65,65
T006148,P-L019,1,110,110
T006149,P-F014,1,95,95
T006149,P-F003,1,35,35
T006150,P-F003,1,35,35
T006151,P-L019,1,110,110
T006152,P-B004,1,599,599
T006152,P-B004,1,599,599
T006152,P-B010,1,220,220
T006153,P-F013,3,160,480
T006153,P-G008,1,780,780
T006153,P-L005,1,180,180
T006154,P-P023,1,260,260
T006154,P-P014,1,320,320
T006154,P-F019,3,140,420
T006155,P-F004,1,58,58
T006155,P-F005,1,158,158
T006155,P-F008,1,252,252
T006155,P-F008,1,252,252
T006156,P-F007,1,94,94
T006156,P-F010,1,79,79
T006156,P-H001,1,734,734
T006156,P-H005,1,410,410
T006156,P-H005,1,410,410
T006156,P-L005,2,180,360
T006156,P-L019,1,110,110
T006157,P-L002,1,220,220
T006157,P-F003,3,35,105
T006157,P-L019,1,110,110
T006158,P-F007,1,94,94
T006158,P-G004,1,320,320
T006158,P-P001,1,260,260
T006158,P-F014,1,95,95
T006159,P-L019,1,110,110
T006159,P-F003,2,35,70
T006160,P-F007,1,94,94
T006160,P-F007,1,94,94
T006160,P-F007,1,94,94
T006160,P-P022,1,380,380
T006160,P-P012,2,180,360
T006160,P-P013,3,150,450
T006161,P-H002,1,454,454
T006161,P-H004,1,605,605
T006161,P-H002,1,454,454
T006161,P-P017,1,260,260
T006161,P-P019,1,120,120
T006161,P-L019,1,110,110
T006162,P-F014,1,95,95
T006162,P-F003,1,35,35
T006163,P-F020,1,190,190
T006163,P-F014,1,95,95
T006163,P-F003,2,35,70
T006163,P-L019,1,110,110
T006164,P-F001,4,65,260
T006164,P-F014,1,95,95
T006165,P-F001,2,65,130
T006166,P-H006,1,1166,1166
T006166,P-L005,2,180,360
T006166,P-F012,1,130,130
T006166,P-P012,1,180,180
T006166,P-F010,1,79,79
T006166,P-P020,1,350,350
T006166,P-P006,1,250,250
T006166,P-F017,1,220,220
T006167,P-L014,1,180,180
T006167,P-F002,3,180,540
T006167,P-F001,1,65,65
T006167,P-F007,1,94,94
T006167,P-L003,3,150,450
T006167,P-L004,2,160,320
T006167,P-F012,1,130,130
T006168,P-F003,2,35,70
T006168,P-L019,1,110,110
T006169,P-F003,1,35,35
T006169,P-F014,1,95,95
T006170,P-L019,1,110,110
T006170,P-F001,1,65,65
T006171,P-F014,1,95,95
T006172,P-P006,1,250,250
T006172,P-F013,1,160,160
T006172,P-F003,3,35,105
T006172,P-F001,2,65,130
T006172,P-H024,1,750,750
T006172,P-L005,3,180,540
T006173,P-P002,1,380,380
T006173,P-H016,1,390,390
T006173,P-F018,3,180,540
T006173,P-P019,1,120,120
T006174,P-H012,1,480,480
T006175,P-L019,4,110,440
T006176,P-H016,1,390,390
T006177,P-H005,1,410,410
T006177,P-F006,1,336,336
T006177,P-F010,1,79,79
T006177,P-F002,2,180,360
T006177,P-P018,1,580,580
T006177,P-F015,1,260,260
T006178,P-F014,1,95,95
T006178,P-F003,1,35,35
T006179,P-H012,1,480,480
T006179,P-F020,1,190,190
T006179,P-L014,1,180,180
T006179,P-F012,1,130,130
T006180,P-P019,1,120,120
T006180,P-F003,2,35,70
T006180,P-F020,1,190,190
T006180,P-F001,1,65,65
T006180,P-L004,3,160,480
T006181,P-L009,1,280,280
T006181,P-G009,1,460,460
T006181,P-P019,2,120,240
T006182,P-P019,2,120,240
T006182,P-L019,1,110,110
T006183,P-P029,1,320,320
T006183,P-L010,1,240,240
T006183,P-P013,1,150,150
T006183,P-F001,1,65,65
T006184,P-F003,4,35,140
T006185,P-L002,1,220,220
T006185,P-P012,2,180,360
T006185,P-L003,1,150,150
T006185,P-F018,1,180,180
T006185,P-F014,1,95,95
T006186,P-F003,1,35,35
T006187,P-B004,1,599,599
T006187,P-B007,1,260,260
T006187,P-B009,3,240,720
T006188,P-H008,1,720,720
T006188,P-F014,3,95,285
T006188,P-L019,1,110,110
T006189,P-L019,1,110,110
T006190,P-L018,1,130,130
T006190,P-H015,1,450,450
T006190,P-G005,1,420,420
T006191,P-P021,1,240,240
T006191,P-G007,1,620,620
T006191,P-P014,1,320,320
T006191,P-F012,1,130,130
T006192,P-F002,1,180,180
T006192,P-F014,2,95,190
T006193,P-L019,1,110,110
T006194,P-F003,1,35,35
T006194,P-F014,1,95,95
T006195,P-F003,2,35,70
T006196,P-F003,1,35,35
T006196,P-L019,1,110,110
T006197,P-F014,1,95,95
T006198,P-H006,1,1166,1166
T006198,P-H003,1,961,961
T006198,P-P014,1,320,320
T006198,P-P013,2,150,300
T006198,P-F018,2,180,360
T006199,P-P019,1,120,120
T006199,P-F003,3,35,105
T006199,P-F001,1,65,65
T006200,P-F001,4,65,260
T006200,P-P024,1,540,540
T006200,P-L019,1,110,110
T006201,P-L019,1,110,110
T006202,P-F001,1,65,65
T006202,P-F017,1,220,220
T006202,P-P022,1,380,380
T006202,P-L005,2,180,360
T006203,P-F002,1,180,180
T006203,P-F012,1,130,130
T006203,P-F001,1,65,65
T006204,P-F015,1,260,260
T006204,P-P019,1,120,120
T006204,P-F001,1,65,65
T006205,P-H001,1,734,734
T006205,P-F015,1,260,260
T006205,P-P004,1,420,420
T006205,P-L005,1,180,180
T006205,P-F011,1,399,399
T006205,P-P030,1,300,300
T006205,P-P019,1,120,120
T006205,P-L019,1,110,110
T006206,P-P004,1,420,420
T006206,P-F019,1,140,140
T006206,P-P013,3,150,450
T006207,P-L019,2,110,220
T006207,P-P019,1,120,120
T006207,P-F001,1,65,65
T006208,P-F014,1,95,95
T006209,P-F001,1,65,65
T006209,P-F014,1,95,95
T006210,P-B004,1,599,599
T006210,P-B010,1,220,220
T006210,P-B009,1,240,240
T006210,P-B007,1,260,260
T006211,P-B004,1,599,599
T006211,P-B006,1,280,280
T006211,P-B007,1,260,260
T006211,P-B009,1,240,240
T006212,P-F013,1,160,160
T006212,P-F003,3,35,105
T006213,P-H003,1,961,961
T006213,P-H001,1,734,734
T006213,P-H006,1,1166,1166
T006213,P-G007,1,620,620
T006213,P-P018,1,580,580
T006213,P-P012,1,180,180
T006214,P-P001,1,260,260
T006214,P-F014,4,95,380
T006214,P-F020,1,190,190
T006214,P-L010,1,240,240
T006215,P-F014,1,95,95
T006215,P-F001,1,65,65
T006216,P-P013,2,150,300
T006216,P-F001,1,65,65
T006217,P-L001,1,260,260
T006217,P-P022,1,380,380
T006217,P-L018,1,130,130
T006217,P-L019,1,110,110
T006218,P-F006,1,336,336
T006218,P-G005,1,420,420
T006218,P-P028,1,200,200
T006218,P-L005,1,180,180
T006218,P-F010,1,79,79
T006218,P-H010,1,520,520
T006218,P-P005,1,340,340
T006218,P-F019,1,140,140
T006219,P-F014,1,95,95
T006219,P-F003,1,35,35
T006220,P-F008,1,252,252
T006220,P-F010,1,79,79
T006220,P-P001,1,260,260
T006220,P-L019,1,110,110
T006220,P-F001,1,65,65
T006221,P-F003,3,35,105
T006221,P-F001,1,65,65
T006222,P-L019,1,110,110
T006222,P-F003,1,35,35
T006223,P-L019,2,110,220
T006223,P-P017,1,260,260
T006223,P-P016,1,280,280
T006224,P-H012,1,480,480
T006224,P-F019,3,140,420
T006224,P-H007,1,520,520
T006225,P-L018,1,130,130
T006225,P-L019,2,110,220
T006226,P-F013,1,160,160
T006226,P-F003,3,35,105
T006227,P-F014,2,95,190
T006227,P-F012,1,130,130
T006228,P-F018,1,180,180
T006228,P-F003,3,35,105
T006228,P-F014,1,95,95
T006229,P-F001,-1,65,-65
T006230,P-F011,1,399,399
T006230,P-H004,1,605,605
T006230,P-P013,1,150,150
T006230,P-F012,1,130,130
T006230,P-L018,1,130,130
T006231,P-L014,1,180,180
T006231,P-F014,1,95,95
T006231,P-L019,1,110,110
T006232,P-L014,2,180,360
T006232,P-H008,1,720,720
T006232,P-P005,1,340,340
T006232,P-F019,1,140,140
T006233,P-F012,1,130,130
T006233,P-F014,1,95,95
T006233,P-F001,1,65,65
T006234,P-P012,4,180,720
T006234,P-F001,2,65,130
T006234,P-L019,1,110,110
T006235,P-L019,1,110,110
T006236,P-F001,1,65,65
T006236,P-F014,1,95,95
T006237,P-L019,1,110,110
T006238,P-F014,1,95,95
T006239,P-F014,1,95,95
T006240,P-F003,2,35,70
T006241,P-F003,2,35,70
T006242,P-B004,1,599,599
T006242,P-B005,2,320,640
T006242,P-B009,1,240,240
T006243,P-B004,1,599,599
T006243,P-B009,1,240,240
T006243,P-B007,1,260,260
T006243,P-B010,1,220,220
T006244,P-B005,1,320,320
T006244,P-B007,1,260,260
T006244,P-B010,1,220,220
T006245,P-P005,1,340,340
T006245,P-L023,1,540,540
T006245,P-L010,1,240,240
T006246,P-H012,1,480,480
T006246,P-L003,1,150,150
T006246,P-F018,1,180,180
T006246,P-L019,1,110,110
T006247,P-L003,1,150,150
T006247,P-L019,2,110,220
T006248,P-F002,1,180,180
T006248,P-F014,2,95,190
T006249,P-L015,1,549,549
T006249,P-P023,1,260,260
T006249,P-L001,1,260,260
T006250,P-F003,3,35,105
T006251,P-P015,1,220,220
T006251,P-L023,1,540,540
T006251,P-L010,1,240,240
T006251,P-L019,1,110,110
T006252,P-P004,1,420,420
T006252,P-F014,1,95,95
T006252,P-L019,1,110,110
T006253,P-L019,1,110,110
T006253,P-F003,1,35,35
T006254,P-P012,1,180,180
T006254,P-F003,3,35,105
T006255,P-P006,1,250,250
T006255,P-F014,1,95,95
T006255,P-F001,1,65,65
T006256,P-H023,1,620,620
T006256,P-P005,1,340,340
T006256,P-L004,1,160,160
T006257,P-L018,2,130,260
T006257,P-F003,1,35,35
T006257,P-F001,1,65,65
T006258,P-F019,1,140,140
T006258,P-L019,1,110,110
T006258,P-F003,1,35,35
T006259,P-G006,1,560,560
T006259,P-P018,1,580,580
T006259,P-P019,1,120,120
T006260,P-F013,1,160,160
T006260,P-P002,1,380,380
T006260,P-L002,1,220,220
T006260,P-P020,1,350,350
T006261,P-F001,1,65,65
T006261,P-F014,1,95,95
T006262,P-F003,2,35,70
T006263,P-F001,1,65,65
T006263,P-F003,1,35,35
T006264,P-F003,1,35,35
T006264,P-F001,2,65,130
T006265,P-L024,1,420,420
T006265,P-L020,1,190,190
T006265,P-F012,1,130,130
T006266,P-F007,1,94,94
T006266,P-L018,1,130,130
T006266,P-P012,3,180,540
T006266,P-F020,1,190,190
T006266,P-H006,1,1166,1166
T006266,P-P001,1,260,260
T006266,P-P018,1,580,580
T006266,P-L019,3,110,330
T006267,P-B004,1,599,599
T006267,P-B008,1,395,395
T006267,P-B010,1,220,220
T006268,P-B004,1,599,599
T006268,P-B007,1,260,260
T006268,P-B010,1,220,220
T006268,P-B009,1,240,240
T006269,P-B010,2,220,440
T006269,P-B007,1,260,260
T006270,P-B008,2,395,790
T006270,P-B009,1,240,240
T006271,P-L001,1,260,260
T006271,P-P007,1,290,290
T006271,P-P014,1,320,320
T006271,P-L018,1,130,130
T006271,P-F003,1,35,35
T006272,P-B010,-1,220,-220
T006273,P-L010,1,240,240
T006273,P-G003,1,380,380
T006273,P-L014,3,180,540
T006273,P-L019,1,110,110
T006274,P-G001,1,880,880
T006274,P-L005,2,180,360
T006274,P-L003,2,150,300
T006274,P-L024,1,420,420
T006274,P-L013,1,380,380
T006274,P-F001,3,65,195
T006275,P-L014,3,180,540
T006275,P-P022,1,380,380
T006275,P-L018,3,130,390
T006276,P-F003,1,35,35
T006276,P-F014,1,95,95
T006276,P-F001,1,65,65
T006277,P-H012,1,480,480
T006277,P-L014,1,180,180
T006277,P-L019,2,110,220
T006277,P-H007,1,520,520
T006278,P-F001,1,65,65
T006278,P-L019,1,110,110
T006279,P-H001,1,734,734
T006279,P-F011,1,399,399
T006279,P-P021,1,240,240
T006279,P-F003,4,35,140
T006279,P-F014,1,95,95
T006280,P-L002,1,220,220
T006280,P-F001,2,65,130
T006280,P-P015,1,220,220
T006280,P-F019,3,140,420
T006280,P-L018,2,130,260
T006280,P-L019,1,110,110
T006281,P-F003,1,35,35
T006282,P-F001,3,65,195
T006283,P-F001,1,65,65
T006283,P-F014,1,95,95
T006284,P-F001,1,65,65
T006284,P-F014,1,95,95
T006285,P-H012,1,480,480
T006285,P-L019,1,110,110
T006285,P-F013,2,160,320
T006285,P-F003,2,35,70
T006286,P-P015,1,220,220
T006286,P-F001,1,65,65
T006286,P-F014,1,95,95
T006287,P-F019,3,140,420
T006287,P-L019,1,110,110
T006288,P-F013,2,160,320
T006288,P-L004,3,160,480
T006288,P-F012,2,130,260
T006289,P-L019,1,110,110
T006290,P-L019,1,110,110
T006291,P-P017,1,260,260
T006291,P-L015,1,549,549
T006291,P-F019,1,140,140
T006292,P-P023,1,260,260
T006292,P-L018,1,130,130
T006292,P-F001,1,65,65
T006293,P-F007,1,94,94
T006293,P-H023,1,620,620
T006293,P-L024,1,420,420
T006293,P-L005,1,180,180
T006293,P-F005,1,158,158
T006293,P-L020,1,190,190
T006293,P-L004,1,160,160
T006293,P-F019,2,140,280
T006294,P-L019,1,110,110
T006294,P-P014,1,320,320
T006294,P-F003,1,35,35
T006294,P-G009,2,460,920
T006294,P-L010,1,240,240
T006294,P-F017,1,220,220
T006295,P-F003,2,35,70
T006295,P-L019,1,110,110
T006296,P-F001,1,65,65
T006296,P-L019,1,110,110
T006297,P-F003,4,35,140
T006298,P-H012,1,480,480
T006298,P-L020,1,190,190
T006298,P-L019,2,110,220
T006299,P-B004,1,599,599
T006299,P-B007,3,260,780
T006299,P-B009,1,240,240
T006300,P-F001,3,65,195
T006300,P-F014,1,95,95
T006301,P-L019,4,110,440
T006302,P-H016,1,390,390
T006303,P-F012,3,130,390
T006303,P-F001,1,65,65
T006304,P-P013,3,150,450
T006304,P-L002,1,220,220
T006304,P-L003,1,150,150
T006304,P-F004,1,58,58
T006304,P-H022,1,690,690
T006304,P-F020,1,190,190
T006304,P-F019,3,140,420
T006305,P-F001,1,65,65
T006305,P-L019,1,110,110
T006306,P-F001,1,65,65
T006306,P-L018,1,130,130
T006306,P-F014,1,95,95
T006307,P-L007,1,320,320
T006307,P-P012,2,180,360
T006307,P-P016,1,280,280
T006308,P-F003,4,35,140
T006308,P-F001,1,65,65
T006308,P-L019,1,110,110
T006309,P-F003,2,35,70
T006309,P-F001,1,65,65
T006310,P-F003,1,35,35
T006311,P-F003,1,35,35
T006311,P-F001,1,65,65
T006312,P-B006,1,280,280
T006312,P-B010,1,220,220
T006313,P-B004,1,599,599
T006313,P-B006,2,280,560
T006314,P-G004,1,320,320
T006314,P-L011,1,520,520
T006314,P-F020,1,190,190
T006315,P-H006,1,1166,1166
T006315,P-F007,1,94,94
T006315,P-F010,1,79,79
T006315,P-H004,1,605,605
T006316,P-L024,1,420,420
T006316,P-P017,1,260,260
T006316,P-F018,3,180,540
T006317,P-P023,1,260,260
T006317,P-P015,1,220,220
T006317,P-L002,1,220,220
T006317,P-L019,2,110,220
T006318,P-F015,1,260,260
T006318,P-F020,1,190,190
T006318,P-L019,1,110,110
T006319,P-P006,1,250,250
T006319,P-F003,3,35,105
T006319,P-F001,2,65,130
T006320,P-F014,1,95,95
T006321,P-F001,1,65,65
T006321,P-F003,3,35,105
T006322,P-F003,3,35,105
T006322,P-F001,1,65,65
T006323,P-F001,1,65,65
T006323,P-F003,1,35,35
T006324,P-F003,2,35,70
T006325,P-F011,1,399,399
T006325,P-H004,1,605,605
T006325,P-F005,1,158,158
T006325,P-F012,2,130,260
T006325,P-L014,3,180,540
T006325,P-G005,1,420,420
T006326,P-P001,1,260,260
T006326,P-H025,1,480,480
T006326,P-L013,1,380,380
T006326,P-F001,4,65,260
T006326,P-P016,1,280,280
T006326,P-F014,3,95,285
T006327,P-B004,1,599,599
T006327,P-B009,1,240,240
T006327,P-B007,1,260,260
T006327,P-B005,1,320,320
T006328,P-B004,1,599,599
T006328,P-B006,1,280,280
T006328,P-B009,1,240,240
T006328,P-B007,1,260,260
T006329,P-L017,1,620,620
T006329,P-G004,1,320,320
T006329,P-L005,1,180,180
T006329,P-F003,1,35,35
T006330,P-L007,1,320,320
T006330,P-P012,1,180,180
T006330,P-L018,1,130,130
T006330,P-F003,2,35,70
T006331,P-H016,1,390,390
T006332,P-F013,1,160,160
T006332,P-F003,1,35,35
T006332,P-F001,1,65,65
T006333,P-F003,1,35,35
T006333,P-L019,1,110,110
T006334,P-F001,1,65,65
T006334,P-L019,1,110,110
T006335,P-G002,2,480,960
T006335,P-G004,1,320,320
T006336,P-F010,1,79,79
T006336,P-P007,1,290,290
T006336,P-P019,1,120,120
T006336,P-F003,2,35,70
T006336,P-H005,1,410,410
T006336,P-H009,1,780,780
T006336,P-P016,1,280,280
T006336,P-P021,1,240,240
T006337,P-G007,1,620,620
T006337,P-P028,1,200,200
T006337,P-P012,2,180,360
T006337,P-G004,1,320,320
T006337,P-H023,1,620,620
T006337,P-F014,1,95,95
T006338,P-H012,1,480,480
T006338,P-F017,1,220,220
T006338,P-F020,1,190,190
T006338,P-F003,3,35,105
T006339,P-F014,1,95,95
T006340,P-F003,3,35,105
T006341,P-L019,1,110,110
T006341,P-F001,1,65,65
T006342,P-F002,2,180,360
T006342,P-L023,1,540,540
T006342,P-P006,1,250,250
T006342,P-F014,1,95,95
T006343,P-P019,2,120,240
T006343,P-P008,1,460,460
T006343,P-F015,1,260,260
T006343,P-L018,1,130,130
T006344,P-L009,1,280,280
T006344,P-F019,1,140,140
T006344,P-P014,1,320,320
T006345,P-L019,1,110,110
T006345,P-F001,1,65,65
T006346,P-P017,1,260,260
T006346,P-F001,3,65,195
T006346,P-F002,1,180,180
T006347,P-H004,1,605,605
T006347,P-F011,1,399,399
T006347,P-P002,1,380,380
T006347,P-P017,1,260,260
T006347,P-P019,1,120,120
T006348,P-P019,-1,120,-120
T006349,P-F014,1,95,95
T006349,P-F003,1,35,35
T006350,P-F003,2,35,70
T006350,P-F001,1,65,65
T006351,P-F003,2,35,70
T006351,P-L019,1,110,110
T006352,P-F003,2,35,70
T006352,P-L019,1,110,110
T006353,P-H015,1,450,450
T006353,P-L020,1,190,190
T006353,P-F014,1,95,95
T006354,P-L001,1,260,260
T006354,P-P019,2,120,240
T006354,P-L007,1,320,320
T006354,P-L005,1,180,180
T006355,P-F011,1,399,399
T006355,P-F004,1,58,58
T006355,P-P012,3,180,540
T006355,P-F002,2,180,360
T006355,P-P001,1,260,260
T006356,P-F014,1,95,95
T006356,P-F001,2,65,130
T006357,P-H016,1,390,390
T006358,P-G009,1,460,460
T006358,P-G004,1,320,320
T006358,P-P007,1,290,290
T006358,P-F003,1,35,35
T006358,P-F001,1,65,65
T006359,P-F001,1,65,65
T006359,P-F003,1,35,35
T006360,P-L010,1,240,240
T006360,P-L003,3,150,450
T006360,P-F019,3,140,420
T006361,P-H012,1,480,480
T006361,P-F015,1,260,260
T006361,P-F013,1,160,160
T006361,P-F003,1,35,35
T006361,P-H007,1,520,520
T006362,P-L003,3,150,450
T006362,P-L004,3,160,480
T006362,P-F001,1,65,65
T006363,P-F007,1,94,94
T006363,P-L014,1,180,180
T006363,P-L018,1,130,130
T006363,P-L013,1,380,380
T006363,P-H005,1,410,410
T006363,P-L005,1,180,180
T006363,P-P016,1,280,280
T006363,P-P012,3,180,540
T006364,P-F003,1,35,35
T006364,P-F001,1,65,65
T006364,P-F014,1,95,95
T006365,P-L015,1,549,549
T006365,P-F020,1,190,190
T006365,P-P029,1,320,320
T006365,P-P019,1,120,120
T006366,P-L019,1,110,110
T006366,P-G002,1,480,480
T006366,P-L009,1,280,280
T006367,P-H001,1,734,734
T006367,P-F010,1,79,79
T006367,P-F011,1,399,399
T006367,P-H023,1,620,620
T006367,P-P024,1,540,540
T006367,P-G005,1,420,420
T006368,P-H016,1,390,390
T006369,P-P016,1,280,280
T006369,P-F003,3,35,105
T006369,P-L019,1,110,110
T006370,P-L019,1,110,110
T006370,P-F003,1,35,35
T006371,P-G009,1,460,460
T006371,P-F018,1,180,180
T006371,P-F020,1,190,190
T006372,P-F001,1,65,65
T006372,P-F003,1,35,35
T006373,P-F011,1,399,399
T006373,P-P024,1,540,540
T006373,P-L023,1,540,540
T006373,P-L014,2,180,360
T006374,P-F003,2,35,70
T006374,P-F014,1,95,95
T006375,P-F014,2,95,190
T006376,P-B004,1,599,599
T006376,P-B005,1,320,320
T006376,P-B007,2,260,520
T006377,P-H016,1,390,390
T006378,P-F019,1,140,140
T006378,P-F014,1,95,95
T006378,P-F001,1,65,65
T006379,P-F010,1,79,79
T006379,P-H006,1,1166,1166
T006379,P-F006,1,336,336
T006379,P-L017,1,620,620
T006379,P-L002,1,220,220
T006379,P-P013,1,150,150
T006380,P-F010,1,79,79
T006380,P-H017,1,640,640
T006380,P-P029,1,320,320
T006380,P-L002,1,220,220
T006381,P-G002,1,480,480
T006381,P-P023,1,260,260
T006381,P-L003,1,150,150
T006381,P-P020,1,350,350
T006381,P-P005,1,340,340
T006381,P-F013,1,160,160
T006382,P-G002,1,480,480
T006382,P-G003,1,380,380
T006383,P-L018,2,130,260
T006383,P-P019,2,120,240
T006383,P-P006,1,250,250
T006384,P-L005,1,180,180
T006384,P-L019,1,110,110
T006385,P-P028,1,200,200
T006385,P-L015,1,549,549
T006385,P-F001,1,65,65
T006386,P-L018,1,130,130
T006386,P-L010,1,240,240
T006386,P-P006,1,250,250
T006387,P-F003,1,35,35
T006387,P-F014,1,95,95
T006388,P-F003,3,35,105
T006389,P-F003,3,35,105
T006390,P-F001,1,65,65
T006390,P-F003,1,35,35
T006391,P-B004,1,599,599
T006391,P-B010,2,220,440
T006391,P-B009,1,240,240
T006392,P-B004,1,599,599
T006392,P-B010,2,220,440
T006392,P-B009,1,240,240
T006393,P-H012,1,480,480
T006393,P-L018,3,130,390
T006393,P-F003,1,35,35
T006393,P-F014,1,95,95
T006394,P-H012,1,480,480
T006394,P-L004,3,160,480
T006395,P-L019,4,110,440
T006396,P-F019,1,140,140
T006396,P-F001,2,65,130
T006397,P-F004,1,58,58
T006397,P-H021,1,580,580
T006397,P-L023,1,540,540
T006397,P-P001,1,260,260
T006398,P-P001,1,260,260
T006398,P-P018,1,580,580
T006398,P-P017,1,260,260
T006398,P-F019,2,140,280
T006398,P-L018,1,130,130
T006399,P-P013,1,150,150
T006399,P-L014,1,180,180
T006399,P-P012,3,180,540
T006400,P-F012,1,130,130
T006400,P-L018,1,130,130
T006400,P-F001,1,65,65
T006400,P-L019,1,110,110
T006401,P-F011,1,399,399
T006401,P-P016,1,280,280
T006401,P-F020,1,190,190
T006401,P-F013,1,160,160
T006401,P-F011,1,399,399
T006401,P-P006,1,250,250
T006401,P-F001,1,65,65
T006401,P-F003,3,35,105
T006402,P-F005,1,158,158
T006402,P-F006,1,336,336
T006402,P-H008,1,720,720
T006402,P-L005,2,180,360
T006402,P-L002,1,220,220
T006403,P-F003,1,35,35
T006404,P-F003,2,35,70
T006404,P-L019,1,110,110
T006405,P-F003,1,35,35
T006405,P-F001,1,65,65
T006406,P-P012,3,180,540
T006406,P-P006,1,250,250
T006406,P-L009,1,280,280
T006406,P-P019,1,120,120
T006407,P-P001,1,260,260
T006407,P-P020,1,350,350
T006407,P-P011,1,320,320
T006407,P-L018,3,130,390
T006408,P-F007,1,94,94
T006408,P-H001,1,734,734
T006408,P-F013,2,160,320
T006408,P-P021,1,240,240
T006408,P-F001,1,65,65
T006409,P-F007,1,94,94
T006409,P-H006,1,1166,1166
T006409,P-F006,1,336,336
T006409,P-L008,1,450,450
T006409,P-P007,1,290,290
T006409,P-L003,3,150,450
T006410,P-P029,1,320,320
T006410,P-F019,1,140,140
T006410,P-L019,2,110,220
T006411,P-H017,1,640,640
T006411,P-F013,1,160,160
T006411,P-P024,1,540,540
T006411,P-L023,1,540,540
T006411,P-L009,1,280,280
T006411,P-L014,3,180,540
T006412,P-P013,1,150,150
T006413,P-F020,1,190,190
T006413,P-P015,1,220,220
T006413,P-F014,1,95,95
T006413,P-L019,1,110,110
T006414,P-F012,-1,130,-130
T006415,P-F001,-1,65,-65
T006416,P-F005,1,158,158
T006416,P-F005,1,158,158
T006416,P-H004,1,605,605
T006416,P-P010,1,657,657
T006416,P-P007,1,290,290
T006416,P-L004,1,160,160
T006417,P-P011,1,320,320
T006417,P-H015,1,450,450
T006417,P-F018,1,180,180
T006417,P-L018,3,130,390
T006417,P-P019,1,120,120
T006417,P-F012,1,130,130
T006418,P-F005,1,158,158
T006418,P-F004,1,58,58
T006418,P-F010,1,79,79
T006418,P-P004,1,420,420
T006418,P-L018,2,130,260
T006418,P-L002,1,220,220
T006419,P-G002,1,480,480
T006419,P-P022,1,380,380
T006419,P-P019,2,120,240
T006420,P-L010,1,240,240
T006420,P-P021,1,240,240
T006420,P-F015,1,260,260
T006420,P-F020,1,190,190
T006420,P-L009,1,280,280
T006420,P-L019,1,110,110
T006421,P-H005,1,410,410
T006421,P-L004,2,160,320
T006421,P-L017,1,620,620
T006421,P-P014,1,320,320
T006421,P-H003,1,961,961
T006421,P-F005,1,158,158
T006421,P-G002,1,480,480
T006421,P-L004,2,160,320
T006422,P-L019,1,110,110
T006422,P-F001,1,65,65
T006423,P-P011,1,320,320
T006423,P-P028,1,200,200
T006423,P-L008,1,450,450
T006424,P-F003,3,35,105
T006425,P-L018,3,130,390
T006425,P-G009,1,460,460
T006425,P-F018,1,180,180
T006425,P-F003,1,35,35
T006425,P-P019,1,120,120
T006426,P-H023,1,620,620
T006426,P-P002,1,380,380
T006426,P-F012,1,130,130
T006427,P-B004,1,599,599
T006427,P-B007,2,260,520
T006427,P-B008,1,395,395
T006428,P-B005,1,320,320
T006428,P-B008,1,395,395
T006428,P-B010,1,220,220
T006429,P-L019,4,110,440
T006430,P-L018,1,130,130
T006430,P-L019,2,110,220
T006431,P-L005,3,180,540
T006431,P-L014,1,180,180
T006431,P-F003,2,35,70
T006431,P-L019,1,110,110
T006432,P-F008,1,252,252
T006432,P-H004,1,605,605
T006432,P-F008,1,252,252
T006432,P-F019,4,140,560
T006432,P-F003,2,35,70
T006432,P-L001,1,260,260
T006433,P-P011,1,320,320
T006433,P-L010,1,240,240
T006433,P-F003,2,35,70
T006434,P-H003,1,961,961
T006434,P-F011,1,399,399
T006434,P-P029,1,320,320
T006434,P-L006,1,707,707
T006434,P-P021,1,240,240
T006435,P-P008,1,460,460
T006435,P-F012,3,130,390
T006435,P-P017,1,260,260
T006435,P-H020,1,720,720
T006435,P-F001,2,65,130
T006435,P-F003,3,35,105
T006436,P-F003,2,35,70
T006437,P-F003,3,35,105
T006438,P-L019,1,110,110
T006439,P-F001,1,65,65
T006439,P-L019,1,110,110
T006440,P-H012,1,480,480
T006440,P-F017,1,220,220
T006440,P-F001,3,65,195
T006440,P-H007,1,520,520
T006441,P-H012,1,480,480
T006441,P-F013,2,160,320
T006441,P-F001,2,65,130
T006442,P-F019,1,140,140
T006442,P-F001,1,65,65
T006442,P-F003,1,35,35
T006442,P-F014,1,95,95
T006443,P-H012,1,480,480
T006443,P-L019,2,110,220
T006444,P-F003,2,35,70
T006444,P-F001,1,65,65
T006445,P-H006,1,1166,1166
T006445,P-H002,1,454,454
T006445,P-H004,1,605,605
T006445,P-P017,1,260,260
T006445,P-F019,2,140,280
T006445,P-H021,1,580,580
T006446,P-P010,1,657,657
T006446,P-P017,1,260,260
T006446,P-F003,3,35,105
T006446,P-F019,2,140,280
T006446,P-L005,1,180,180
T006446,P-L019,1,110,110
T006447,P-F001,1,65,65
T006447,P-L019,1,110,110
T006448,P-H006,1,1166,1166
T006448,P-F007,1,94,94
T006448,P-H002,1,454,454
T006448,P-L019,4,110,440
T006448,P-F003,1,35,35
T006449,P-B004,1,599,599
T006449,P-B008,1,395,395
T006449,P-B010,1,220,220
T006449,P-B009,1,240,240
T006450,P-B004,1,599,599
T006450,P-B006,1,280,280
T006450,P-B010,1,220,220
T006450,P-B005,1,320,320
T006451,P-B002,1,760,760
T006451,P-B009,1,240,240
T006451,P-B008,1,395,395
T006452,P-L018,2,130,260
T006452,P-F014,1,95,95
T006453,P-P013,3,150,450
T006453,P-L004,1,160,160
T006453,P-P023,1,260,260
T006454,P-H025,1,480,480
T006454,P-L020,1,190,190
T006454,P-F020,1,190,190
T006455,P-F001,1,65,65
T006455,P-F003,1,35,35
T006456,P-H012,1,480,480
T006456,P-L009,1,280,280
T006456,P-F012,1,130,130
T006456,P-F014,1,95,95
T006457,P-L003,1,150,150
T006457,P-L019,2,110,220
T006458,P-F003,3,35,105
T006459,P-H015,1,450,450
T006459,P-P008,1,460,460
T006459,P-F013,3,160,480
T006460,P-F003,1,35,35
T006460,P-L005,1,180,180
T006460,P-L019,1,110,110
T006461,P-P006,1,250,250
T006461,P-P012,1,180,180
T006461,P-F003,1,35,35
T006461,P-H020,1,720,720
T006461,P-H010,1,520,520
T006461,P-L001,1,260,260
T006462,P-F001,1,65,65
T006463,P-F003,1,35,35
T006464,P-F003,1,35,35
T006464,P-F001,2,65,130
T006465,P-F003,2,35,70
T006466,P-P025,1,480,480
T006466,P-F012,3,130,390
T006466,P-L019,1,110,110
T006467,P-B001,1,780,780
T006467,P-B006,1,280,280
T006467,P-B010,1,220,220
T006468,P-B010,1,220,220
T006468,P-B007,1,260,260
T006468,P-B006,1,280,280
T006469,P-F014,3,95,285
T006469,P-P030,1,300,300
T006469,P-L010,1,240,240
T006470,P-H012,1,480,480
T006470,P-L001,1,260,260
T006470,P-F014,2,95,190
T006470,P-H007,1,520,520
T006471,P-F020,1,190,190
T006471,P-L020,1,190,190
T006471,P-P001,1,260,260
T006471,P-P015,1,220,220
T006471,P-P028,1,200,200
T006471,P-F001,2,65,130
T006472,P-H012,1,480,480
T006472,P-L014,1,180,180
T006472,P-L018,1,130,130
T006472,P-F003,1,35,35
T006472,P-H007,1,520,520
T006473,P-F014,1,95,95
T006473,P-F003,1,35,35
T006474,P-H017,1,640,640
T006474,P-P014,1,320,320
T006474,P-L019,1,110,110
T006475,P-F017,1,220,220
T006475,P-F003,1,35,35
T006475,P-L011,1,520,520
T006476,P-L019,1,110,110
T006476,P-F001,1,65,65
T006477,P-L019,1,110,110
T006477,P-F001,1,65,65
T006478,P-F003,1,35,35
T006478,P-F001,1,65,65
T006478,P-F014,1,95,95
T006479,P-L019,1,110,110
T006480,P-L013,1,380,380
T006480,P-P013,2,150,300
T006480,P-F003,1,35,35
T006481,P-H012,1,480,480
T006481,P-F017,1,220,220
T006481,P-F014,2,95,190
T006482,P-P017,1,260,260
T006482,P-L014,1,180,180
T006482,P-L009,1,280,280
T006483,P-P007,2,290,580
T006483,P-P029,1,320,320
T006483,P-F003,1,35,35
T006483,P-F014,1,95,95
T006484,P-P001,1,260,260
T006484,P-P019,2,120,240
T006484,P-F012,1,130,130
T006485,P-P016,1,280,280
T006485,P-H016,1,390,390
T006485,P-P028,1,200,200
T006485,P-F001,1,65,65
T006486,P-L014,2,180,360
T006486,P-F001,1,65,65
T006486,P-P013,1,150,150
T006486,P-F017,2,220,440
T006486,P-L003,1,150,150
T006486,P-P001,1,260,260
T006487,P-L008,1,450,450
T006487,P-F002,1,180,180
T006487,P-L019,1,110,110
T006487,P-P008,1,460,460
T006487,P-P006,1,250,250
T006487,P-L018,3,130,390
T006488,P-F001,1,65,65
T006488,P-L019,1,110,110
T006489,P-L019,1,110,110
T006490,P-F001,1,65,65
T006491,P-F003,2,35,70
T006492,P-L013,1,380,380
T006492,P-F014,2,95,190
T006492,P-F012,1,130,130
T006493,P-B004,1,599,599
T006493,P-B008,1,395,395
T006493,P-B010,1,220,220
T006493,P-B006,1,280,280
T006494,P-B004,1,599,599
T006494,P-B010,2,220,440
T006494,P-B006,2,280,560
T006495,P-P021,1,240,240
T006495,P-P029,1,320,320
T006495,P-L004,1,160,160
T006496,P-G004,-1,320,-320
T006497,P-F004,1,58,58
T006497,P-F004,1,58,58
T006497,P-L025,1,1180,1180
T006497,P-L020,1,190,190
T006497,P-L002,1,220,220
T006498,P-P020,1,350,350
T006498,P-L012,1,460,460
T006498,P-P030,1,300,300
T006498,P-P007,1,290,290
T006498,P-G005,1,420,420
T006498,P-L009,1,280,280
T006499,P-H012,1,480,480
T006499,P-F015,1,260,260
T006499,P-F014,2,95,190
T006500,P-P021,1,240,240
T006500,P-P017,1,260,260
T006500,P-L018,3,130,390
T006500,P-F001,2,65,130
T006501,P-G002,1,480,480
T006501,P-G005,1,420,420
T006502,P-L019,1,110,110
T006503,P-H003,1,961,961
T006503,P-F009,1,126,126
T006503,P-F005,1,158,158
T006503,P-G003,1,380,380
T006503,P-L002,1,220,220
T006503,P-P012,3,180,540
T006504,P-B004,1,599,599
T006504,P-B008,1,395,395
T006504,P-B006,1,280,280
T006504,P-B010,1,220,220
T006505,P-B004,1,599,599
T006505,P-B005,1,320,320
T006505,P-B010,2,220,440
T006505,P-B009,1,240,240
T006506,P-B005,1,320,320
T006506,P-B010,1,220,220
T006506,P-B009,1,240,240
T006507,P-B006,1,280,280
T006507,P-B004,1,599,599
T006507,P-B007,1,260,260
T006508,P-B005,1,320,320
T006508,P-B008,1,395,395
T006508,P-B007,1,260,260
T006509,P-G006,1,560,560
T006509,P-L007,2,320,640
T006509,P-F002,1,180,180
T006509,P-P019,1,120,120
T006510,P-L019,1,110,110
T006510,P-P021,1,240,240
T006510,P-F019,2,140,280
T006511,P-L024,1,420,420
T006511,P-P012,3,180,540
T006511,P-P023,1,260,260
T006511,P-L019,2,110,220
T006511,P-L004,2,160,320
T006511,P-L003,1,150,150
T006512,P-L019,4,110,440
T006513,P-P019,1,120,120
T006514,P-F011,1,399,399
T006514,P-F009,1,126,126
T006514,P-F015,1,260,260
T006514,P-L014,3,180,540
T006514,P-P019,3,120,360
T006515,P-G009,1,460,460
T006515,P-L002,1,220,220
T006515,P-L005,1,180,180
T006515,P-L019,4,110,440
T006515,P-F018,1,180,180
T006515,P-P019,1,120,120
T006516,P-L001,1,260,260
T006516,P-P028,1,200,200
T006516,P-P019,1,120,120
T006517,P-F011,1,399,399
T006517,P-F008,1,252,252
T006517,P-P025,1,480,480
T006517,P-F019,2,140,280
T006517,P-L002,1,220,220
T006518,P-H006,1,1166,1166
T006518,P-F009,1,126,126
T006518,P-H001,1,734,734
T006518,P-G005,1,420,420
T006518,P-P023,1,260,260
T006518,P-F013,2,160,320
T006519,P-H001,1,734,734
T006519,P-F009,1,126,126
T006519,P-L002,1,220,220
T006519,P-L004,1,160,160
T006519,P-L019,1,110,110
T006520,P-G002,2,480,960
T006521,P-F001,1,65,65
T006522,P-F003,1,35,35
T006522,P-L019,1,110,110
T006523,P-F003,1,35,35
T006524,P-F014,2,95,190
T006525,P-B001,1,780,780
T006525,P-B006,1,280,280
T006525,P-B009,1,240,240
T006526,P-L005,1,180,180
T006526,P-P013,3,150,450
T006526,P-F001,1,65,65
T006527,P-L004,1,160,160
T006527,P-F014,1,95,95
T006527,P-L019,1,110,110
T006528,P-F005,1,158,158
T006528,P-H006,1,1166,1166
T006528,P-L005,3,180,540
T006528,P-G007,1,620,620
T006528,P-P020,1,350,350
T006529,P-F011,1,399,399
T006529,P-F008,1,252,252
T006529,P-F004,1,58,58
T006529,P-L009,1,280,280
T006529,P-F014,3,95,285
T006529,P-P019,1,120,120
T006530,P-F005,1,158,158
T006530,P-H016,1,390,390
T006530,P-L009,1,280,280
T006530,P-F014,1,95,95
T006530,P-H005,1,410,410
T006530,P-F005,1,158,158
T006530,P-F014,3,95,285
T006530,P-F019,1,140,140
T006531,P-P013,1,150,150
T006531,P-P019,1,120,120
T006532,P-L019,3,110,330
T006532,P-F015,1,260,260
T006532,P-F001,3,65,195
T006533,P-P013,2,150,300
T006533,P-F001,1,65,65
T006534,P-P012,1,180,180
T006534,P-F001,2,65,130
T006534,P-F014,1,95,95
T006535,P-F019,3,140,420
T006535,P-F018,1,180,180
T006535,P-F001,2,65,130
T006536,P-F014,1,95,95
T006537,P-P025,1,480,480
T006537,P-L009,1,280,280
T006537,P-L003,1,150,150
T006537,P-P028,1,200,200
T006537,P-L019,1,110,110
T006538,P-H006,1,1166,1166
T006538,P-L013,1,380,380
T006538,P-P019,2,120,240
T006538,P-F003,3,35,105
T006538,P-F009,1,126,126
T006538,P-F014,2,95,190
T006538,P-P012,2,180,360
T006538,P-F003,2,35,70
T006539,P-F011,1,399,399
T006539,P-F020,1,190,190
T006539,P-L003,2,150,300
T006539,P-H020,1,720,720
T006539,P-F011,1,399,399
T006539,P-F012,1,130,130
T006539,P-P028,1,200,200
T006539,P-P016,1,280,280
T006540,P-H012,1,480,480
T006540,P-L020,1,190,190
T006540,P-F003,1,35,35
T006540,P-F001,2,65,130
T006541,P-H012,1,480,480
T006541,P-F014,4,95,380
T006541,P-F018,1,180,180
T006542,P-F003,1,35,35
T006543,P-F003,2,35,70
T006543,P-F014,1,95,95
T006544,P-F012,3,130,390
T006544,P-P020,1,350,350
T006544,P-F015,1,260,260
T006545,P-F014,1,95,95
T006545,P-F001,1,65,65
T006546,P-F019,1,140,140
T006546,P-H016,1,390,390
T006546,P-L001,1,260,260
T006546,P-F020,1,190,190
T006546,P-F001,1,65,65
T006547,P-F018,3,180,540
T006547,P-F001,1,65,65
T006548,P-L020,1,190,190
T006548,P-F003,3,35,105
T006548,P-P019,1,120,120
T006549,P-F015,1,260,260
T006549,P-P004,1,420,420
T006549,P-F017,1,220,220
T006550,P-L019,4,110,440
T006551,P-H003,1,961,961
T006551,P-H005,1,410,410
T006551,P-F011,1,399,399
T006551,P-H009,1,780,780
T006551,P-P018,1,580,580
T006551,P-P006,1,250,250
T006552,P-B004,-1,599,-599
T006553,P-F009,1,126,126
T006553,P-F004,1,58,58
T006553,P-H002,1,454,454
T006553,P-L002,1,220,220
T006553,P-F003,3,35,105
T006553,P-L019,1,110,110
T006554,P-P013,1,150,150
T006555,P-L010,1,240,240
T006555,P-P002,1,380,380
T006555,P-F020,1,190,190
T006555,P-P007,1,290,290
T006555,P-P017,1,260,260
T006555,P-P028,1,200,200
T006556,P-L015,1,549,549
T006556,P-L020,1,190,190
T006556,P-P001,1,260,260
T006556,P-F014,1,95,95
T006557,P-L014,2,180,360
T006557,P-F012,2,130,260
T006557,P-G005,1,420,420
T006557,P-P029,1,320,320
T006557,P-F001,3,65,195
T006558,P-F014,1,95,95
T006559,P-F003,3,35,105
T006560,P-L002,1,220,220
T006560,P-P023,1,260,260
T006560,P-P021,1,240,240
T006560,P-L003,1,150,150
T006560,P-F003,2,35,70
T006561,P-F018,1,180,180
T006561,P-F001,1,65,65
T006561,P-L019,1,110,110
T006562,P-B004,1,599,599
T006562,P-B007,1,260,260
T006562,P-B005,1,320,320
T006562,P-B009,1,240,240
T006563,P-B004,1,599,599
T006563,P-B009,1,240,240
T006563,P-B006,2,280,560
T006564,P-H016,1,390,390
T006565,P-F001,2,65,130
T006566,P-F012,3,130,390
T006566,P-L009,1,280,280
T006566,P-P015,1,220,220
T006566,P-F003,3,35,105
T006567,P-L017,1,620,620
T006567,P-L002,1,220,220
T006567,P-F003,3,35,105
T006567,P-L010,1,240,240
T006568,P-H012,1,480,480
T006568,P-L019,3,110,330
T006568,P-F014,1,95,95
T006568,P-H007,1,520,520
T006569,P-F019,3,140,420
T006569,P-L001,1,260,260
T006569,P-F014,1,95,95
T006570,P-F007,1,94,94
T006570,P-H005,1,410,410
T006570,P-F008,1,252,252
T006570,P-H016,1,390,390
T006570,P-P019,2,120,240
T006570,P-F001,3,65,195
T006571,P-F003,1,35,35
T006572,P-F003,1,35,35
T006573,P-F001,1,65,65
T006573,P-L019,1,110,110
T006574,P-F014,1,95,95
T006575,P-B004,1,599,599
T006575,P-B009,2,240,480
T006575,P-B010,1,220,220
T006575,P-B007,1,260,260
T006576,P-F007,1,94,94
T006576,P-F006,1,336,336
T006576,P-F010,1,79,79
T006576,P-L001,1,260,260
T006576,P-P011,1,320,320
T006576,P-L010,1,240,240
T006577,P-F019,1,140,140
T006577,P-F014,1,95,95
T006577,P-F003,1,35,35
T006577,P-F001,1,65,65
T006578,P-F019,3,140,420
T006578,P-P017,1,260,260
T006578,P-P028,1,200,200
T006578,P-L019,2,110,220
T006579,P-F018,2,180,360
T006579,P-P020,1,350,350
T006579,P-F003,3,35,105
T006580,P-L008,1,450,450
T006580,P-L004,3,160,480
T006580,P-L019,4,110,440
T006580,P-F001,1,65,65
T006580,P-F014,1,95,95
T006581,P-G002,2,480,960
T006582,P-L008,1,450,450
T006582,P-L004,3,160,480
T006582,P-L014,1,180,180
T006582,P-F014,1,95,95
T006583,P-H021,1,580,580
T006583,P-F020,1,190,190
T006583,P-F017,1,220,220
T006584,P-F014,2,95,190
T006585,P-F003,1,35,35
T006586,P-H006,1,1166,1166
T006586,P-F005,1,158,158
T006586,P-F011,1,399,399
T006586,P-L008,1,450,450
T006586,P-F018,2,180,360
T006586,P-L019,1,110,110
T006587,P-F003,2,35,70
T006587,P-F001,1,65,65
T006588,P-H003,1,961,961
T006588,P-F007,1,94,94
T006588,P-P003,1,780,780
T006588,P-P029,1,320,320
T006588,P-F002,2,180,360
T006589,P-H001,1,734,734
T006589,P-P005,1,340,340
T006589,P-P007,1,290,290
T006589,P-P015,1,220,220
T006590,P-F001,4,65,260
T006590,P-L017,1,620,620
T006590,P-L005,1,180,180
T006590,P-F014,1,95,95
T006591,P-F003,2,35,70
T006591,P-F001,1,65,65
T006592,P-G005,1,420,420
T006592,P-F017,1,220,220
T006592,P-P028,1,200,200
T006593,P-H012,1,480,480
T006593,P-L019,2,110,220
T006593,P-H007,1,520,520
T006594,P-F001,2,65,130
T006594,P-F003,1,35,35
T006595,P-F003,3,35,105
T006596,P-F001,1,65,65
T006596,P-F014,1,95,95
T006597,P-B004,1,599,599
T006597,P-B008,1,395,395
T006597,P-B006,1,280,280
T006597,P-B007,1,260,260
T006598,P-B010,1,220,220
T006598,P-B005,1,320,320
T006598,P-B007,1,260,260
T006599,P-F003,4,35,140
T006599,P-F014,2,95,190
T006600,P-H003,1,961,961
T006600,P-L004,3,160,480
T006600,P-P014,1,320,320
T006600,P-H023,1,620,620
T006600,P-H002,1,454,454
T006600,P-L016,1,880,880
T006600,P-L005,2,180,360
T006600,P-P013,2,150,300
T006601,P-F010,1,79,79
T006601,P-H001,1,734,734
T006601,P-P013,1,150,150
T006601,P-F003,2,35,70
T006601,P-L014,1,180,180
T006602,P-H010,1,520,520
T006602,P-F001,3,65,195
T006602,P-F014,1,95,95
T006603,P-P013,1,150,150
T006603,P-F002,3,180,540
T006603,P-L019,3,110,330
T006603,P-F001,1,65,65
T006604,P-F001,2,65,130
T006605,P-F015,1,260,260
T006605,P-F001,4,65,260
T006605,P-P011,1,320,320
T006605,P-F003,2,35,70
T006605,P-L019,1,110,110
T006606,P-B009,1,240,240
T006606,P-B008,1,395,395
T006606,P-B007,1,260,260
T006607,P-F019,1,140,140
T006607,P-F014,2,95,190
T006608,P-H016,1,390,390
T006609,P-L009,1,280,280
T006609,P-L005,1,180,180
T006609,P-F003,2,35,70
T006610,P-P020,1,350,350
T006610,P-F019,2,140,280
T006610,P-P012,1,180,180
T006610,P-F017,1,220,220
T006610,P-L019,1,110,110
T006611,P-H012,1,480,480
T006611,P-H007,1,520,520
T006612,P-F011,1,399,399
T006612,P-F004,1,58,58
T006612,P-F006,1,336,336
T006612,P-L001,1,260,260
T006612,P-F014,2,95,190
T006613,P-P022,1,380,380
T006613,P-H021,1,580,580
T006613,P-P011,1,320,320
T006613,P-P025,1,480,480
T006613,P-F002,1,180,180
T006613,P-F014,1,95,95
T006614,P-F003,2,35,70
T006614,P-F014,1,95,95
T006615,P-F014,2,95,190
T006616,P-B004,1,599,599
T006616,P-B007,1,260,260
T006616,P-B005,1,320,320
T006616,P-B009,1,240,240
T006617,P-F003,4,35,140
T006617,P-F014,1,95,95
T006618,P-F014,2,95,190
T006618,P-F003,1,35,35
T006618,P-F001,1,65,65
T006619,P-H016,1,390,390
T006620,P-P017,1,260,260
T006620,P-L011,1,520,520
T006620,P-F020,1,190,190
T006620,P-F001,1,65,65
T006621,P-L019,1,110,110
T006621,P-F003,1,35,35
T006622,P-F003,2,35,70
T006622,P-L019,1,110,110
T006623,P-F003,4,35,140
T006624,P-P014,1,320,320
T006624,P-F002,3,180,540
T006625,P-L019,1,110,110
T006626,P-F012,3,130,390
T006626,P-L005,3,180,540
T006626,P-F015,1,260,260
T006627,P-F003,3,35,105
T006628,P-B009,1,240,240
T006628,P-B002,1,760,760
T006628,P-B006,1,280,280
T006629,P-H006,1,1166,1166
T006629,P-H004,1,605,605
T006629,P-P018,1,580,580
T006629,P-P012,3,180,540
T006629,P-L019,1,110,110
T006630,P-F013,1,160,160
T006630,P-F014,1,95,95
T006631,P-H016,1,390,390
T006632,P-H016,1,390,390
T006633,P-H012,1,480,480
T006633,P-F013,2,160,320
T006633,P-F003,2,35,70
T006633,P-F014,1,95,95
T006634,P-F005,1,158,158
T006634,P-L011,1,520,520
T006634,P-L024,1,420,420
T006634,P-L014,3,180,540
T006634,P-F007,1,94,94
T006634,P-L018,2,130,260
T006634,P-P015,1,220,220
T006634,P-H020,1,720,720
T006635,P-F003,1,35,35
T006635,P-L019,1,110,110
T006636,P-F003,3,35,105
T006637,P-L019,1,110,110
T006638,P-F003,3,35,105
T006639,P-F003,1,35,35
T006639,P-F001,1,65,65
T006640,P-B004,1,599,599
T006640,P-B010,2,220,440
T006640,P-B005,1,320,320
T006641,P-L003,1,150,150
T006641,P-F003,4,35,140
T006641,P-F001,1,65,65
T006642,P-P029,1,320,320
T006642,P-L015,1,549,549
T006642,P-L012,1,460,460
T006642,P-H002,1,454,454
T006642,P-F017,1,220,220
T006642,P-L005,1,180,180
T006642,P-L019,1,110,110
T006643,P-H012,1,480,480
T006643,P-F001,3,65,195
T006643,P-F003,1,35,35
T006643,P-L019,1,110,110
T006644,P-F012,1,130,130
T006644,P-F001,2,65,130
T006645,P-F001,2,65,130
T006645,P-P030,1,300,300
T006645,P-L024,1,420,420
T006646,P-F001,1,65,65
T006646,P-F003,3,35,105
T006647,P-L007,2,320,640
T006647,P-L018,1,130,130
T006647,P-L019,1,110,110
T006648,P-F003,1,35,35
T006648,P-F014,1,95,95
T006649,P-F001,1,65,65
T006649,P-L019,1,110,110
T006650,P-F003,2,35,70
T006651,P-G006,1,560,560
T006651,P-P002,1,380,380
T006651,P-F001,3,65,195
T006651,P-F014,1,95,95
T006652,P-L002,-1,220,-220
T006653,P-G005,1,420,420
T006653,P-F003,3,35,105
T006653,P-F014,1,95,95
T006654,P-H004,1,605,605
T006654,P-H001,1,734,734
T006654,P-P007,1,290,290
T006654,P-L004,2,160,320
T006654,P-F018,1,180,180
T006655,P-F012,2,130,260
T006655,P-F003,1,35,35
T006655,P-F001,1,65,65
T006656,P-H016,1,390,390
T006657,P-F003,3,35,105
T006658,P-L019,1,110,110
T006659,P-P024,1,540,540
T006659,P-F001,2,65,130
T006659,P-P023,1,260,260
T006659,P-F012,1,130,130
T006660,P-P029,1,320,320
T006660,P-L011,1,520,520
T006660,P-P012,3,180,540
T006661,P-L023,1,540,540
T006661,P-F017,1,220,220
T006661,P-F014,1,95,95
T006661,P-F003,2,35,70
T006662,P-F014,1,95,95
T006662,P-F001,1,65,65
T006663,P-F014,1,95,95
T006664,P-F003,2,35,70
T006664,P-F014,1,95,95
T006665,P-F003,1,35,35
T006665,P-F001,1,65,65
T006665,P-F014,1,95,95
T006666,P-H012,1,480,480
T006666,P-F018,1,180,180
T006666,P-F001,3,65,195
T006667,P-B004,1,599,599
T006667,P-B010,1,220,220
T006667,P-B009,1,240,240
T006667,P-B005,1,320,320
T006668,P-L018,1,130,130
T006668,P-L019,1,110,110
T006669,P-L003,1,150,150
T006669,P-L019,1,110,110
T006670,P-H012,1,480,480
T006670,P-F020,1,190,190
T006670,P-L014,1,180,180
T006670,P-F001,2,65,130
T006670,P-H007,1,520,520
T006671,P-L002,1,220,220
T006671,P-F020,1,190,190
T006671,P-F003,3,35,105
T006672,P-P030,1,300,300
T006672,P-F001,1,65,65
T006672,P-L019,1,110,110
T006673,P-P001,1,260,260
T006673,P-F019,1,140,140
T006673,P-P024,1,540,540
T006673,P-H015,1,450,450
T006673,P-P012,2,180,360
T006673,P-F015,1,260,260
T006674,P-L019,1,110,110
T006675,P-F003,1,35,35
T006676,P-F014,1,95,95
T006677,P-F003,2,35,70
T006678,P-F014,1,95,95
T006678,P-F001,1,65,65
T006679,P-F014,1,95,95
T006679,P-F001,1,65,65
T006680,P-P030,1,300,300
T006680,P-F013,1,160,160
T006680,P-F003,1,35,35
T006680,P-P004,1,420,420
T006680,P-L001,1,260,260
T006680,P-L019,1,110,110
T006681,P-F013,1,160,160
T006681,P-F003,3,35,105
T006682,P-L004,1,160,160
T006682,P-L019,2,110,220
T006683,P-P017,1,260,260
T006683,P-F020,1,190,190
T006683,P-P014,1,320,320
T006683,P-F019,1,140,140
T006683,P-F014,1,95,95
T006684,P-L004,2,160,320
T006684,P-L005,3,180,540
T006684,P-P013,2,150,300
T006685,P-F003,3,35,105
T006686,P-F001,1,65,65
T006686,P-F014,1,95,95
T006687,P-F014,1,95,95
T006687,P-L020,1,190,190
T006687,P-F003,2,35,70
T006688,P-P020,1,350,350
T006688,P-F003,1,35,35
T006688,P-L004,1,160,160
T006688,P-L019,1,110,110
T006689,P-F001,1,65,65
T006689,P-L019,1,110,110
T006690,P-G002,1,480,480
T006690,P-G003,1,380,380
T006691,P-F003,1,35,35
T006691,P-L019,1,110,110
T006692,P-B004,1,599,599
T006692,P-B007,2,260,520
T006692,P-B005,1,320,320
T006692,P-B010,1,220,220
T006693,P-P016,1,280,280
T006693,P-F001,2,65,130
T006693,P-P005,1,340,340
T006693,P-F002,2,180,360
T006693,P-L014,1,180,180
T006693,P-F019,1,140,140
T006694,P-P002,1,380,380
T006694,P-G003,1,380,380
T006694,P-P007,1,290,290
T006694,P-F014,2,95,190
T006695,P-H012,1,480,480
T006695,P-F002,3,180,540
T006696,P-H004,1,605,605
T006696,P-H003,1,961,961
T006696,P-F008,1,252,252
T006696,P-L013,1,380,380
T006696,P-F017,1,220,220
T006696,P-L005,3,180,540
T006697,P-L018,1,130,130
T006697,P-L007,1,320,320
T006697,P-L001,1,260,260
T006698,P-P005,1,340,340
T006698,P-P021,1,240,240
T006698,P-L003,1,150,150
T006698,P-P019,2,120,240
T006698,P-L018,2,130,260
T006698,P-P024,1,540,540
T006699,P-L019,1,110,110
T006700,P-F003,2,35,70
T006700,P-F014,1,95,95
T006701,P-F003,3,35,105
T006702,P-L019,1,110,110
T006703,P-B004,1,599,599
T006703,P-B009,1,240,240
T006703,P-B010,1,220,220
T006703,P-B006,1,280,280
T006704,P-F018,1,180,180
T006704,P-L019,1,110,110
T006704,P-F001,1,65,65
T006705,P-F011,1,399,399
T006705,P-F009,1,126,126
T006705,P-H004,1,605,605
T006705,P-L003,2,150,300
T006705,P-P018,1,580,580
T006705,P-F012,3,130,390
T006706,P-H016,1,390,390
T006707,P-F009,1,126,126
T006707,P-F004,1,58,58
T006707,P-F005,1,158,158
T006707,P-L004,2,160,320
T006707,P-F015,1,260,260
T006707,P-L009,1,280,280
T006708,P-P006,2,250,500
T006708,P-P007,1,290,290
T006708,P-L018,1,130,130
T006709,P-G003,1,380,380
T006709,P-H010,1,520,520
T006709,P-F017,1,220,220
T006710,P-F020,1,190,190
T006710,P-L009,1,280,280
T006710,P-P001,1,260,260
T006710,P-F002,3,180,540
T006711,P-P025,1,480,480
T006711,P-P015,1,220,220
T006711,P-P021,1,240,240
T006711,P-F003,1,35,35
T006711,P-F001,1,65,65
T006712,P-G007,1,620,620
T006712,P-P021,1,240,240
T006712,P-L009,1,280,280
T006712,P-L001,1,260,260
T006712,P-F014,1,95,95
T006713,P-H012,1,480,480
T006713,P-L020,1,190,190
T006713,P-L005,1,180,180
T006713,P-L019,1,110,110
T006714,P-F001,2,65,130
T006715,P-F003,1,35,35
T006715,P-L019,1,110,110
T006716,P-H012,1,480,480
T006716,P-L002,1,220,220
T006716,P-F012,2,130,260
T006716,P-F001,1,65,65
T006716,P-H007,1,520,520
T006717,P-P020,1,350,350
T006717,P-F002,2,180,360
T006717,P-F019,1,140,140
T006718,P-F001,2,65,130
T006718,P-F003,1,35,35
T006719,P-F003,2,35,70
T006719,P-F014,1,95,95
T006720,P-F001,1,65,65
T006721,P-B007,2,260,520
T006721,P-B009,1,240,240
T006721,P-B010,1,220,220
T006722,P-F003,3,35,105
T006722,P-F001,1,65,65
T006723,P-L003,1,150,150
T006723,P-L019,1,110,110
T006724,P-P019,1,120,120
T006725,P-F012,-1,130,-130
T006726,P-H005,1,410,410
T006726,P-F004,1,58,58
T006726,P-F009,1,126,126
T006726,P-P021,1,240,240
T006726,P-L002,1,220,220
T006726,P-P007,1,290,290
T006727,P-H003,1,961,961
T006727,P-H003,1,961,961
T006727,P-P017,1,260,260
T006727,P-P013,3,150,450
T006727,P-P008,1,460,460
T006728,P-F003,2,35,70
T006728,P-F001,1,65,65
T006729,P-L019,1,110,110
T006730,P-L019,1,110,110
T006731,P-H012,1,480,480
T006731,P-F014,1,95,95
T006731,P-F018,2,180,360
T006731,P-L019,1,110,110
T006732,P-F003,2,35,70
T006732,P-F001,1,65,65
T006733,P-F014,1,95,95
T006733,P-F003,1,35,35
T006734,P-P019,4,120,480
T006734,P-L011,1,520,520
T006734,P-F018,1,180,180
T006735,P-F003,3,35,105
T006735,P-L001,1,260,260
T006735,P-F001,3,65,195
T006736,P-F013,2,160,320
T006736,P-G006,1,560,560
T006736,P-P021,1,240,240
T006736,P-F003,3,35,105
T006737,P-P016,1,280,280
T006737,P-F012,1,130,130
T006737,P-F001,1,65,65
T006738,P-L019,1,110,110
T006738,P-F003,1,35,35
T006739,P-F003,1,35,35
T006739,P-F014,1,95,95
T006740,P-F003,2,35,70
T006741,P-L019,1,110,110
T006742,P-F003,2,35,70
T006743,P-P024,1,540,540
T006743,P-P019,3,120,360
T006744,P-L003,1,150,150
T006744,P-L019,1,110,110
T006745,P-P019,3,120,360
T006746,P-H016,1,390,390
T006747,P-F003,2,35,70
T006747,P-F001,1,65,65
T006748,P-L019,1,110,110
T006749,P-L002,1,220,220
T006749,P-L020,1,190,190
T006749,P-F020,1,190,190
T006749,P-P028,1,200,200
T006749,P-H024,1,750,750
T006749,P-F013,3,160,480
T006750,P-G003,1,380,380
T006750,P-P006,1,250,250
T006750,P-P019,1,120,120
T006750,P-F001,1,65,65
T006751,P-F003,2,35,70
T006751,P-F014,1,95,95
T006752,P-F003,1,35,35
T006753,P-F003,2,35,70
T006754,P-F003,1,35,35
T006754,P-F014,1,95,95
T006755,P-F001,1,65,65
T006755,P-F003,1,35,35
T006756,P-F001,1,65,65
T006756,P-F003,1,35,35
T006757,P-F008,1,252,252
T006757,P-G006,1,560,560
T006757,P-F003,1,35,35
T006757,P-F015,1,260,260
T006758,P-F006,1,336,336
T006758,P-L013,1,380,380
T006758,P-G009,1,460,460
T006758,P-F012,3,130,390
T006759,P-H012,1,480,480
T006759,P-F015,1,260,260
T006759,P-F014,3,95,285
T006759,P-H007,1,520,520
T006760,P-L019,1,110,110
T006761,P-F001,1,65,65
T006761,P-F003,1,35,35
T006762,P-G002,2,480,960
T006763,P-F003,3,35,105
T006764,P-B009,1,240,240
T006764,P-B010,3,220,660
T006765,P-B004,1,599,599
T006765,P-B009,2,240,480
T006765,P-B007,1,260,260
T006766,P-L002,1,220,220
T006766,P-F002,2,180,360
T006766,P-L020,1,190,190
T006766,P-G004,1,320,320
T006766,P-L004,1,160,160
T006767,P-H012,1,480,480
T006767,P-L002,1,220,220
T006767,P-L019,2,110,220
T006768,P-F006,1,336,336
T006768,P-G010,1,1080,1080
T006768,P-P016,1,280,280
T006768,P-P007,1,290,290
T006768,P-F010,1,79,79
T006768,P-H016,1,390,390
T006768,P-H009,1,780,780
T006768,P-P021,1,240,240
T006769,P-H012,1,480,480
T006769,P-F002,2,180,360
T006769,P-F003,1,35,35
T006769,P-L019,1,110,110
T006770,P-F012,1,130,130
T006770,P-L019,4,110,440
T006770,P-F003,1,35,35
T006771,P-F007,1,94,94
T006771,P-F005,1,158,158
T006771,P-L019,3,110,330
T006771,P-F015,1,260,260
T006771,P-P013,1,150,150
T006772,P-F003,3,35,105
T006773,P-B004,1,599,599
T006773,P-B009,1,240,240
T006773,P-B007,1,260,260
T006774,P-B004,1,599,599
T006774,P-B008,1,395,395
T006774,P-B010,2,220,440
T006775,P-B009,2,240,480
T006775,P-B010,1,220,220
T006776,P-F007,1,94,94
T006776,P-H003,1,961,961
T006776,P-H005,1,410,410
T006776,P-F012,2,130,260
T006776,P-F001,1,65,65
T006776,P-F003,3,35,105
T006777,P-P024,1,540,540
T006777,P-F003,3,35,105
T006777,P-H015,1,450,450
T006777,P-F017,1,220,220
T006777,P-G005,1,420,420
T006777,P-L014,2,180,360
T006778,P-L005,1,180,180
T006778,P-L019,1,110,110
T006779,P-L003,1,150,150
T006779,P-L019,1,110,110
T006780,P-H025,1,480,480
T006780,P-F017,1,220,220
T006780,P-P002,1,380,380
T006780,P-P006,1,250,250
T006780,P-F001,2,65,130
T006781,P-G002,2,480,960
T006782,P-F015,1,260,260
T006782,P-L014,1,180,180
T006782,P-L018,1,130,130
T006783,P-H002,1,454,454
T006783,P-F008,1,252,252
T006783,P-P009,1,890,890
T006783,P-G003,1,380,380
T006783,P-F001,2,65,130
T006784,P-F002,2,180,360
T006784,P-P002,1,380,380
T006784,P-L010,1,240,240
T006785,P-F003,1,35,35
T006786,P-F015,1,260,260
T006786,P-F019,1,140,140
T006786,P-P019,3,120,360
T006787,P-G005,1,420,420
T006787,P-P014,1,320,320
T006787,P-P020,1,350,350
T006787,P-L006,1,707,707
T006787,P-F018,2,180,360
T006787,P-F012,1,130,130
T006788,P-H006,1,1166,1166
T006788,P-H021,2,580,1160
T006788,P-L013,1,380,380
T006788,P-F012,1,130,130
T006788,P-F007,1,94,94
T006788,P-P011,1,320,320
T006788,P-P022,1,380,380
T006788,P-L020,1,190,190
T006789,P-F009,1,126,126
T006789,P-F005,1,158,158
T006789,P-H001,1,734,734
T006789,P-G008,1,780,780
T006789,P-P012,2,180,360
T006789,P-F003,2,35,70
T006790,P-F003,1,35,35
T006790,P-F002,2,180,360
T006790,P-F014,1,95,95
T006790,P-F015,1,260,260
T006790,P-L005,3,180,540
T006790,P-F003,3,35,105
T006791,P-F020,2,190,380
T006791,P-L011,1,520,520
T006791,P-F001,2,65,130
T006792,P-F014,1,95,95
T006793,P-F003,1,35,35
T006793,P-F014,1,95,95
T006794,P-L019,1,110,110
T006795,P-L019,1,110,110
T006795,P-F001,1,65,65
T006796,P-F003,1,35,35
T006796,P-L019,1,110,110
T006797,P-F003,2,35,70
T006797,P-L019,1,110,110
T006798,P-B004,1,599,599
T006798,P-B010,2,220,440
T006798,P-B009,2,240,480
T006799,P-B004,1,599,599
T006799,P-B005,2,320,640
T006799,P-B009,1,240,240
T006800,P-B004,1,599,599
T006800,P-B004,1,599,599
T006800,P-B010,1,220,220
T006801,P-H002,1,454,454
T006801,P-F007,1,94,94
T006801,P-H021,1,580,580
T006801,P-P011,1,320,320
T006801,P-L010,1,240,240
T006802,P-H001,1,734,734
T006802,P-F004,1,58,58
T006802,P-H024,1,750,750
T006802,P-P022,1,380,380
T006802,P-F002,3,180,540
T006803,P-F019,2,140,280
T006803,P-F014,1,95,95
T006803,P-L019,1,110,110
T006803,P-H011,1,960,960
T006803,P-P030,1,300,300
T006803,P-P017,1,260,260
T006804,P-G003,1,380,380
T006804,P-F019,2,140,280
T006804,P-P019,3,120,360
T006804,P-G002,1,480,480
T006804,P-L011,1,520,520
T006804,P-L019,3,110,330
T006805,P-H012,1,480,480
T006805,P-F012,3,130,390
T006806,P-F004,1,58,58
T006806,P-H004,1,605,605
T006806,P-F003,1,35,35
T006806,P-G005,1,420,420
T006806,P-L020,1,190,190
T006807,P-F017,1,220,220
T006807,P-L004,1,160,160
T006807,P-F014,1,95,95
T006807,P-F003,1,35,35
T006808,P-H012,1,480,480
T006808,P-F013,2,160,320
T006808,P-F001,2,65,130
T006808,P-F014,1,95,95
T006808,P-H007,1,520,520
T006809,P-H025,1,480,480
T006809,P-L004,1,160,160
T006809,P-F001,2,65,130
T006810,P-F001,1,65,65
T006810,P-F014,1,95,95
T006811,P-F001,1,65,65
T006811,P-L019,1,110,110
T006812,P-L009,1,280,280
T006812,P-L008,1,450,450
T006812,P-P002,1,380,380
T006812,P-H004,1,605,605
T006812,P-L015,1,549,549
T006812,P-F020,1,190,190
T006812,P-P018,1,580,580
T006813,P-L004,2,160,320
T006813,P-H022,1,690,690
T006813,P-F020,1,190,190
T006814,P-F008,1,252,252
T006814,P-F007,1,94,94
T006814,P-P003,1,780,780
T006814,P-P006,1,250,250
T006814,P-L019,1,110,110
T006815,P-B004,1,599,599
T006815,P-B008,1,395,395
T006815,P-B005,1,320,320
T006815,P-B010,1,220,220
T006816,P-F018,1,180,180
T006816,P-F001,1,65,65
T006816,P-F003,1,35,35
T006817,P-G004,1,320,320
T006817,P-P013,1,150,150
T006817,P-F019,2,140,280
T006818,P-H004,1,605,605
T006818,P-G001,1,880,880
T006818,P-H016,1,390,390
T006818,P-L005,1,180,180
T006819,P-H012,1,480,480
T006819,P-F012,3,130,390
T006820,P-L002,1,220,220
T006820,P-L020,1,190,190
T006820,P-F014,3,95,285
T006821,P-F003,2,35,70
T006821,P-P016,1,280,280
T006821,P-L020,1,190,190
T006821,P-L003,2,150,300
T006821,P-L019,1,110,110
T006821,P-L005,2,180,360
T006822,P-F003,1,35,35
T006823,P-F003,3,35,105
T006824,P-B010,1,220,220
T006824,P-B009,2,240,480
T006825,P-P022,1,380,380
T006825,P-G004,1,320,320
T006825,P-L002,1,220,220
T006825,P-L019,1,110,110
T006826,P-H021,1,580,580
T006826,P-L003,4,150,600
T006826,P-L019,1,110,110
T006827,P-H016,1,390,390
T006828,P-L019,1,110,110
T006829,P-H016,1,390,390
T006829,P-L007,1,320,320
T006829,P-L020,1,190,190
T006830,P-F001,2,65,130
T006830,P-F003,1,35,35
T006831,P-L011,1,520,520
T006831,P-L013,1,380,380
T006831,P-L018,1,130,130
T006831,P-F003,3,35,105
T006832,P-F001,1,65,65
T006832,P-F014,1,95,95
T006833,P-F003,3,35,105
T006834,P-H009,1,780,780
T006834,P-F014,3,95,285
T006834,P-L002,1,220,220
T006835,P-F013,2,160,320
T006835,P-F001,1,65,65
T006835,P-F003,1,35,35
T006836,P-F005,1,158,158
T006836,P-H025,1,480,480
T006836,P-H013,1,850,850
T006836,P-P019,3,120,360
T006836,P-H004,1,605,605
T006836,P-L024,1,420,420
T006836,P-L008,1,450,450
T006836,P-F014,2,95,190
T006837,P-P012,2,180,360
T006837,P-P017,1,260,260
T006837,P-L004,2,160,320
T006837,P-P012,3,180,540
T006837,P-L003,1,150,150
T006837,P-P008,1,460,460
T006838,P-F001,1,65,65
T006838,P-L019,1,110,110
T006839,P-F003,2,35,70
T006839,P-F014,1,95,95
T006840,P-F001,1,65,65
T006840,P-L019,1,110,110
T006841,P-P025,1,480,480
T006841,P-L001,1,260,260
T006841,P-F018,1,180,180
T006842,P-H012,1,480,480
T006842,P-L004,1,160,160
T006842,P-L005,1,180,180
T006842,P-F001,1,65,65
T006843,P-L018,1,130,130
T006843,P-L019,1,110,110
T006844,P-F014,3,95,285
T006844,P-F001,1,65,65
T006845,P-P019,1,120,120
T006846,P-F007,1,94,94
T006846,P-H001,1,734,734
T006846,P-F013,2,160,320
T006846,P-H016,1,390,390
T006846,P-P028,1,200,200
T006847,P-H006,1,1166,1166
T006847,P-H001,1,734,734
T006847,P-F003,2,35,70
T006847,P-P025,1,480,480
T006847,P-P020,1,350,350
T006848,P-L005,2,180,360
T006848,P-F014,1,95,95
T006848,P-P025,1,480,480
T006848,P-F001,1,65,65
T006848,P-F013,1,160,160
T006849,P-F003,1,35,35
T006849,P-L019,1,110,110
T006850,P-F003,2,35,70
T006851,P-F003,2,35,70
T006852,P-F003,1,35,35
T006852,P-F001,1,65,65
T006852,P-F003,1,35,35
T006853,P-B004,1,599,599
T006853,P-B006,2,280,560
T006853,P-B010,2,220,440
T006854,P-P008,1,460,460
T006854,P-F019,1,140,140
T006854,P-F017,1,220,220
T006854,P-F015,1,260,260
T006854,P-L003,1,150,150
T006854,P-F014,1,95,95
T006855,P-P014,1,320,320
T006855,P-H022,1,690,690
T006855,P-P007,1,290,290
T006855,P-L018,1,130,130
T006856,P-F020,1,190,190
T006856,P-L020,1,190,190
T006856,P-P019,3,120,360
T006856,P-P013,1,150,150
T006856,P-F003,3,35,105
T006857,P-G006,1,560,560
T006857,P-L014,3,180,540
T006857,P-F003,4,35,140
T006857,P-L019,1,110,110
T006858,P-F018,1,180,180
T006858,P-P019,1,120,120
T006858,P-F014,1,95,95
T006859,P-L002,-1,220,-220
T006860,P-H015,1,450,450
T006860,P-P028,1,200,200
T006860,P-F014,1,95,95
T006861,P-H006,1,1166,1166
T006861,P-H005,1,410,410
T006861,P-H004,1,605,605
T006861,P-G008,1,780,780
T006861,P-L003,1,150,150
T006861,P-P029,1,320,320
T006862,P-F003,2,35,70
T006862,P-L019,1,110,110
T006863,P-L019,1,110,110
T006864,P-B004,1,599,599
T006864,P-B010,1,220,220
T006864,P-B006,2,280,560
T006865,P-P001,1,260,260
T006865,P-L012,1,460,460
T006865,P-L003,1,150,150
T006865,P-P021,1,240,240
T006865,P-L002,1,220,220
T006865,P-F014,1,95,95
T006866,P-P022,1,380,380
T006866,P-F002,3,180,540
T006867,P-G002,2,480,960
T006867,P-G004,1,320,320
T006868,P-F009,1,126,126
T006868,P-P023,1,260,260
T006868,P-P020,1,350,350
T006868,P-P006,1,250,250
T006868,P-H004,1,605,605
T006868,P-L003,2,150,300
T006868,P-F003,3,35,105
T006868,P-F001,1,65,65
T006869,P-H016,1,390,390
T006870,P-F013,1,160,160
T006870,P-F014,1,95,95
T006870,P-F001,1,65,65
T006871,P-F003,3,35,105
T006872,P-H004,1,605,605
T006872,P-F008,1,252,252
T006872,P-F009,1,126,126
T006872,P-H015,1,450,450
T006872,P-P022,1,380,380
T006872,P-L018,1,130,130
T006873,P-F019,3,140,420
T006873,P-F014,1,95,95
T006873,P-L001,1,260,260
T006873,P-L020,1,190,190
T006873,P-P021,1,240,240
T006874,P-F017,1,220,220
T006874,P-L012,1,460,460
T006874,P-L018,2,130,260
T006875,P-F013,2,160,320
T006875,P-P001,1,260,260
T006875,P-P019,1,120,120
T006875,P-H023,1,620,620
T006875,P-P014,1,320,320
T006875,P-L003,1,150,150
T006876,P-F001,2,65,130
T006877,P-F003,2,35,70
T006878,P-F003,2,35,70
T006879,P-F003,1,35,35
T006879,P-F001,1,65,65
T006879,P-F003,1,35,35
T006880,P-F003,2,35,70
T006880,P-L019,1,110,110
T006881,P-F011,1,399,399
T006881,P-F004,1,58,58
T006881,P-H002,1,454,454
T006881,P-L024,1,420,420
T006881,P-L009,1,280,280
T006881,P-L017,1,620,620
T006882,P-F003,1,35,35
T006882,P-L019,1,110,110
T006883,P-H001,1,734,734
T006883,P-F009,1,126,126
T006883,P-G002,1,480,480
T006883,P-P015,1,220,220
T006883,P-H025,1,480,480
T006884,P-H012,1,480,480
T006884,P-F001,3,65,195
T006884,P-L018,3,130,390
T006884,P-H007,1,520,520
T006885,P-F014,2,95,190
T006885,P-F003,3,35,105
T006886,P-H012,1,480,480
T006886,P-L002,1,220,220
T006886,P-L019,1,110,110
T006886,P-F003,1,35,35
T006886,P-H007,1,520,520
T006887,P-L018,3,130,390
T006887,P-F001,3,65,195
T006887,P-F014,1,95,95
T006888,P-F003,2,35,70
T006888,P-F001,1,65,65
T006889,P-F003,3,35,105
T006890,P-L020,1,190,190
T006890,P-L024,1,420,420
T006890,P-P017,1,260,260
T006891,P-L001,1,260,260
T006891,P-G003,1,380,380
T006891,P-P021,1,240,240
T006892,P-L020,1,190,190
T006892,P-L001,1,260,260
T006892,P-L009,1,280,280
T006892,P-P012,1,180,180
T006893,P-F014,2,95,190
T006894,P-L018,1,130,130
T006894,P-L019,1,110,110
T006895,P-F013,1,160,160
T006895,P-F003,1,35,35
T006895,P-F001,2,65,130
T006896,P-F017,1,220,220
T006896,P-P007,1,290,290
T006896,P-P019,1,120,120
T006897,P-G003,1,380,380
T006897,P-F019,2,140,280
T006897,P-F001,2,65,130
T006898,P-L001,1,260,260
T006898,P-P020,1,350,350
T006898,P-P016,1,280,280
T006898,P-F019,3,140,420
T006899,P-F015,1,260,260
T006899,P-F014,1,95,95
T006899,P-P030,1,300,300
T006899,P-H022,1,690,690
T006899,P-P016,1,280,280
T006899,P-L014,1,180,180
T006900,P-L005,1,180,180
T006900,P-L019,1,110,110
T006900,P-F014,2,95,190
T006900,P-G005,1,420,420
T006900,P-H021,1,580,580
T006900,P-L001,1,260,260
T006901,P-H006,1,1166,1166
T006901,P-F014,3,95,285
T006901,P-P030,1,300,300
T006901,P-L020,1,190,190
T006901,P-F006,1,336,336
T006901,P-F015,1,260,260
T006901,P-P007,1,290,290
T006901,P-P012,1,180,180
T006902,P-L019,1,110,110
T006902,P-F003,1,35,35
T006903,P-F003,2,35,70
T006904,P-F003,3,35,105
T006904,P-F001,1,65,65
T006905,P-F014,1,95,95
T006906,P-P003,1,780,780
T006906,P-F020,1,190,190
T006906,P-L018,1,130,130
T006906,P-L003,1,150,150
T006907,P-B007,1,260,260
T006907,P-B005,1,320,320
T006907,P-B010,1,220,220
T006908,P-F014,1,95,95
T006909,P-H012,1,480,480
T006909,P-L003,3,150,450
T006909,P-F001,1,65,65
T006910,P-H016,1,390,390
T006911,P-F001,3,65,195
T006911,P-F003,3,35,105
T006912,P-H016,1,390,390
T006913,P-F014,2,95,190
T006914,P-L009,1,280,280
T006914,P-L011,1,520,520
T006914,P-F018,1,180,180
T006914,P-F003,3,35,105
T006915,P-P024,1,540,540
T006915,P-F012,2,130,260
T006915,P-P013,2,150,300
T006916,P-G006,-1,560,-560
T006917,P-F013,3,160,480
T006917,P-L003,2,150,300
T006917,P-H025,1,480,480
T006917,P-H008,1,720,720
T006917,P-L012,1,460,460
T006917,P-F014,2,95,190
T006918,P-F014,1,95,95
T006918,P-F001,1,65,65
T006919,P-F017,1,220,220
T006919,P-L019,2,110,220
T006920,P-F003,1,35,35
T006920,P-F014,1,95,95
T006921,P-F003,2,35,70
T006922,P-H002,1,454,454
T006922,P-H004,1,605,605
T006922,P-L002,1,220,220
T006922,P-L007,1,320,320
T006922,P-G009,1,460,460
T006923,P-L006,1,707,707
T006923,P-F012,3,130,390
T006923,P-P019,3,120,360
T006923,P-L009,1,280,280
T006923,P-F001,3,65,195
T006923,P-F014,1,95,95
T006924,P-F019,1,140,140
T006924,P-F003,2,35,70
T006924,P-F014,1,95,95
T006925,P-L019,4,110,440
T006926,P-F011,1,399,399
T006926,P-H010,1,520,520
T006926,P-P015,1,220,220
T006926,P-F014,1,95,95
T006926,P-H001,1,734,734
T006926,P-L024,1,420,420
T006926,P-P016,1,280,280
T006926,P-F001,3,65,195
T006927,P-F014,2,95,190
T006928,P-F012,1,130,130
T006928,P-P006,1,250,250
T006928,P-P015,1,220,220
T006929,P-P012,3,180,540
T006929,P-F012,1,130,130
T006929,P-P013,1,150,150
T006929,P-L003,1,150,150
T006929,P-F014,1,95,95
T006930,P-F001,2,65,130
T006931,P-F003,2,35,70
T006931,P-F014,1,95,95
T006932,P-F003,2,35,70
T006933,P-F003,1,35,35
T006934,P-B006,2,280,560
T006934,P-B007,1,260,260
T006935,P-P012,1,180,180
T006935,P-P019,1,120,120
T006936,P-H022,1,690,690
T006936,P-P024,1,540,540
T006936,P-F001,3,65,195
T006937,P-L009,1,280,280
T006937,P-F020,1,190,190
T006937,P-F014,1,95,95
T006938,P-L019,2,110,220
T006938,P-F014,1,95,95
T006938,P-P029,1,320,320
T006938,P-F001,2,65,130
T006939,P-P012,2,180,360
T006939,P-F015,1,260,260
T006939,P-F001,3,65,195
T006940,P-H001,1,734,734
T006940,P-F006,1,336,336
T006940,P-F004,1,58,58
T006940,P-F015,1,260,260
T006940,P-H017,1,640,640
T006940,P-L020,1,190,190
T006941,P-L004,2,160,320
T006941,P-G004,1,320,320
T006941,P-H023,1,620,620
T006941,P-F001,2,65,130
T006941,P-P019,2,120,240
T006942,P-B004,1,599,599
T006942,P-B007,1,260,260
T006942,P-B006,1,280,280
T006943,P-B004,1,599,599
T006943,P-B010,1,220,220
T006943,P-B009,2,240,480
T006944,P-H016,1,390,390
T006944,P-G005,1,420,420
T006944,P-F014,3,95,285
T006945,P-H002,1,454,454
T006945,P-H001,1,734,734
T006945,P-F011,1,399,399
T006945,P-H021,1,580,580
T006945,P-L007,1,320,320
T006945,P-F001,1,65,65
T006946,P-P015,1,220,220
T006946,P-F003,2,35,70
T006946,P-L019,1,110,110
T006947,P-F001,1,65,65
T006947,P-L019,1,110,110
T006948,P-L019,1,110,110
T006948,P-P023,1,260,260
T006948,P-G003,1,380,380
T006949,P-H012,1,480,480
T006949,P-F001,4,65,260
T006949,P-F012,1,130,130
T006950,P-F001,1,65,65
T006950,P-L019,1,110,110
T006951,P-P012,2,180,360
T006951,P-P014,1,320,320
T006951,P-F018,3,180,540
T006952,P-F003,2,35,70
T006953,P-F014,1,95,95
T006953,P-F003,1,35,35
T006954,P-F014,1,95,95
T006954,P-F001,1,65,65
T006955,P-F001,1,65,65
T006955,P-F003,1,35,35
T006956,P-H012,1,480,480
T006956,P-L003,1,150,150
T006956,P-F013,3,160,480
T006956,P-H007,1,520,520
T006957,P-H016,1,390,390
T006958,P-F005,1,158,158
T006958,P-F009,1,126,126
T006958,P-G002,1,480,480
T006958,P-L014,1,180,180
T006958,P-F014,1,95,95
T006959,P-F014,2,95,190
T006960,P-P024,1,540,540
T006960,P-L003,3,150,450
T006960,P-F001,1,65,65
T006960,P-G004,1,320,320
T006960,P-P005,1,340,340
T006960,P-P021,1,240,240
T006961,P-F014,1,95,95
T006962,P-F014,2,95,190
T006963,P-F003,1,35,35
T006964,P-F003,2,35,70
T006964,P-F003,3,35,105
T006965,P-F001,1,65,65
T006965,P-F014,1,95,95
T006966,P-F009,1,126,126
T006966,P-F005,1,158,158
T006966,P-F001,1,65,65
T006966,P-G004,1,320,320
T006966,P-P014,1,320,320
T006967,P-F019,1,140,140
T006967,P-F003,1,35,35
T006967,P-F014,2,95,190
T006968,P-F017,1,220,220
T006968,P-F002,2,180,360
T006968,P-P019,3,120,360
T006969,P-F018,1,180,180
T006969,P-H016,1,390,390
T006969,P-F014,3,95,285
T006970,P-F003,2,35,70
T006970,P-F014,1,95,95
T006971,P-G009,1,460,460
T006971,P-L007,1,320,320
T006971,P-P013,2,150,300
T006972,P-H001,1,734,734
T006972,P-H003,1,961,961
T006972,P-H003,1,961,961
T006972,P-L023,1,540,540
T006972,P-L001,1,260,260
T006972,P-L008,1,450,450
T006973,P-L019,2,110,220
T006973,P-L003,2,150,300
T006973,P-L004,2,160,320
T006973,P-L019,2,110,220
T006973,P-P030,1,300,300
T006973,P-L005,1,180,180
T006974,P-F003,1,35,35
T006975,P-F003,1,35,35
T006975,P-F003,3,35,105
T006976,P-F003,1,35,35
T006977,P-F003,1,35,35
T006977,P-F014,1,95,95
T006978,P-B004,1,599,599
T006978,P-B009,1,240,240
T006978,P-B010,1,220,220
T006978,P-B006,1,280,280
T006979,P-H010,1,520,520
T006979,P-F013,1,160,160
T006979,P-F018,1,180,180
T006980,P-L020,1,190,190
T006980,P-F014,3,95,285
T006981,P-L019,2,110,220
T006981,P-F014,1,95,95
T006981,P-P019,1,120,120
T006981,P-P018,1,580,580
T006981,P-L009,1,280,280
T006982,P-F020,1,190,190
T006982,P-F014,1,95,95
T006982,P-F001,1,65,65
T006982,P-F003,1,35,35
T006983,P-F008,1,252,252
T006983,P-H006,1,1166,1166
T006983,P-H016,1,390,390
T006983,P-F002,1,180,180
T006983,P-L019,1,110,110
T006984,P-G002,1,480,480
T006984,P-F018,1,180,180
T006984,P-L005,1,180,180
T006984,P-P016,1,280,280
T006984,P-L014,2,180,360
T006984,P-P013,3,150,450
T006985,P-F017,1,220,220
T006985,P-F019,1,140,140
T006985,P-F003,2,35,70
T006986,P-H001,1,734,734
T006986,P-L010,1,240,240
T006986,P-P011,1,320,320
T006986,P-P013,3,150,450
T006987,P-P022,1,380,380
T006987,P-F001,3,65,195
T006987,P-L001,1,260,260
T006987,P-F003,2,35,70
T006987,P-G003,1,380,380
T006987,P-F012,3,130,390
T006988,P-F001,1,65,65
T006989,P-H012,1,480,480
T006989,P-F020,1,190,190
T006989,P-F014,3,95,285
T006990,P-P028,1,200,200
T006990,P-L019,1,110,110
T006990,P-F003,3,35,105
T006991,P-F011,1,399,399
T006991,P-H001,1,734,734
T006991,P-F015,1,260,260
T006991,P-L003,1,150,150
T006991,P-F003,3,35,105
T006992,P-F006,1,336,336
T006992,P-F009,1,126,126
T006992,P-F008,1,252,252
T006992,P-F015,1,260,260
T006992,P-P022,1,380,380
T006992,P-F003,3,35,105
T006993,P-F003,1,35,35
T006994,P-F009,1,126,126
T006994,P-H001,1,734,734
T006994,P-L023,1,540,540
T006994,P-P019,1,120,120
T006994,P-P017,1,260,260
T006995,P-F001,1,65,65
T006995,P-F003,1,35,35
T006995,P-F014,1,95,95
T006996,P-F001,1,65,65
T006996,P-L019,1,110,110
T006997,P-F014,1,95,95
T006998,P-L019,1,110,110
T006998,P-F001,1,65,65
T006999,P-F014,1,95,95
T006999,P-F001,1,65,65
T007000,P-F003,2,35,70
T007001,P-P020,1,350,350
T007001,P-P015,1,220,220
T007001,P-P030,1,300,300
T007002,P-B004,1,599,599
T007002,P-B007,1,260,260
T007002,P-B009,1,240,240
T007002,P-B010,1,220,220
T007003,P-F020,1,190,190
T007003,P-F001,1,65,65
T007003,P-F014,1,95,95
T007004,P-F019,1,140,140
T007004,P-F014,1,95,95
T007004,P-F003,1,35,35
T007004,P-F001,1,65,65
T007005,P-P021,1,240,240
T007005,P-H016,1,390,390
T007005,P-L001,1,260,260
T007005,P-L009,1,280,280
T007005,P-P019,1,120,120
T007006,P-H017,1,640,640
T007006,P-F013,1,160,160
T007006,P-F020,1,190,190
T007006,P-P012,2,180,360
T007006,P-L018,1,130,130
T007007,P-F011,1,399,399
T007007,P-F004,1,58,58
T007007,P-H003,1,961,961
T007007,P-F003,2,35,70
T007007,P-P012,1,180,180
T007007,P-P004,1,420,420
T007008,P-F014,1,95,95
T007008,P-F003,1,35,35
T007009,P-H010,1,520,520
T007009,P-F013,2,160,320
T007009,P-P019,1,120,120
T007010,P-L019,3,110,330
T007011,P-F003,3,35,105
T007012,P-F003,2,35,70
T007013,P-F002,2,180,360
T007013,P-F018,1,180,180
T007013,P-F001,1,65,65
T007014,P-B004,1,599,599
T007014,P-B009,1,240,240
T007014,P-B006,1,280,280
T007014,P-B010,1,220,220
T007015,P-B009,1,240,240
T007015,P-B006,1,280,280
T007015,P-B007,1,260,260
T007016,P-F011,1,399,399
T007016,P-P022,1,380,380
T007016,P-F017,1,220,220
T007016,P-P015,1,220,220
T007016,P-F010,1,79,79
T007016,P-P022,1,380,380
T007016,P-F001,1,65,65
T007016,P-L020,1,190,190
T007017,P-H012,1,480,480
T007017,P-F001,3,65,195
T007017,P-L018,2,130,260
T007017,P-L019,1,110,110
T007017,P-H007,1,520,520
T007018,P-F012,1,130,130
T007018,P-F001,2,65,130
T007018,P-F003,2,35,70
T007019,P-F018,1,180,180
T007019,P-F001,1,65,65
T007019,P-F014,1,95,95
T007020,P-F014,-1,95,-95
T007021,P-P015,1,220,220
T007021,P-P021,1,240,240
T007021,P-F012,1,130,130
T007022,P-F008,1,252,252
T007022,P-H001,1,734,734
T007022,P-F005,1,158,158
T007022,P-P013,3,150,450
T007023,P-F013,3,160,480
T007023,P-L018,1,130,130
T007023,P-L014,2,180,360
T007024,P-F003,1,35,35
T007024,P-L019,1,110,110
T007025,P-G005,1,420,420
T007025,P-P028,1,200,200
T007025,P-F001,2,65,130
T007026,P-H001,1,734,734
T007026,P-F009,1,126,126
T007026,P-F010,1,79,79
T007026,P-L019,1,110,110
T007026,P-P004,1,420,420
T007026,P-L008,1,450,450
T007027,P-F003,1,35,35
T007027,P-L019,1,110,110
T007028,P-F001,2,65,130
T007029,P-F003,3,35,105
T007029,P-F001,1,65,65
T007030,P-F001,1,65,65
T007030,P-F014,1,95,95
T007031,P-F003,1,35,35
T007032,P-H003,1,961,961
T007032,P-H006,1,1166,1166
T007032,P-H001,1,734,734
T007032,P-F003,3,35,105
T007032,P-P013,1,150,150
T007032,P-F014,1,95,95
T007033,P-H012,1,480,480
T007033,P-L007,1,320,320
T007033,P-F014,2,95,190
T007033,P-L019,1,110,110
T007033,P-H007,1,520,520
T007034,P-B004,1,599,599
T007034,P-B008,1,395,395
T007034,P-B005,1,320,320
T007035,P-B004,1,599,599
T007035,P-B005,2,320,640
T007035,P-B007,1,260,260
T007036,P-L014,3,180,540
T007036,P-F013,1,160,160
T007036,P-P014,1,320,320
T007036,P-F001,3,65,195
T007037,P-F010,1,79,79
T007037,P-H005,1,410,410
T007037,P-H001,1,734,734
T007037,P-P009,1,890,890
T007037,P-L007,1,320,320
T007037,P-L018,1,130,130
T007038,P-H006,1,1166,1166
T007038,P-F007,1,94,94
T007038,P-H004,1,605,605
T007038,P-G006,1,560,560
T007038,P-G007,1,620,620
T007038,P-F013,3,160,480
T007039,P-H012,1,480,480
T007039,P-L010,1,240,240
T007039,P-F018,1,180,180
T007039,P-F001,1,65,65
T007039,P-H007,1,520,520
T007040,P-H016,1,390,390
T007041,P-P012,1,180,180
T007041,P-P019,1,120,120
T007042,P-L003,1,150,150
T007042,P-L019,2,110,220
T007043,P-P016,1,280,280
T007043,P-P007,1,290,290
T007043,P-F014,1,95,95
T007043,P-P005,1,340,340
T007043,P-F001,1,65,65
T007043,P-L018,1,130,130
T007044,P-F010,1,79,79
T007044,P-G003,1,380,380
T007044,P-F017,1,220,220
T007044,P-F013,2,160,320
T007044,P-H003,1,961,961
T007044,P-L001,1,260,260
T007044,P-G004,1,320,320
T007044,P-L010,1,240,240
T007045,P-F014,1,95,95
T007046,P-F003,1,35,35
T007046,P-F014,1,95,95
T007047,P-F003,1,35,35
T007047,P-F001,1,65,65
T007048,P-L019,3,110,330
T007048,P-H025,1,480,480
T007048,P-L018,1,130,130
T007048,P-L005,3,180,540
T007049,P-P019,1,120,120
T007049,P-P017,1,260,260
T007049,P-L019,1,110,110
T007049,P-F003,1,35,35
T007050,P-B004,1,599,599
T007050,P-B005,1,320,320
T007050,P-B009,1,240,240
T007050,P-B007,1,260,260
T007051,P-H015,1,450,450
T007051,P-P019,1,120,120
T007051,P-F003,3,35,105
T007051,P-G003,1,380,380
T007051,P-P008,1,460,460
T007051,P-L003,1,150,150
T007052,P-L004,1,160,160
T007052,P-L019,1,110,110
T007053,P-F010,1,79,79
T007053,P-F008,1,252,252
T007053,P-F007,1,94,94
T007053,P-P006,1,250,250
T007053,P-G005,1,420,420
T007053,P-P013,1,150,150
T007054,P-H012,1,480,480
T007054,P-L002,1,220,220
T007054,P-F003,1,35,35
T007054,P-L019,1,110,110
T007054,P-H007,1,520,520
T007055,P-P023,1,260,260
T007055,P-P012,1,180,180
T007055,P-F014,1,95,95
T007056,P-F014,1,95,95
T007057,P-F006,1,336,336
T007057,P-F008,1,252,252
T007057,P-F008,1,252,252
T007057,P-L020,1,190,190
T007057,P-P006,2,250,500
T007057,P-F003,2,35,70
T007058,P-H012,1,480,480
T007058,P-L019,3,110,330
T007058,P-F001,4,65,260
T007058,P-H007,1,520,520
T007059,P-G006,1,560,560
T007059,P-H024,1,750,750
T007059,P-P028,1,200,200
T007059,P-F012,3,130,390
T007059,P-L018,2,130,260
T007059,P-F014,1,95,95
T007060,P-L019,1,110,110
T007060,P-F001,1,65,65
T007061,P-F003,2,35,70
T007062,P-F014,1,95,95
T007063,P-F003,1,35,35
T007063,P-L019,1,110,110
T007064,P-F003,1,35,35
T007064,P-F014,1,95,95
T007065,P-L014,2,180,360
T007065,P-L019,1,110,110
T007066,P-B004,1,599,599
T007066,P-B005,1,320,320
T007066,P-B007,1,260,260
T007067,P-F004,1,58,58
T007067,P-F005,1,158,158
T007067,P-F005,1,158,158
T007067,P-F002,2,180,360
T007067,P-L002,1,220,220
T007067,P-F014,1,95,95
T007068,P-P001,1,260,260
T007068,P-L009,1,280,280
T007068,P-P012,3,180,540
T007068,P-F003,3,35,105
T007069,P-F011,1,399,399
T007069,P-H004,1,605,605
T007069,P-F008,1,252,252
T007069,P-P008,1,460,460
T007069,P-F002,1,180,180
T007069,P-F003,3,35,105
T007070,P-F014,1,95,95
T007071,P-H005,1,410,410
T007071,P-H017,1,640,640
T007071,P-G004,1,320,320
T007071,P-F017,1,220,220
T007071,P-F011,1,399,399
T007071,P-P028,1,200,200
T007071,P-P021,1,240,240
T007071,P-L011,1,520,520
T007072,P-H020,1,720,720
T007072,P-F001,3,65,195
T007072,P-L010,1,240,240
T007072,P-P029,1,320,320
T007072,P-F002,1,180,180
T007072,P-F014,1,95,95
T007073,P-P019,1,120,120
T007073,P-L012,1,460,460
T007073,P-F001,2,65,130
T007073,P-L013,1,380,380
T007073,P-P030,1,300,300
T007073,P-F012,1,130,130
T007074,P-F003,3,35,105
T007075,P-P015,1,220,220
T007075,P-H023,1,620,620
T007075,P-L014,1,180,180
T007076,P-F005,1,158,158
T007076,P-H006,1,1166,1166
T007076,P-P003,1,780,780
T007076,P-L018,2,130,260
T007076,P-F003,1,35,35
T007077,P-B004,1,599,599
T007077,P-B008,1,395,395
T007077,P-B010,2,220,440
T007078,P-P016,1,280,280
T007078,P-G003,1,380,380
T007078,P-P019,2,120,240
T007078,P-L020,1,190,190
T007079,P-F001,3,65,195
T007079,P-F014,1,95,95
T007080,P-H016,1,390,390
T007081,P-L003,1,150,150
T007081,P-L019,2,110,220
T007082,P-H004,1,605,605
T007082,P-P014,1,320,320
T007082,P-P015,1,220,220
T007082,P-P011,1,320,320
T007083,P-L017,1,620,620
T007083,P-P028,1,200,200
T007083,P-P013,1,150,150
T007083,P-F014,3,95,285
T007084,P-P019,1,120,120
T007084,P-P014,1,320,320
T007084,P-P008,1,460,460
T007084,P-P006,1,250,250
T007084,P-F012,1,130,130
T007085,P-F014,1,95,95
T007085,P-F003,1,35,35
T007086,P-L018,1,130,130
T007086,P-F019,3,140,420
T007086,P-P014,1,320,320
T007086,P-F018,2,180,360
T007086,P-F014,1,95,95
T007087,P-F002,1,180,180
T007087,P-P015,1,220,220
T007087,P-L012,1,460,460
T007087,P-P021,1,240,240
T007087,P-L018,1,130,130
T007088,P-F003,3,35,105
T007089,P-F001,2,65,130
T007090,P-F003,1,35,35
T007090,P-F012,1,130,130
T007090,P-F014,1,95,95
T007091,P-F014,1,95,95
T007092,P-P010,1,657,657
T007092,P-F014,3,95,285
T007092,P-F003,2,35,70
T007092,P-F012,1,130,130
T007093,P-F003,1,35,35
T007094,P-L019,1,110,110
T007095,P-F003,2,35,70
T007096,P-L015,1,549,549
T007096,P-F001,1,65,65
T007096,P-L005,2,180,360
T007096,P-F014,1,95,95
T007097,P-B006,1,280,280
T007097,P-B010,1,220,220
T007097,P-B007,1,260,260
T007098,P-F012,2,130,260
T007098,P-P002,1,380,380
T007098,P-L020,1,190,190
T007098,P-F014,1,95,95
T007099,P-H017,1,640,640
T007099,P-L010,1,240,240
T007099,P-F001,1,65,65
T007100,P-H016,1,390,390
T007101,P-L003,1,150,150
T007101,P-L019,2,110,220
T007102,P-H002,1,454,454
T007102,P-F008,1,252,252
T007102,P-F007,1,94,94
T007102,P-L019,1,110,110
T007102,P-L014,1,180,180
T007102,P-F020,1,190,190
T007103,P-F011,1,399,399
T007103,P-F014,2,95,190
T007103,P-P013,2,150,300
T007103,P-L020,1,190,190
T007104,P-F010,1,79,79
T007104,P-F008,1,252,252
T007104,P-F008,1,252,252
T007104,P-G002,1,480,480
T007104,P-P020,1,350,350
T007104,P-F003,1,35,35
T007105,P-F003,1,35,35
T007105,P-F001,1,65,65
T007106,P-F009,1,126,126
T007106,P-H005,1,410,410
T007106,P-F005,1,158,158
T007106,P-P016,1,280,280
T007106,P-L018,3,130,390
T007106,P-P008,1,460,460
T007107,P-B004,1,599,599
T007107,P-B009,1,240,240
T007107,P-B007,1,260,260
T007107,P-B010,1,220,220
T007108,P-H012,1,480,480
T007108,P-L014,1,180,180
T007108,P-F001,1,65,65
T007108,P-L019,1,110,110
T007108,P-H007,1,520,520
T007109,P-F002,1,180,180
T007109,P-F003,1,35,35
T007109,P-L015,1,549,549
T007109,P-L020,1,190,190
T007109,P-L009,1,280,280
T007109,P-G005,1,420,420
T007110,P-L019,1,110,110
T007111,P-L019,1,110,110
T007112,P-F014,2,95,190
T007113,P-P015,1,220,220
T007113,P-L005,1,180,180
T007113,P-P012,3,180,540
T007114,P-F014,2,95,190
T007114,P-L004,1,160,160
T007114,P-F001,1,65,65
T007115,P-L019,1,110,110
T007115,P-F001,1,65,65
T007116,P-L017,1,620,620
T007116,P-L002,1,220,220
T007116,P-F003,2,35,70
T007116,P-F001,1,65,65
T007117,P-F003,1,35,35
T007118,P-F003,2,35,70
T007119,P-F001,1,65,65
T007119,P-L019,1,110,110
T007120,P-F003,2,35,70
T007120,P-L019,1,110,110
T007121,P-F006,1,336,336
T007121,P-F011,1,399,399
T007121,P-P029,1,320,320
T007121,P-F015,1,260,260
T007121,P-H008,1,720,720
T007122,P-P019,2,120,240
T007123,P-F004,1,58,58
T007123,P-F011,1,399,399
T007123,P-F008,1,252,252
T007123,P-P021,1,240,240
T007123,P-P011,1,320,320
T007123,P-F002,1,180,180
T007124,P-F001,2,65,130
T007125,P-H012,1,480,480
T007125,P-L005,3,180,540
T007126,P-F014,1,95,95
T007127,P-F001,1,65,65
T007127,P-F003,1,35,35
T007128,P-F003,2,35,70
T007128,P-F014,1,95,95
T007129,P-L019,1,110,110
T007129,P-F001,1,65,65
T007130,P-F001,2,65,130
T007131,P-L019,1,110,110
T007132,P-F015,1,260,260
T007132,P-H016,1,390,390
T007132,P-G004,1,320,320
T007132,P-P013,2,150,300
T007133,P-F009,1,126,126
T007133,P-F004,1,58,58
T007133,P-F005,1,158,158
T007133,P-P002,1,380,380
T007133,P-P019,1,120,120
T007133,P-L019,1,110,110
T007134,P-B004,1,599,599
T007134,P-B005,1,320,320
T007134,P-B006,2,280,560
T007134,P-B010,1,220,220
T007135,P-H016,1,390,390
T007135,P-L007,1,320,320
T007135,P-L003,1,150,150
T007136,P-F014,2,95,190
T007136,P-P020,1,350,350
T007136,P-P028,1,200,200
T007137,P-F008,1,252,252
T007137,P-F004,1,58,58
T007137,P-P008,1,460,460
T007137,P-P019,2,120,240
T007137,P-F018,1,180,180
T007138,P-F014,1,95,95
T007138,P-F001,1,65,65
T007139,P-H012,1,480,480
T007139,P-L020,2,190,380
T007139,P-F003,3,35,105
T007139,P-F014,1,95,95
T007139,P-H007,1,520,520
T007140,P-H012,1,480,480
T007140,P-L010,1,240,240
T007140,P-F001,3,65,195
T007140,P-L019,1,110,110
T007141,P-P019,1,120,120
T007142,P-L003,1,150,150
T007142,P-L019,2,110,220
T007143,P-F014,3,95,285
T007143,P-L020,1,190,190
T007143,P-F012,1,130,130
T007144,P-G004,1,320,320
T007144,P-L009,1,280,280
T007144,P-F014,1,95,95
T007144,P-F001,1,65,65
T007145,P-P021,1,240,240
T007145,P-F001,1,65,65
T007145,P-G003,1,380,380
T007145,P-P011,1,320,320
T007146,P-L019,1,110,110
T007147,P-F002,1,180,180
T007147,P-G007,1,620,620
T007147,P-L009,1,280,280
T007147,P-L003,1,150,150
T007147,P-L005,1,180,180
T007148,P-F001,1,65,65
T007148,P-F014,1,95,95
T007149,P-L019,1,110,110
T007150,P-H025,1,480,480
T007150,P-G004,1,320,320
T007150,P-P019,3,120,360
T007151,P-G004,1,320,320
T007151,P-H023,1,620,620
T007151,P-G003,1,380,380
T007151,P-F002,1,180,180
T007152,P-B010,1,220,220
T007152,P-B008,1,395,395
T007152,P-B006,1,280,280
T007153,P-B004,1,599,599
T007153,P-B007,1,260,260
T007153,P-B010,1,220,220
T007153,P-B009,1,240,240
T007154,P-F007,1,94,94
T007154,P-F011,1,399,399
T007154,P-F004,1,58,58
T007154,P-L008,1,450,450
T007154,P-F018,2,180,360
T007154,P-L015,1,549,549
T007155,P-L019,4,110,440
T007156,P-F011,1,399,399
T007156,P-H004,1,605,605
T007156,P-H016,1,390,390
T007156,P-G004,1,320,320
T007156,P-L017,1,620,620
T007157,P-P023,1,260,260
T007157,P-P008,1,460,460
T007157,P-P012,2,180,360
T007157,P-L019,3,110,330
T007157,P-L004,1,160,160
T007158,P-P023,1,260,260
T007158,P-F003,2,35,70
T007158,P-F014,1,95,95
T007159,P-H022,1,690,690
T007159,P-F012,3,130,390
T007159,P-F003,2,35,70
T007159,P-P025,1,480,480
T007159,P-G004,1,320,320
T007159,P-P023,1,260,260
T007160,P-H012,1,480,480
T007160,P-L019,4,110,440
T007160,P-F003,3,35,105
T007161,P-F017,1,220,220
T007161,P-P006,1,250,250
T007161,P-F019,3,140,420
T007162,P-P010,1,657,657
T007162,P-F018,1,180,180
T007162,P-F014,2,95,190
T007163,P-L019,1,110,110
T007164,P-F003,2,35,70
T007165,P-F003,1,35,35
T007166,P-H015,1,450,450
T007166,P-F020,1,190,190
T007166,P-F019,1,140,140
T007166,P-L019,1,110,110
T007167,P-B010,1,220,220
T007167,P-B008,1,395,395
T007167,P-B007,1,260,260
T007168,P-H006,1,1166,1166
T007168,P-F008,1,252,252
T007168,P-P003,1,780,780
T007168,P-P022,1,380,380
T007168,P-L014,3,180,540
T007169,P-H020,1,720,720
T007169,P-G009,1,460,460
T007169,P-F014,3,95,285
T007170,P-L019,1,110,110
T007171,P-F014,1,95,95
T007172,P-F014,1,95,95
T007172,P-F001,1,65,65
T007173,P-F001,1,65,65
T007173,P-F014,1,95,95
T007174,P-F001,1,65,65
T007174,P-F003,1,35,35
T007175,P-F003,2,35,70
T007175,P-F001,1,65,65
T007176,P-F003,1,35,35
T007176,P-L019,1,110,110
T007177,P-F001,1,65,65
T007177,P-F014,1,95,95
T007178,P-F003,1,35,35
T007178,P-F003,2,35,70
T007178,P-F001,1,65,65
T007179,P-P018,1,580,580
T007179,P-H016,1,390,390
T007179,P-P015,1,220,220
T007179,P-P019,2,120,240
T007180,P-H005,1,410,410
T007180,P-H016,1,390,390
T007180,P-F001,3,65,195
T007181,P-B007,2,260,520
T007182,P-P005,1,340,340
T007182,P-G004,1,320,320
T007182,P-P013,1,150,150
T007182,P-P019,1,120,120
T007183,P-F004,1,58,58
T007183,P-P025,1,480,480
T007183,P-P017,1,260,260
T007183,P-L005,1,180,180
T007183,P-F011,1,399,399
T007183,P-G009,1,460,460
T007183,P-H020,1,720,720
T007183,P-P020,1,350,350
T007184,P-F011,1,399,399
T007184,P-F011,1,399,399
T007184,P-F004,1,58,58
T007184,P-P017,1,260,260
T007184,P-L002,1,220,220
T007184,P-F001,1,65,65
T007185,P-P018,1,580,580
T007185,P-F003,2,35,70
T007185,P-L001,1,260,260
T007186,P-H010,1,520,520
T007186,P-P016,1,280,280
T007186,P-P019,4,120,480
T007187,P-G002,1,480,480
T007188,P-F014,1,95,95
T007189,P-L019,1,110,110
T007190,P-F001,1,65,65
T007190,P-L019,1,110,110
T007191,P-G008,1,780,780
T007191,P-G004,1,320,320
T007191,P-P019,1,120,120
T007192,P-F002,2,180,360
T007192,P-L004,1,160,160
T007192,P-F014,1,95,95
T007193,P-F003,3,35,105
T007194,P-B005,1,320,320
T007194,P-B007,1,260,260
T007194,P-B008,1,395,395
T007195,P-F014,2,95,190
T007196,P-L018,1,130,130
T007196,P-L019,2,110,220
T007197,P-F003,1,35,35
T007197,P-G002,1,480,480
T007197,P-P012,3,180,540
T007197,P-L019,1,110,110
T007198,P-P016,1,280,280
T007198,P-P004,1,420,420
T007198,P-P006,1,250,250
T007198,P-P023,1,260,260
T007198,P-P019,1,120,120
T007199,P-F007,1,94,94
T007199,P-F007,1,94,94
T007199,P-H024,1,750,750
T007199,P-G007,1,620,620
T007199,P-P016,1,280,280
T007200,P-H012,1,480,480
T007200,P-F012,3,130,390
T007200,P-L018,1,130,130
T007200,P-F003,1,35,35
T007200,P-H007,1,520,520
T007201,P-F003,2,35,70
T007202,P-F004,1,58,58
T007202,P-H001,1,734,734
T007202,P-P029,1,320,320
T007202,P-L007,1,320,320
T007202,P-P028,1,200,200
T007203,P-B004,1,599,599
T007203,P-B005,2,320,640
T007203,P-B009,1,240,240
T007204,P-B007,1,260,260
T007204,P-B005,2,320,640
T007204,P-B010,1,220,220
T007205,P-P020,1,350,350
T007205,P-G005,1,420,420
T007205,P-P030,1,300,300
T007205,P-P019,2,120,240
T007206,P-P013,1,150,150
T007206,P-P019,1,120,120
T007207,P-F019,1,140,140
T007207,P-F003,3,35,105
T007207,P-F001,1,65,65
T007208,P-L008,1,450,450
T007208,P-L009,1,280,280
T007208,P-P015,1,220,220
T007208,P-P019,2,120,240
T007209,P-L010,1,240,240
T007209,P-L002,1,220,220
T007209,P-L005,1,180,180
T007209,P-L009,1,280,280
T007209,P-P017,1,260,260
T007209,P-F014,3,95,285
T007210,P-F007,1,94,94
T007210,P-H005,1,410,410
T007210,P-F006,1,336,336
T007210,P-H023,1,620,620
T007210,P-F014,1,95,95
T007210,P-F003,2,35,70
T007211,P-G002,1,480,480
T007211,P-G004,1,320,320
T007212,P-F001,1,65,65
T007213,P-F003,3,35,105
T007214,P-H016,1,390,390
T007214,P-P021,1,240,240
T007214,P-P005,1,340,340
T007214,P-L014,1,180,180
T007214,P-L019,1,110,110
T007215,P-F001,2,65,130
T007215,P-L019,1,110,110
T007215,P-F003,1,35,35
T007216,P-H002,1,454,454
T007216,P-F005,1,158,158
T007216,P-P006,1,250,250
T007216,P-F003,3,35,105
T007216,P-L019,1,110,110
T007217,P-F008,1,252,252
T007217,P-F006,1,336,336
T007217,P-H006,1,1166,1166
T007217,P-L001,1,260,260
T007217,P-F001,3,65,195
T007217,P-L019,1,110,110
T007218,P-F003,3,35,105
T007218,P-F001,1,65,65
T007219,P-F001,1,65,65
T007219,P-L019,1,110,110
T007220,P-F003,1,35,35
T007220,P-L019,1,110,110
T007221,P-P013,2,150,300
T007221,P-P004,1,420,420
T007221,P-F019,2,140,280
T007221,P-L004,1,160,160
T007221,P-F001,2,65,130
T007222,P-P021,1,240,240
T007222,P-F013,1,160,160
T007222,P-F001,1,65,65
T007222,P-P013,3,150,450
T007223,P-H012,1,480,480
T007224,P-P014,1,320,320
T007224,P-F012,1,130,130
T007224,P-L019,1,110,110
T007225,P-L019,1,110,110
T007225,P-F001,1,65,65
T007226,P-P017,1,260,260
T007226,P-P028,1,200,200
T007226,P-P011,1,320,320
T007226,P-P019,1,120,120
T007226,P-P013,1,150,150
T007227,P-G003,1,380,380
T007227,P-L019,1,110,110
T007227,P-L002,1,220,220
T007228,P-H020,1,720,720
T007228,P-P016,1,280,280
T007228,P-F014,3,95,285
T007229,P-P013,1,150,150
T007229,P-L017,1,620,620
T007229,P-P011,1,320,320
T007229,P-F014,1,95,95
T007230,P-F003,2,35,70
T007230,P-L019,1,110,110
T007231,P-F014,1,95,95
T007231,P-F003,2,35,70
T007232,P-F003,4,35,140
T007233,P-L019,1,110,110
T007233,P-F001,1,65,65
T007234,P-B004,1,599,599
T007234,P-B006,1,280,280
T007234,P-B010,3,220,660
T007235,P-L001,1,260,260
T007235,P-F014,3,95,285
T007236,P-G002,2,480,960
T007236,P-G003,1,380,380
T007237,P-F014,1,95,95
T007237,P-F001,1,65,65
T007238,P-L018,1,130,130
T007238,P-L019,1,110,110
T007239,P-F020,1,190,190
T007239,P-F014,1,95,95
T007240,P-P016,1,280,280
T007240,P-P012,1,180,180
T007240,P-G003,1,380,380
T007240,P-P030,1,300,300
T007240,P-P019,1,120,120
T007241,P-F007,1,94,94
T007241,P-H003,1,961,961
T007241,P-F008,1,252,252
T007241,P-L004,3,160,480
T007241,P-H024,1,750,750
T007241,P-P016,1,280,280
T007242,P-F001,1,65,65
T007242,P-F003,1,35,35
T007242,P-F014,1,95,95
T007243,P-F001,2,65,130
T007244,P-F003,2,35,70
T007244,P-F014,1,95,95
T007245,P-P024,1,540,540
T007245,P-L009,1,280,280
T007245,P-L002,1,220,220
T007245,P-F001,3,65,195
T007246,P-B007,1,260,260
T007246,P-B008,1,395,395
T007246,P-B009,1,240,240
T007247,P-B009,3,240,720
T007247,P-B010,1,220,220
T007247,P-B007,1,260,260
T007248,P-H015,1,450,450
T007248,P-P030,1,300,300
T007248,P-P019,1,120,120
T007249,P-P007,1,290,290
T007249,P-G002,1,480,480
T007249,P-P019,3,120,360
T007250,P-F003,-1,35,-35
T007251,P-H016,1,390,390
T007252,P-F020,2,190,380
T007252,P-L003,2,150,300
T007252,P-F003,4,35,140
T007252,P-P012,1,180,180
T007253,P-H001,1,734,734
T007253,P-P021,1,240,240
T007253,P-P014,1,320,320
T007253,P-P018,1,580,580
T007253,P-F004,1,58,58
T007253,P-F017,1,220,220
T007253,P-F019,2,140,280
T007253,P-L019,1,110,110
T007254,P-P018,1,580,580
T007254,P-L010,1,240,240
T007254,P-F003,1,35,35
T007255,P-H012,1,480,480
T007255,P-H007,1,520,520
T007256,P-F006,1,336,336
T007256,P-F012,2,130,260
T007256,P-F003,1,35,35
T007256,P-F001,1,65,65
T007257,P-H012,1,480,480
T007257,P-F020,1,190,190
T007257,P-F001,1,65,65
T007257,P-F014,1,95,95
T007258,P-F001,2,65,130
T007259,P-F003,1,35,35
T007259,P-F014,1,95,95
T007260,P-F006,1,336,336
T007260,P-H005,1,410,410
T007260,P-G004,1,320,320
T007260,P-L019,1,110,110
T007260,P-F001,1,65,65
T007261,P-F002,1,180,180
T007261,P-L019,2,110,220
T007261,P-P007,1,290,290
T007261,P-L003,3,150,450
T007261,P-F019,1,140,140
T007262,P-F003,1,35,35
T007262,P-F014,1,95,95
T007263,P-F003,2,35,70
T007264,P-F003,2,35,70
T007264,P-F003,3,35,105
T007265,P-L019,1,110,110
T007266,P-F001,3,65,195
T007267,P-F001,1,65,65
T007267,P-F014,1,95,95
T007268,P-P008,1,460,460
T007268,P-G009,1,460,460
T007268,P-P019,2,120,240
T007269,P-H012,1,480,480
T007269,P-F019,3,140,420
T007270,P-H012,1,480,480
T007270,P-L005,2,180,360
T007270,P-L019,1,110,110
T007270,P-H007,1,520,520
T007271,P-H012,1,480,480
T007271,P-L014,1,180,180
T007271,P-L019,1,110,110
T007272,P-F006,1,336,336
T007272,P-H003,1,961,961
T007272,P-H005,1,410,410
T007272,P-H013,1,850,850
T007272,P-F001,1,65,65
T007272,P-L007,1,320,320
T007273,P-F013,1,160,160
T007273,P-F014,1,95,95
T007273,P-F001,1,65,65
T007274,P-P007,1,290,290
T007274,P-F001,3,65,195
T007274,P-G003,1,380,380
T007274,P-F017,1,220,220
T007275,P-F001,1,65,65
T007275,P-L019,1,110,110
T007276,P-P022,1,380,380
T007276,P-P014,1,320,320
T007276,P-L007,1,320,320
T007276,P-L018,3,130,390
T007277,P-F001,1,65,65
T007277,P-L019,1,110,110
T007278,P-F019,2,140,280
T007278,P-F003,1,35,35
T007278,P-F014,1,95,95
T007279,P-P021,1,240,240
T007279,P-P005,1,340,340
T007279,P-P023,1,260,260
T007279,P-P019,1,120,120
T007280,P-G003,1,380,380
T007280,P-G005,1,420,420
T007280,P-P013,1,150,150
T007280,P-P019,1,120,120
T007281,P-P017,1,260,260
T007281,P-P009,1,890,890
T007281,P-L003,1,150,150
T007281,P-P013,2,150,300
T007281,P-P011,1,320,320
T007281,P-P018,1,580,580
T007282,P-F014,4,95,380
T007282,P-F003,1,35,35
T007283,P-L019,4,110,440
T007284,P-G009,1,460,460
T007284,P-P028,1,200,200
T007284,P-P001,1,260,260
T007284,P-P019,1,120,120
T007285,P-H006,1,1166,1166
T007285,P-F005,1,158,158
T007285,P-F015,1,260,260
T007285,P-P020,1,350,350
T007285,P-G002,1,480,480
T007286,P-F001,2,65,130
T007287,P-F007,1,94,94
T007287,P-F010,1,79,79
T007287,P-L006,1,707,707
T007287,P-L013,1,380,380
T007287,P-P022,1,380,380
T007288,P-F018,1,180,180
T007288,P-G006,1,560,560
T007288,P-L007,1,320,320
T007288,P-P023,1,260,260
T007288,P-F001,3,65,195
T007289,P-L004,3,160,480
T007289,P-F003,1,35,35
T007289,P-L019,1,110,110
T007290,P-L002,1,220,220
T007290,P-F014,2,95,190
T007290,P-F001,1,65,65
T007290,P-H009,1,780,780
T007290,P-H017,1,640,640
T007290,P-F019,1,140,140
T007291,P-F003,2,35,70
T007291,P-F014,1,95,95
T007292,P-P004,1,420,420
T007292,P-L014,1,180,180
T007292,P-F013,2,160,320
T007292,P-L019,1,110,110
T007293,P-H016,1,390,390
T007294,P-F001,4,65,260
T007294,P-F014,1,95,95
T007295,P-F014,3,95,285
T007295,P-F003,1,35,35
T007296,P-P002,1,380,380
T007296,P-F019,1,140,140
T007296,P-F003,2,35,70
T007297,P-L019,1,110,110
T007297,P-G007,1,620,620
T007297,P-F019,1,140,140
T007297,P-F013,1,160,160
T007298,P-L019,1,110,110
T007298,P-F001,1,65,65
T007299,P-P004,1,420,420
T007299,P-P006,1,250,250
T007299,P-F001,3,65,195
T007299,P-P028,1,200,200
T007300,P-F003,1,35,35
T007300,P-F001,1,65,65
T007301,P-F001,1,65,65
T007301,P-L019,1,110,110
T007302,P-F003,2,35,70
T007303,P-F003,2,35,70
T007304,P-L010,1,240,240
T007304,P-L014,1,180,180
T007304,P-L019,1,110,110
T007305,P-F005,1,158,158
T007305,P-F006,1,336,336
T007305,P-P012,1,180,180
T007305,P-F017,1,220,220
T007305,P-P013,1,150,150
T007306,P-F003,3,35,105
T007307,P-P023,1,260,260
T007307,P-F003,3,35,105
T007307,P-F001,1,65,65
T007308,P-H005,1,410,410
T007308,P-H005,1,410,410
T007308,P-P009,1,890,890
T007308,P-P020,1,350,350
T007308,P-L005,1,180,180
T007309,P-H012,1,480,480
T007309,P-L020,1,190,190
T007309,P-F014,2,95,190
T007309,P-H007,1,520,520
T007310,P-F003,4,35,140
T007310,P-F014,1,95,95
T007310,P-F001,1,65,65
T007311,P-F001,1,65,65
T007311,P-F003,1,35,35
T007311,P-F014,1,95,95
T007312,P-P016,1,280,280
T007312,P-P023,1,260,260
T007312,P-P015,1,220,220
T007312,P-P019,1,120,120
T007312,P-P013,1,150,150
T007313,P-F009,1,126,126
T007313,P-L019,1,110,110
T007313,P-L006,1,707,707
T007313,P-L018,3,130,390
T007314,P-L017,1,620,620
T007314,P-H015,1,450,450
T007314,P-L018,1,130,130
T007315,P-F001,1,65,65
T007315,P-F003,1,35,35
T007316,P-P004,1,420,420
T007316,P-P030,1,300,300
T007316,P-G005,1,420,420
T007316,P-P012,1,180,180
T007316,P-P019,1,120,120
T007317,P-F014,1,95,95
T007317,P-F003,1,35,35
T007318,P-H012,1,480,480
T007318,P-F014,1,95,95
T007318,P-F019,1,140,140
T007318,P-F012,1,130,130
T007319,P-F001,1,65,65
T007320,P-B004,1,599,599
T007320,P-B010,1,220,220
T007320,P-B007,2,260,520
T007321,P-B004,1,599,599
T007321,P-B005,1,320,320
T007321,P-B009,2,240,480
T007322,P-G005,1,420,420
T007322,P-P006,1,250,250
T007322,P-P013,1,150,150
T007322,P-P019,1,120,120
T007323,P-F003,4,35,140
T007323,P-F001,1,65,65
T007323,P-F014,1,95,95
T007324,P-F014,1,95,95
T007325,P-F018,2,180,360
T007325,P-H015,1,450,450
T007325,P-L005,1,180,180
T007325,P-F003,4,35,140
T007326,P-P018,1,580,580
T007326,P-L004,2,160,320
T007326,P-F017,1,220,220
T007326,P-F001,3,65,195
T007327,P-P022,1,380,380
T007327,P-P025,1,480,480
T007327,P-P029,1,320,320
T007328,P-F003,2,35,70
T007328,P-F017,1,220,220
T007328,P-P028,1,200,200
T007328,P-F014,3,95,285
T007329,P-G007,1,620,620
T007329,P-P012,1,180,180
T007329,P-F014,1,95,95
T007330,P-H002,1,454,454
T007330,P-P011,1,320,320
T007330,P-L004,1,160,160
T007330,P-F001,1,65,65
T007331,P-F008,1,252,252
T007331,P-H002,1,454,454
T007331,P-P022,1,380,380
T007331,P-P012,1,180,180
T007331,P-F001,1,65,65
T007332,P-F003,1,35,35
T007332,P-F014,1,95,95
T007333,P-F003,3,35,105
T007334,P-F003,3,35,105
T007335,P-F003,2,35,70
T007335,P-F014,1,95,95
T007336,P-P012,3,180,540
T007336,P-P014,1,320,320
T007336,P-P019,1,120,120
T007337,P-L015,1,549,549
T007337,P-L014,1,180,180
T007337,P-L019,3,110,330
T007338,P-B002,1,760,760
T007338,P-B005,1,320,320
T007338,P-B006,1,280,280
T007339,P-H016,1,390,390
T007339,P-P014,1,320,320
T007339,P-P028,1,200,200
T007339,P-P019,1,120,120
T007340,P-F013,1,160,160
T007340,P-F001,1,65,65
T007340,P-F003,2,35,70
T007341,P-F013,1,160,160
T007341,P-F003,1,35,35
T007341,P-F014,1,95,95
T007342,P-H003,1,961,961
T007342,P-F011,1,399,399
T007342,P-H006,1,1166,1166
T007342,P-L010,1,240,240
T007342,P-F018,1,180,180
T007342,P-F013,1,160,160
T007343,P-F003,2,35,70
T007343,P-L019,1,110,110
T007344,P-L006,1,707,707
T007344,P-F018,3,180,540
T007345,P-F003,2,35,70
T007345,P-F014,1,95,95
T007346,P-F003,2,35,70
T007347,P-F001,1,65,65
T007348,P-F003,3,35,105
T007349,P-F003,3,35,105
T007350,P-F014,1,95,95
T007351,P-P005,1,340,340
T007351,P-L002,1,220,220
T007351,P-F012,1,130,130
T007352,P-H016,1,390,390
T007353,P-F010,1,79,79
T007353,P-H004,1,605,605
T007353,P-H005,1,410,410
T007353,P-L007,1,320,320
T007353,P-H025,1,480,480
T007353,P-P013,3,150,450
T007354,P-F001,2,65,130
T007355,P-H012,1,480,480
T007355,P-F015,1,260,260
T007355,P-F003,2,35,70
T007355,P-F001,3,65,195
T007355,P-H007,1,520,520
T007356,P-L019,1,110,110
T007356,P-F001,1,65,65
T007357,P-F014,1,95,95
T007357,P-F003,1,35,35
T007358,P-F003,3,35,105
T007359,P-P025,1,480,480
T007359,P-P030,1,300,300
T007359,P-F018,2,180,360
T007359,P-F014,1,95,95
T007360,P-F006,1,336,336
T007360,P-F011,1,399,399
T007360,P-F010,1,79,79
T007360,P-L003,1,150,150
T007360,P-H025,1,480,480
T007360,P-P001,1,260,260
T007361,P-F008,1,252,252
T007361,P-H004,1,605,605
T007361,P-H006,1,1166,1166
T007361,P-F012,1,130,130
T007361,P-P015,1,220,220
T007361,P-F001,2,65,130
T007362,P-F014,1,95,95
T007363,P-G002,1,480,480
T007363,P-L010,1,240,240
T007363,P-L003,1,150,150
T007364,P-F010,1,79,79
T007364,P-F005,1,158,158
T007364,P-F011,1,399,399
T007364,P-L012,1,460,460
T007364,P-L019,1,110,110
T007364,P-G004,1,320,320
T007365,P-F001,1,65,65
T007365,P-L019,1,110,110
T007366,P-L019,1,110,110
T007367,P-F011,1,399,399
T007367,P-F009,1,126,126
T007367,P-F011,1,399,399
T007367,P-P030,1,300,300
T007367,P-F003,2,35,70
T007367,P-F014,1,95,95
T007368,P-H006,1,1166,1166
T007368,P-L004,3,160,480
T007368,P-P002,1,380,380
T007368,P-P020,1,350,350
T007369,P-B004,1,599,599
T007369,P-B006,1,280,280
T007369,P-B005,1,320,320
T007369,P-B007,1,260,260
T007370,P-B004,1,599,599
T007370,P-B009,1,240,240
T007370,P-B006,1,280,280
T007371,P-F007,1,94,94
T007371,P-F004,1,58,58
T007371,P-F012,1,130,130
T007371,P-L018,1,130,130
T007371,P-F001,1,65,65
T007372,P-F018,1,180,180
T007372,P-F001,1,65,65
T007372,P-F003,3,35,105
T007373,P-F013,1,160,160
T007373,P-F003,2,35,70
T007373,P-F001,1,65,65
T007374,P-L018,1,130,130
T007374,P-L019,2,110,220
T007375,P-L018,1,130,130
T007375,P-L019,1,110,110
T007376,P-P022,1,380,380
T007376,P-P030,1,300,300
T007376,P-F001,1,65,65
T007377,P-P018,1,580,580
T007377,P-F015,1,260,260
T007377,P-L019,1,110,110
T007377,P-F017,1,220,220
T007377,P-F018,2,180,360
T007377,P-F014,1,95,95
T007378,P-L019,1,110,110
T007379,P-F010,1,79,79
T007379,P-F005,1,158,158
T007379,P-L018,3,130,390
T007379,P-P030,1,300,300
T007379,P-P029,1,320,320
T007380,P-F012,2,130,260
T007380,P-P022,1,380,380
T007380,P-F019,3,140,420
T007381,P-L017,1,620,620
T007381,P-P029,1,320,320
T007381,P-L010,1,240,240
T007381,P-F012,1,130,130
T007382,P-F003,1,35,35
T007383,P-F003,1,35,35
T007383,P-L019,1,110,110
T007384,P-F017,1,220,220
T007384,P-P001,1,260,260
T007384,P-L013,1,380,380
T007384,P-P013,1,150,150
T007385,P-B006,1,280,280
T007385,P-B009,1,240,240
T007385,P-B007,1,260,260
T007386,P-G003,1,380,380
T007386,P-H016,1,390,390
T007386,P-P013,1,150,150
T007387,P-P021,1,240,240
T007387,P-L007,1,320,320
T007387,P-P001,1,260,260
T007387,P-L004,1,160,160
T007388,P-P013,1,150,150
T007389,P-F019,1,140,140
T007389,P-F003,3,35,105
T007390,P-H012,1,480,480
T007390,P-L010,1,240,240
T007390,P-F014,1,95,95
T007390,P-F001,1,65,65
T007391,P-H010,1,520,520
T007391,P-P012,1,180,180
T007391,P-P013,1,150,150
T007391,P-F001,1,65,65
T007392,P-H004,1,605,605
T007392,P-F010,1,79,79
T007392,P-F005,1,158,158
T007392,P-L013,1,380,380
T007392,P-P023,1,260,260
T007392,P-L002,1,220,220
T007393,P-L019,1,110,110
T007393,P-F003,1,35,35
T007394,P-F001,1,65,65
T007394,P-F003,1,35,35
T007395,P-F003,1,35,35
T007395,P-F014,1,95,95
T007396,P-G009,1,460,460
T007396,P-P011,1,320,320
T007396,P-P013,2,150,300
T007396,P-P028,1,200,200
T007396,P-P019,1,120,120
T007397,P-L019,1,110,110
T007398,P-P003,1,780,780
T007398,P-P014,1,320,320
T007398,P-P015,1,220,220
T007398,P-P019,1,120,120
T007399,P-F018,3,180,540
T007399,P-L009,1,280,280
T007399,P-L004,2,160,320
T007400,P-P006,1,250,250
T007400,P-P012,3,180,540
T007401,P-P013,3,150,450
T007402,P-H012,1,480,480
T007402,P-L003,2,150,300
T007402,P-F001,1,65,65
T007402,P-F014,1,95,95
T007403,P-F003,1,35,35
T007403,P-F001,1,65,65
T007404,P-P008,1,460,460
T007404,P-L003,2,150,300
T007404,P-F003,1,35,35
T007405,P-L010,1,240,240
T007405,P-F013,2,160,320
T007405,P-F001,2,65,130
T007405,P-F013,3,160,480
T007405,P-F019,3,140,420
T007405,P-F003,3,35,105
T007406,P-F014,1,95,95
T007407,P-F003,2,35,70
T007407,P-F001,1,65,65
T007408,P-H012,1,480,480
T007408,P-L018,1,130,130
T007408,P-L014,1,180,180
T007408,P-F003,3,35,105
T007408,P-H007,1,520,520
T007409,P-P007,1,290,290
T007409,P-P030,1,300,300
T007409,P-P011,1,320,320
T007409,P-P019,3,120,360
T007410,P-F003,1,35,35
T007411,P-F003,2,35,70
T007412,P-H016,1,390,390
T007413,P-F011,1,399,399
T007413,P-P012,2,180,360
T007413,P-L018,1,130,130
T007413,P-F001,1,65,65
T007413,P-H005,1,410,410
T007413,P-P015,1,220,220
T007413,P-F003,3,35,105
T007413,P-F018,2,180,360
T007414,P-H003,1,961,961
T007414,P-L013,1,380,380
T007414,P-F003,3,35,105
T007414,P-F018,1,180,180
T007415,P-H021,1,580,580
T007415,P-P025,1,480,480
T007415,P-L014,1,180,180
T007415,P-F003,2,35,70
T007416,P-H006,1,1166,1166
T007416,P-F006,1,336,336
T007416,P-H002,1,454,454
T007416,P-F014,1,95,95
T007416,P-P016,1,280,280
T007416,P-L009,1,280,280
T007417,P-F014,1,95,95
T007418,P-F014,1,95,95
T007419,P-P001,1,260,260
T007419,P-F012,1,130,130
T007419,P-F002,1,180,180
T007420,P-H003,1,961,961
T007420,P-F008,1,252,252
T007420,P-L019,3,110,330
T007420,P-P015,1,220,220
T007420,P-F018,2,180,360
T007421,P-B004,1,599,599
T007421,P-B009,2,240,480
T007421,P-B010,1,220,220
T007421,P-B007,1,260,260
T007422,P-P028,1,200,200
T007422,P-P019,3,120,360
T007422,P-F012,1,130,130
T007422,P-F014,4,95,380
T007422,P-F001,1,65,65
T007423,P-L003,1,150,150
T007423,P-F003,4,35,140
T007423,P-F014,1,95,95
T007424,P-F006,1,336,336
T007424,P-H005,1,410,410
T007424,P-F004,1,58,58
T007424,P-P003,1,780,780
T007424,P-P017,1,260,260
T007424,P-L018,1,130,130
T007425,P-F020,1,190,190
T007425,P-F003,1,35,35
T007425,P-F014,1,95,95
T007426,P-F012,1,130,130
T007426,P-F001,2,65,130
T007426,P-F003,2,35,70
T007427,P-F013,1,160,160
T007427,P-F014,1,95,95
T007428,P-H012,1,480,480
T007428,P-L005,1,180,180
T007428,P-F012,1,130,130
T007428,P-F001,1,65,65
T007428,P-H007,1,520,520
T007429,P-L019,1,110,110
T007429,P-P025,1,480,480
T007429,P-P028,1,200,200
T007429,P-P001,1,260,260
T007429,P-L018,1,130,130
T007430,P-F014,1,95,95
T007430,P-F003,1,35,35
T007431,P-P010,1,657,657
T007431,P-F017,1,220,220
T007431,P-L002,1,220,220
T007431,P-F001,3,65,195
T007432,P-F001,1,65,65
T007432,P-L019,1,110,110
T007433,P-F003,3,35,105
T007434,P-F003,1,35,35
T007434,P-F014,1,95,95
T007435,P-P010,1,657,657
T007435,P-P016,1,280,280
T007435,P-P015,1,220,220
T007435,P-P019,1,120,120
T007436,P-B008,1,395,395
T007436,P-B005,2,320,640
T007437,P-F011,1,399,399
T007437,P-F004,1,58,58
T007437,P-L018,3,130,390
T007437,P-L019,1,110,110
T007437,P-F001,1,65,65
T007438,P-H012,1,480,480
T007438,P-F003,3,35,105
T007438,P-L020,1,190,190
T007438,P-F001,1,65,65
T007439,P-H012,1,480,480
T007439,P-L019,2,110,220
T007439,P-F003,4,35,140
T007439,P-F014,1,95,95
T007439,P-H007,1,520,520
T007440,P-F014,2,95,190
T007440,P-F001,1,65,65
T007441,P-F003,4,35,140
T007441,P-L007,1,320,320
T007441,P-L004,2,160,320
T007441,P-P020,1,350,350
T007441,P-F012,2,130,260
T007442,P-L004,1,160,160
T007442,P-P004,1,420,420
T007442,P-P029,1,320,320
T007443,P-F018,3,180,540
T007443,P-F002,2,180,360
T007443,P-F014,1,95,95
T007444,P-F001,1,65,65
T007444,P-L019,1,110,110
T007445,P-F003,1,35,35
T007445,P-F003,1,35,35
T007445,P-L019,1,110,110
T007446,P-F017,1,220,220
T007446,P-L019,2,110,220
T007446,P-P019,1,120,120
T007447,P-F008,1,252,252
T007447,P-H001,1,734,734
T007447,P-F007,1,94,94
T007447,P-P011,1,320,320
T007447,P-P012,1,180,180
T007447,P-P004,1,420,420
T007448,P-F001,2,65,130
T007449,P-P013,1,150,150
T007449,P-P019,1,120,120
T007450,P-H025,1,480,480
T007450,P-H016,1,390,390
T007450,P-P013,2,150,300
T007451,P-F008,1,252,252
T007451,P-G006,1,560,560
T007451,P-P013,2,150,300
T007451,P-F001,3,65,195
T007451,P-G009,1,460,460
T007451,P-F015,1,260,260
T007452,P-F014,1,95,95
T007453,P-F005,1,158,158
T007453,P-P002,2,380,760
T007453,P-P004,1,420,420
T007453,P-F002,1,180,180
T007453,P-F004,1,58,58
T007453,P-F007,1,94,94
T007453,P-P019,1,120,120
T007453,P-P012,3,180,540
T007454,P-F008,1,252,252
T007454,P-F009,1,126,126
T007454,P-H004,1,605,605
T007454,P-L010,1,240,240
T007454,P-L009,1,280,280
T007454,P-L014,1,180,180
T007455,P-L018,3,130,390
T007455,P-P001,1,260,260
T007455,P-P006,1,250,250
T007455,P-L024,1,420,420
T007455,P-L020,1,190,190
T007455,P-F020,1,190,190
T007456,P-P012,2,180,360
T007456,P-P001,1,260,260
T007456,P-P017,1,260,260
T007457,P-H012,1,480,480
T007458,P-L019,1,110,110
T007459,P-F014,1,95,95
T007460,P-P023,1,260,260
T007460,P-P025,1,480,480
T007460,P-P013,1,150,150
T007460,P-P019,1,120,120
T007461,P-H002,1,454,454
T007461,P-L014,1,180,180
T007461,P-P025,1,480,480
T007461,P-L003,3,150,450
T007462,P-F003,3,35,105
T007463,P-B004,1,599,599
T007463,P-B006,1,280,280
T007463,P-B008,1,395,395
T007463,P-B010,1,220,220
T007464,P-F002,1,180,180
T007464,P-P001,1,260,260
T007464,P-F013,1,160,160
T007465,P-F006,1,336,336
T007465,P-F009,1,126,126
T007465,P-P004,1,420,420
T007465,P-G004,1,320,320
T007465,P-L018,2,130,260
T007466,P-F009,1,126,126
T007466,P-F005,1,158,158
T007466,P-H002,1,454,454
T007466,P-P024,1,540,540
T007466,P-L010,1,240,240
T007466,P-L017,1,620,620
T007467,P-F013,1,160,160
T007467,P-F001,2,65,130
T007468,P-P020,1,350,350
T007468,P-L014,1,180,180
T007468,P-L004,3,160,480
T007468,P-F018,1,180,180
T007468,P-F001,3,65,195
T007469,P-F001,1,65,65
T007470,P-F003,2,35,70
T007470,P-F014,1,95,95
T007471,P-F003,1,35,35
T007471,P-F003,1,35,35
T007471,P-F001,1,65,65
T007472,P-P006,1,250,250
T007472,P-L023,1,540,540
T007472,P-P007,1,290,290
T007472,P-L005,1,180,180
T007473,P-P015,1,220,220
T007473,P-F019,3,140,420
T007473,P-L005,3,180,540
T007474,P-L018,2,130,260
T007474,P-F014,1,95,95
T007474,P-F003,1,35,35
T007475,P-F010,1,79,79
T007475,P-F008,1,252,252
T007475,P-P001,1,260,260
T007475,P-F012,1,130,130
T007475,P-F014,1,95,95
T007476,P-B005,1,320,320
T007476,P-B010,1,220,220
T007477,P-B004,1,599,599
T007477,P-B009,1,240,240
T007477,P-B006,2,280,560
T007477,P-B010,1,220,220
T007478,P-P013,-1,150,-150
T007479,P-H004,1,605,605
T007479,P-H004,1,605,605
T007479,P-F002,3,180,540
T007479,P-F003,1,35,35
T007479,P-P002,1,380,380
T007480,P-P024,1,540,540
T007480,P-F020,1,190,190
T007480,P-L004,1,160,160
T007480,P-H003,1,961,961
T007480,P-G006,1,560,560
T007480,P-H009,1,780,780
T007480,P-F012,3,130,390
T007481,P-P022,1,380,380
T007481,P-H015,1,450,450
T007481,P-F018,1,180,180
T007481,P-F003,2,35,70
T007482,P-L019,2,110,220
T007482,P-F003,1,35,35
T007483,P-L019,1,110,110
T007484,P-H012,1,480,480
T007484,P-L018,2,130,260
T007484,P-F020,1,190,190
T007484,P-F001,2,65,130
T007485,P-G004,1,320,320
T007485,P-P007,1,290,290
T007485,P-P012,1,180,180
T007485,P-P013,1,150,150
T007486,P-F012,1,130,130
T007486,P-F014,1,95,95
T007486,P-L024,1,420,420
T007486,P-H008,1,720,720
T007486,P-P005,1,340,340
T007487,P-F003,3,35,105
T007488,P-G006,1,560,560
T007488,P-L004,2,160,320
T007488,P-F001,3,65,195
T007489,P-H012,1,480,480
T007489,P-L005,3,180,540
T007490,P-B010,2,220,440
T007490,P-B006,1,280,280
T007491,P-H003,1,961,961
T007491,P-H005,1,410,410
T007491,P-F008,1,252,252
T007491,P-P014,1,320,320
T007491,P-P004,1,420,420
T007491,P-P012,3,180,540
T007492,P-L005,1,180,180
T007492,P-L019,1,110,110
T007493,P-P029,1,320,320
T007493,P-P030,1,300,300
T007493,P-P013,2,150,300
T007494,P-P003,1,780,780
T007494,P-P022,1,380,380
T007494,P-P012,1,180,180
T007495,P-L015,1,549,549
T007495,P-P005,1,340,340
T007495,P-F019,1,140,140
T007495,P-L002,1,220,220
T007495,P-P006,1,250,250
T007495,P-F001,1,65,65
T007496,P-L019,1,110,110
T007497,P-P029,1,320,320
T007497,P-P021,1,240,240
T007497,P-P014,1,320,320
T007497,P-P019,3,120,360
T007498,P-P013,2,150,300
T007498,P-P015,1,220,220
T007498,P-P011,1,320,320
T007498,P-P005,1,340,340
T007498,P-P019,1,120,120
T007499,P-L019,1,110,110
T007500,P-P030,1,300,300
T007500,P-P024,1,540,540
T007500,P-F001,2,65,130
T007500,P-L019,2,110,220
T007501,P-P006,1,250,250
T007501,P-F002,3,180,540
T007501,P-L020,1,190,190
T007501,P-L002,2,220,440
T007501,P-F018,1,180,180
T007501,P-P013,1,150,150
T007502,P-F001,2,65,130
T007503,P-F014,1,95,95
T007504,P-F003,1,35,35
T007504,P-F003,2,35,70
T007504,P-F001,1,65,65
T007505,P-L019,1,110,110
T007506,P-L019,4,110,440
T007507,P-P008,1,460,460
T007507,P-P005,1,340,340
T007507,P-P019,2,120,240
T007508,P-H012,1,480,480
T007508,P-L002,1,220,220
T007508,P-F001,2,65,130
T007508,P-F014,1,95,95
T007509,P-F003,1,35,35
T007509,P-F001,1,65,65
T007509,P-F014,1,95,95
T007510,P-P023,1,260,260
T007510,P-P030,1,300,300
T007510,P-L005,2,180,360
T007510,P-H020,1,720,720
T007510,P-L010,1,240,240
T007510,P-L019,1,110,110
T007511,P-F003,3,35,105
T007512,P-L019,1,110,110
T007513,P-F003,1,35,35
T007514,P-G002,2,480,960
T007514,P-G004,1,320,320
T007515,P-B008,1,395,395
T007515,P-B010,1,220,220
T007515,P-B007,1,260,260
T007516,P-H003,1,961,961
T007516,P-H004,1,605,605
T007516,P-P029,1,320,320
T007516,P-P021,1,240,240
T007516,P-P005,1,340,340
T007517,P-L019,3,110,330
T007517,P-F003,1,35,35
T007518,P-P017,1,260,260
T007518,P-L001,1,260,260
T007518,P-P015,1,220,220
T007518,P-H021,1,580,580
T007518,P-P017,1,260,260
T007518,P-L007,1,320,320
T007519,P-L019,1,110,110
T007520,P-P002,1,380,380
T007520,P-F017,1,220,220
T007520,P-L020,1,190,190
T007520,P-F013,1,160,160
T007520,P-F001,1,65,65
T007521,P-P020,2,350,700
T007521,P-L020,1,190,190
T007521,P-L018,1,130,130
T007522,P-L018,1,130,130
T007522,P-F003,3,35,105
T007523,P-L004,3,160,480
T007524,P-L019,1,110,110
T007524,P-F001,1,65,65
T007525,P-L019,1,110,110
T007525,P-F001,1,65,65
T007526,P-F001,1,65,65
T007526,P-L019,1,110,110
T007527,P-F003,1,35,35
T007527,P-F001,1,65,65
T007527,P-F014,1,95,95
T007528,P-F014,1,95,95
T007529,P-F003,2,35,70
T007530,P-B010,1,220,220
T007530,P-B009,1,240,240
T007530,P-B005,1,320,320
T007531,P-B009,2,240,480
T007531,P-B010,1,220,220
T007531,P-B007,1,260,260
T007532,P-P012,2,180,360
T007532,P-P008,1,460,460
T007532,P-P002,1,380,380
T007532,P-P019,1,120,120
T007532,P-P013,1,150,150
T007533,P-H022,1,690,690
T007533,P-P017,1,260,260
T007533,P-F013,2,160,320
T007534,P-P015,1,220,220
T007534,P-P001,1,260,260
T007534,P-P023,1,260,260
T007535,P-P015,1,220,220
T007535,P-L012,1,460,460
T007535,P-P019,3,120,360
T007536,P-F008,1,252,252
T007536,P-F011,1,399,399
T007536,P-F009,1,126,126
T007536,P-H010,1,520,520
T007536,P-F003,3,35,105
T007536,P-P017,1,260,260
T007537,P-P020,1,350,350
T007537,P-H025,1,480,480
T007537,P-P005,1,340,340
T007537,P-P013,1,150,150
T007538,P-F019,1,140,140
T007538,P-H016,1,390,390
T007538,P-F003,3,35,105
T007539,P-P021,1,240,240
T007539,P-G003,1,380,380
T007539,P-P006,1,250,250
T007539,P-F020,1,190,190
T007540,P-H001,1,734,734
T007540,P-H005,1,410,410
T007540,P-H001,1,734,734
T007540,P-F019,2,140,280
T007540,P-G001,1,880,880
T007540,P-F013,3,160,480
T007541,P-P017,1,260,260
T007541,P-L015,1,549,549
T007541,P-F002,3,180,540
T007542,P-P023,1,260,260
T007542,P-L020,1,190,190
T007542,P-P012,1,180,180
T007543,P-P019,2,120,240
T007543,P-L018,1,130,130
T007543,P-L019,1,110,110
T007544,P-F015,1,260,260
T007544,P-F019,2,140,280
T007544,P-F003,3,35,105
T007544,P-G005,1,420,420
T007544,P-P016,1,280,280
T007544,P-L019,2,110,220
T007545,P-L010,1,240,240
T007545,P-L002,1,220,220
T007545,P-P019,2,120,240
T007545,P-F005,1,158,158
T007545,P-L023,1,540,540
T007545,P-P021,1,240,240
T007545,P-F001,2,65,130
T007546,P-L019,1,110,110
T007547,P-F003,1,35,35
T007547,P-F001,2,65,130
T007548,P-F003,1,35,35
T007548,P-F001,1,65,65
T007548,P-F014,1,95,95
T007549,P-F003,2,35,70
T007549,P-F014,1,95,95
T007550,P-F003,1,35,35
T007550,P-F003,3,35,105
T007551,P-G009,1,460,460
T007551,P-H023,1,620,620
T007551,P-P012,1,180,180
T007551,P-P019,1,120,120
T007552,P-B004,1,599,599
T007552,P-B009,1,240,240
T007552,P-B007,1,260,260
T007553,P-H016,1,390,390
T007554,P-H016,1,390,390
T007555,P-F019,1,140,140
T007555,P-P012,1,180,180
T007555,P-F014,1,95,95
T007556,P-H005,1,410,410
T007556,P-H001,1,734,734
T007556,P-L003,2,150,300
T007556,P-P011,1,320,320
T007556,P-L010,1,240,240
T007557,P-F003,1,35,35
T007557,P-F014,1,95,95
T007558,P-H023,1,620,620
T007558,P-P006,1,250,250
T007558,P-P012,1,180,180
T007558,P-P019,1,120,120
T007559,P-H003,1,961,961
T007559,P-F010,1,79,79
T007559,P-H002,1,454,454
T007559,P-P013,1,150,150
T007559,P-P023,1,260,260
T007559,P-P016,1,280,280
T007560,P-L019,3,110,330
T007560,P-H010,1,520,520
T007560,P-L001,1,260,260
T007560,P-F020,1,190,190
T007561,P-P007,-1,290,-290
T007562,P-F001,2,65,130
T007562,P-F003,1,35,35
T007563,P-L019,1,110,110
T007564,P-F003,1,35,35
T007564,P-F001,1,65,65
T007564,P-F014,1,95,95
T007565,P-F003,2,35,70
T007565,P-F003,3,35,105
T007566,P-P009,1,890,890
T007566,P-F003,2,35,70
T007566,P-P016,1,280,280
T007566,P-F012,1,130,130
T007567,P-F005,1,158,158
T007567,P-F014,1,95,95
T007567,P-F012,3,130,390
T007567,P-F001,1,65,65
T007567,P-F010,1,79,79
T007567,P-H025,1,480,480
T007567,P-P006,1,250,250
T007567,P-P017,1,260,260
T007568,P-F007,1,94,94
T007568,P-F010,1,79,79
T007568,P-F010,1,79,79
T007568,P-L002,1,220,220
T007568,P-L018,1,130,130
T007568,P-F003,3,35,105
T007569,P-P019,2,120,240
T007570,P-F019,1,140,140
T007570,P-F014,1,95,95
T007570,P-F001,1,65,65
T007571,P-F006,1,336,336
T007571,P-F006,1,336,336
T007571,P-L005,1,180,180
T007571,P-F012,1,130,130
T007571,P-L019,1,110,110
T007572,P-F005,1,158,158
T007572,P-L002,1,220,220
T007572,P-H015,1,450,450
T007572,P-L003,1,150,150
T007573,P-P016,-1,280,-280
T007574,P-F008,1,252,252
T007574,P-F011,1,399,399
T007574,P-H010,1,520,520
T007574,P-H020,1,720,720
T007574,P-P015,1,220,220
T007575,P-F001,1,65,65
T007575,P-F003,1,35,35
T007576,P-H016,1,390,390
T007576,P-P004,1,420,420
T007576,P-L019,3,110,330
T007577,P-L012,1,460,460
T007577,P-F014,1,95,95
T007577,P-P011,1,320,320
T007577,P-F003,1,35,35
T007577,P-L019,1,110,110
T007578,P-P030,2,300,600
T007578,P-F001,1,65,65
T007578,P-F019,1,140,140
T007579,P-F013,3,160,480
T007579,P-F017,1,220,220
T007579,P-P021,1,240,240
T007579,P-L002,1,220,220
T007579,P-G008,1,780,780
T007579,P-F003,1,35,35
T007580,P-F003,3,35,105
T007581,P-F003,2,35,70
T007582,P-F003,2,35,70
T007582,P-L019,1,110,110
T007583,P-P011,1,320,320
T007583,P-P002,1,380,380
T007583,P-F013,1,160,160
T007583,P-L005,1,180,180
T007583,P-P013,1,150,150
T007584,P-P004,1,420,420
T007584,P-P019,4,120,480
T007585,P-L023,1,540,540
T007585,P-P030,1,300,300
T007585,P-P006,1,250,250
T007585,P-F003,3,35,105
T007586,P-F013,2,160,320
T007586,P-P016,1,280,280
T007586,P-P013,1,150,150
T007586,P-L007,1,320,320
T007586,P-F012,1,130,130
T007586,P-F001,1,65,65
T007587,P-F010,1,79,79
T007587,P-F005,1,158,158
T007587,P-L004,3,160,480
T007587,P-L018,1,130,130
T007587,P-F003,1,35,35
T007588,P-P021,1,240,240
T007588,P-P001,1,260,260
T007588,P-P029,1,320,320
T007588,P-F003,3,35,105
T007588,P-L018,1,130,130
T007589,P-G002,2,480,960
T007590,P-F003,2,35,70
T007591,P-F003,2,35,70
T007591,P-F001,1,65,65
T007592,P-F003,1,35,35
T007593,P-F003,3,35,105
T007594,P-L019,1,110,110
T007595,P-L009,1,280,280
T007595,P-P014,1,320,320
T007595,P-P006,1,250,250
T007595,P-P019,1,120,120
T007596,P-B004,1,599,599
T007596,P-B005,1,320,320
T007596,P-B009,1,240,240
T007596,P-B010,1,220,220
T007597,P-B006,1,280,280
T007597,P-B010,1,220,220
T007597,P-B007,1,260,260
T007598,P-F003,1,35,35
T007598,P-P014,1,320,320
T007598,P-P012,1,180,180
T007599,P-L003,1,150,150
T007599,P-L019,1,110,110
T007600,P-L003,1,150,150
T007600,P-L019,1,110,110
T007601,P-H002,1,454,454
T007601,P-F005,1,158,158
T007601,P-P028,1,200,200
T007601,P-L010,1,240,240
T007601,P-L019,3,110,330
T007602,P-F014,2,95,190
T007603,P-L023,1,540,540
T007603,P-L017,1,620,620
T007603,P-L009,1,280,280
T007603,P-L003,1,150,150
T007604,P-F010,1,79,79
T007604,P-F011,1,399,399
T007604,P-F005,1,158,158
T007604,P-F014,2,95,190
T007604,P-F003,3,35,105
T007605,P-F014,1,95,95
T007606,P-F003,2,35,70
T007606,P-F001,1,65,65
T007607,P-L019,1,110,110
T007608,P-F003,1,35,35
T007609,P-F003,2,35,70
T007609,P-L019,1,110,110
T007610,P-F001,1,65,65
T007611,P-H001,1,734,734
T007611,P-H005,1,410,410
T007611,P-F018,1,180,180
T007611,P-F002,1,180,180
T007611,P-F014,1,95,95
T007612,P-L004,1,160,160
T007612,P-L019,2,110,220
T007613,P-F013,1,160,160
T007613,P-F001,2,65,130
T007613,P-F003,1,35,35
T007614,P-L020,1,190,190
T007614,P-L019,1,110,110
T007614,P-F003,1,35,35
T007615,P-L019,1,110,110
T007616,P-F001,1,65,65
T007616,P-L019,1,110,110
T007617,P-F001,2,65,130
T007617,P-P006,1,250,250
T007617,P-F014,1,95,95
T007618,P-H004,1,605,605
T007618,P-H002,1,454,454
T007618,P-H003,1,961,961
T007618,P-L002,1,220,220
T007618,P-L003,3,150,450
T007618,P-F014,3,95,285
T007619,P-F003,2,35,70
T007619,P-L019,1,110,110
T007620,P-G008,1,780,780
T007620,P-P015,1,220,220
T007620,P-P028,1,200,200
T007621,P-B004,1,599,599
T007621,P-B008,1,395,395
T007621,P-B005,1,320,320
T007621,P-B009,1,240,240
T007622,P-B002,1,760,760
T007622,P-B010,2,220,440
T007623,P-F001,1,65,65
T007623,P-L019,1,110,110
T007624,P-F003,-1,35,-35
T007625,P-L013,1,380,380
T007625,P-F002,2,180,360
T007625,P-G004,1,320,320
T007626,P-F003,3,35,105
T007627,P-L019,1,110,110
T007628,P-F018,1,180,180
T007628,P-L015,1,549,549
T007628,P-P007,1,290,290
T007628,P-L019,1,110,110
T007628,P-F003,1,35,35
T007629,P-P007,1,290,290
T007629,P-F020,1,190,190
T007629,P-F003,2,35,70
T007630,P-F003,1,35,35
T007630,P-F001,1,65,65
T007630,P-F014,1,95,95
T007631,P-L019,1,110,110
T007632,P-F003,1,35,35
T007633,P-B004,1,599,599
T007633,P-B006,1,280,280
T007633,P-B007,1,260,260
T007634,P-L003,3,150,450
T007634,P-P004,1,420,420
T007634,P-L002,1,220,220
T007634,P-L014,2,180,360
T007635,P-H016,1,390,390
T007636,P-H022,1,690,690
T007636,P-F013,3,160,480
T007636,P-L004,1,160,160
T007636,P-F001,2,65,130
T007637,P-P013,2,150,300
T007637,P-P024,1,540,540
T007637,P-L008,1,450,450
T007637,P-F019,2,140,280
T007638,P-H006,1,1166,1166
T007638,P-F008,1,252,252
T007638,P-L019,3,110,330
T007638,P-H017,1,640,640
T007638,P-F020,1,190,190
T007639,P-F001,1,65,65
T007639,P-L019,1,110,110
T007640,P-L019,1,110,110
T007641,P-H025,1,480,480
T007641,P-P015,1,220,220
T007641,P-L005,3,180,540
T007641,P-P002,1,380,380
T007641,P-P015,1,220,220
T007641,P-P006,1,250,250
T007642,P-P018,1,580,580
T007642,P-F017,1,220,220
T007642,P-F014,1,95,95
T007642,P-P014,1,320,320
T007642,P-P005,1,340,340
T007642,P-F013,2,160,320
T007643,P-F003,3,35,105
T007644,P-F003,3,35,105
T007645,P-L019,1,110,110
T007646,P-F003,2,35,70
T007647,P-L019,1,110,110
T007648,P-L019,1,110,110
T007649,P-B009,2,240,480
T007649,P-B008,1,395,395
T007650,P-H002,1,454,454
T007650,P-H002,1,454,454
T007650,P-G004,1,320,320
T007650,P-P002,1,380,380
T007650,P-P008,1,460,460
T007651,P-L004,1,160,160
T007651,P-L019,2,110,220
T007652,P-H016,1,390,390
T007653,P-H016,1,390,390
T007654,P-H017,1,640,640
T007654,P-L001,1,260,260
T007654,P-P013,3,150,450
T007654,P-G005,1,420,420
T007654,P-F003,3,35,105
T007654,P-P024,1,540,540
T007655,P-G004,1,320,320
T007655,P-P030,1,300,300
T007655,P-P012,1,180,180
T007656,P-L012,1,460,460
T007656,P-L007,1,320,320
T007656,P-F001,1,65,65
T007657,P-F007,-1,94,-94
T007658,P-H012,1,480,480
T007658,P-F012,3,130,390
T007658,P-L019,2,110,220
T007659,P-L019,3,110,330
T007659,P-L020,1,190,190
T007659,P-G002,1,480,480
T007659,P-P015,1,220,220
T007659,P-F001,3,65,195
T007660,P-F014,1,95,95
T007660,P-F003,1,35,35
T007661,P-F007,1,94,94
T007661,P-F005,1,158,158
T007661,P-H003,1,961,961
T007661,P-L019,1,110,110
T007661,P-L017,1,620,620
T007661,P-P021,1,240,240
T007662,P-H003,1,961,961
T007662,P-H001,1,734,734
T007662,P-F006,1,336,336
T007663,P-H006,1,1166,1166
T007663,P-F008,1,252,252
T007663,P-L006,1,707,707
T007663,P-P001,1,260,260
T007663,P-F019,1,140,140
T007664,P-G003,1,380,380
T007664,P-L018,2,130,260
T007664,P-L019,1,110,110
T007665,P-H012,1,480,480
T007665,P-F014,3,95,285
T007665,P-F001,2,65,130
T007666,P-H012,1,480,480
T007666,P-F015,1,260,260
T007666,P-F014,2,95,190
T007667,P-G002,2,480,960
T007667,P-G004,1,320,320
T007668,P-L019,1,110,110
T007669,P-L019,1,110,110
T007670,P-H012,1,480,480
T007670,P-L014,3,180,540
T007671,P-L007,1,320,320
T007671,P-L018,1,130,130
T007671,P-F001,1,65,65
T007672,P-L019,1,110,110
T007672,P-F012,1,130,130
T007672,P-F014,1,95,95
T007673,P-F001,4,65,260
T007673,P-F014,1,95,95
T007674,P-P012,1,180,180
T007674,P-P019,1,120,120
T007675,P-H005,1,410,410
T007675,P-H006,1,1166,1166
T007675,P-P025,1,480,480
T007675,P-P030,1,300,300
T007675,P-F003,3,35,105
T007676,P-F014,1,95,95
T007676,P-F001,1,65,65
T007677,P-P012,1,180,180
T007677,P-F012,1,130,130
T007677,P-L019,1,110,110
T007678,P-G002,1,480,480
T007678,P-G003,1,380,380
T007679,P-F014,1,95,95
T007680,P-H012,1,480,480
T007680,P-L020,1,190,190
T007680,P-F019,3,140,420
T007681,P-F003,1,35,35
T007682,P-F003,3,35,105
T007683,P-F003,2,35,70
T007684,P-F003,3,35,105
T007685,P-G001,1,880,880
T007685,P-L020,1,190,190
T007685,P-L005,1,180,180
T007685,P-F014,1,95,95
T007686,P-F004,1,58,58
T007686,P-F007,1,94,94
T007687,P-B004,1,599,599
T007687,P-B008,1,395,395
T007687,P-B010,1,220,220
T007688,P-F008,1,252,252
T007688,P-H006,1,1166,1166
T007688,P-F004,1,58,58
T007688,P-L018,3,130,390
T007688,P-H023,1,620,620
T007688,P-L005,1,180,180
T007689,P-F013,1,160,160
T007689,P-F012,1,130,130
T007689,P-F020,1,190,190
T007690,P-G002,2,480,960
T007691,P-F006,1,336,336
T007691,P-F006,1,336,336
T007691,P-G003,1,380,380
T007691,P-P024,1,540,540
T007691,P-P021,1,240,240
T007692,P-H002,1,454,454
T007692,P-F010,1,79,79
T007692,P-F005,1,158,158
T007692,P-P023,1,260,260
T007692,P-F013,1,160,160
T007692,P-F018,1,180,180
T007693,P-L019,1,110,110
T007693,P-F001,1,65,65
T007694,P-H012,1,480,480
T007694,P-F019,3,140,420
T007695,P-L018,1,130,130
T007695,P-L019,2,110,220
T007696,P-F003,4,35,140
T007696,P-F014,1,95,95
T007697,P-F008,1,252,252
T007697,P-F011,1,399,399
T007697,P-H005,1,410,410
T007697,P-F002,1,180,180
T007697,P-P010,1,657,657
T007697,P-P014,1,320,320
T007698,P-F014,1,95,95
T007698,P-F001,1,65,65
T007699,P-P013,2,150,300
T007699,P-F014,2,95,190
T007700,P-H002,1,454,454
T007700,P-F011,1,399,399
T007700,P-F004,1,58,58
T007700,P-L007,1,320,320
T007700,P-P015,1,220,220
T007700,P-P023,1,260,260
T007701,P-L005,2,180,360
T007701,P-L003,3,150,450
T007702,P-P025,1,480,480
T007702,P-P023,1,260,260
T007702,P-P013,1,150,150
T007702,P-F014,1,95,95
T007703,P-G002,1,480,480
T007704,P-G002,1,480,480
T007704,P-G004,1,320,320
T007705,P-G002,1,480,480
T007705,P-G004,1,320,320
T007706,P-F014,2,95,190
T007707,P-F003,2,35,70
T007707,P-F003,3,35,105
T007708,P-F003,3,35,105
T007709,P-F001,1,65,65
T007709,P-L019,1,110,110
T007710,P-B004,1,599,599
T007710,P-B008,1,395,395
T007710,P-B009,1,240,240
T007710,P-B005,1,320,320
T007711,P-B007,1,260,260
T007711,P-B005,1,320,320
T007711,P-B006,1,280,280
T007712,P-F004,1,58,58
T007712,P-L014,3,180,540
T007712,P-F015,1,260,260
T007712,P-L015,1,549,549
T007712,P-F005,1,158,158
T007712,P-P008,1,460,460
T007712,P-L009,1,280,280
T007712,P-L024,1,420,420
T007713,P-H012,1,480,480
T007713,P-L007,1,320,320
T007713,P-L018,1,130,130
T007713,P-F014,1,95,95
T007714,P-H016,1,390,390
T007715,P-H016,1,390,390
T007716,P-P016,1,280,280
T007716,P-L002,1,220,220
T007716,P-L010,1,240,240
T007716,P-P020,1,350,350
T007716,P-F003,1,35,35
T007716,P-L005,1,180,180
T007717,P-F011,1,399,399
T007717,P-F008,1,252,252
T007717,P-P011,1,320,320
T007717,P-F001,3,65,195
T007718,P-F011,1,399,399
T007718,P-P023,1,260,260
T007718,P-L018,1,130,130
T007718,P-L004,2,160,320
T007719,P-G003,1,380,380
T007719,P-P029,1,320,320
T007719,P-L005,2,180,360
T007719,P-L002,1,220,220
T007720,P-G002,1,480,480
T007721,P-G002,2,480,960
T007722,P-B004,1,599,599
T007722,P-B008,1,395,395
T007722,P-B010,1,220,220
T007723,P-L017,1,620,620
T007723,P-L010,1,240,240
T007723,P-F020,1,190,190
T007723,P-L004,1,160,160
T007723,P-F001,1,65,65
T007724,P-F017,1,220,220
T007724,P-F018,3,180,540
T007725,P-H012,1,480,480
T007725,P-F012,2,130,260
T007725,P-L004,1,160,160
T007725,P-F003,2,35,70
T007725,P-H007,1,520,520
T007726,P-F004,1,58,58
T007726,P-F007,1,94,94
T007726,P-L003,3,150,450
T007726,P-P019,1,120,120
T007726,P-F003,1,35,35
T007727,P-L019,1,110,110
T007727,P-F003,1,35,35
T007728,P-P023,1,260,260
T007728,P-F002,2,180,360
T007728,P-L010,1,240,240
T007729,P-G002,1,480,480
T007730,P-F003,1,35,35
T007730,P-L019,1,110,110
T007731,P-L019,1,110,110
T007732,P-P001,1,260,260
T007732,P-L019,1,110,110
T007732,P-F015,1,260,260
T007733,P-L019,1,110,110
T007734,P-P011,1,320,320
T007734,P-L019,1,110,110
T007734,P-F001,1,65,65
T007735,P-G002,1,480,480
T007735,P-G004,1,320,320
T007736,P-F001,4,65,260
T007736,P-F003,1,35,35
T007737,P-L014,1,180,180
T007737,P-L019,1,110,110
T007738,P-L003,1,150,150
T007738,P-L019,1,110,110
T007739,P-H004,1,605,605
T007739,P-F010,1,79,79
T007739,P-L005,2,180,360
T007739,P-P002,1,380,380
T007739,P-F002,3,180,540
T007740,P-L003,1,150,150
T007740,P-G003,1,380,380
T007740,P-P006,1,250,250
T007740,P-P023,1,260,260
T007740,P-F014,2,95,190
T007741,P-P017,1,260,260
T007741,P-L002,1,220,220
T007741,P-F020,1,190,190
T007742,P-G002,1,480,480
T007742,P-P028,1,200,200
T007742,P-F012,1,130,130
T007743,P-L018,1,130,130
T007743,P-P011,1,320,320
T007743,P-F002,3,180,540
T007744,P-G002,2,480,960
T007744,P-G004,1,320,320
T007745,P-F008,1,252,252
T007745,P-F011,1,399,399
T007745,P-F009,1,126,126
T007745,P-P012,3,180,540
T007745,P-L019,1,110,110
T007746,P-F001,1,65,65
T007746,P-L019,1,110,110
T007747,P-L005,1,180,180
T007747,P-P012,1,180,180
T007747,P-F013,1,160,160
T007748,P-F003,2,35,70
T007749,P-F003,2,35,70
T007750,P-F014,1,95,95
T007751,P-F005,1,158,158
T007751,P-F009,1,126,126
T007751,P-F015,1,260,260
T007751,P-P024,1,540,540
T007751,P-L005,3,180,540
T007752,P-H016,1,390,390
T007753,P-P014,1,320,320
T007753,P-L014,1,180,180
T007753,P-P019,3,120,360
T007753,P-F018,1,180,180
T007753,P-P011,1,320,320
T007753,P-P024,1,540,540
T007754,P-G002,1,480,480
T007755,P-G002,2,480,960
T007755,P-G004,1,320,320
T007756,P-G002,2,480,960
T007757,P-G002,1,480,480
T007758,P-F011,1,399,399
T007758,P-H003,1,961,961
T007758,P-P016,1,280,280
T007758,P-P015,1,220,220
T007758,P-F014,2,95,190
T007759,P-H012,1,480,480
T007759,P-L004,1,160,160
T007759,P-L019,1,110,110
T007759,P-F003,1,35,35
T007760,P-F003,1,35,35
T007760,P-L019,1,110,110
T007761,P-F003,1,35,35
T007761,P-F014,1,95,95
T007762,P-F001,1,65,65
T007762,P-L019,1,110,110
T007763,P-P021,1,240,240
T007763,P-G006,1,560,560
T007763,P-L010,1,240,240
T007764,P-F019,2,140,280
T007764,P-F001,1,65,65
T007765,P-H006,1,1166,1166
T007765,P-L018,3,130,390
T007765,P-F003,1,35,35
T007765,P-L005,2,180,360
T007765,P-F003,4,35,140
T007765,P-F001,1,65,65
T007766,P-H021,1,580,580
T007766,P-L024,1,420,420
T007766,P-F019,1,140,140
T007766,P-H006,1,1166,1166
T007766,P-L016,1,880,880
T007766,P-H016,1,390,390
T007766,P-P019,2,120,240
T007767,P-P019,2,120,240
T007768,P-L019,4,110,440
T007769,P-L003,2,150,300
T007769,P-L014,3,180,540
T007769,P-P016,1,280,280
T007770,P-F004,1,58,58
T007770,P-H006,1,1166,1166
T007770,P-F006,1,336,336
T007770,P-L019,3,110,330
T007770,P-P024,1,540,540
T007770,P-L018,3,130,390
T007771,P-F008,1,252,252
T007771,P-H001,1,734,734
T007771,P-H005,1,410,410
T007771,P-P025,1,480,480
T007771,P-F003,3,35,105
T007771,P-G003,1,380,380
T007772,P-F003,2,35,70
T007772,P-L019,1,110,110
T007773,P-F003,1,35,35
T007773,P-L019,1,110,110
T007774,P-G002,1,480,480
T007774,P-G004,1,320,320
T007775,P-F006,1,336,336
T007775,P-F005,1,158,158
T007775,P-F019,2,140,280
T007775,P-P002,1,380,380
T007775,P-L003,3,150,450
T007776,P-F014,2,95,190
T007777,P-F003,2,35,70
T007777,P-L019,1,110,110
T007778,P-F003,1,35,35
T007778,P-F001,1,65,65
T007779,P-F003,1,35,35
T007779,P-F003,3,35,105
T007780,P-F003,2,35,70
T007780,P-L019,1,110,110
T007781,P-F003,2,35,70
T007781,P-F003,3,35,105
T007782,P-F003,1,35,35
T007782,P-F003,1,35,35
T007782,P-F001,1,65,65
T007783,P-L002,1,220,220
T007783,P-P017,1,260,260
T007783,P-P024,1,540,540
T007783,P-L001,1,260,260
T007783,P-L019,2,110,220
T007784,P-F008,1,252,252
T007784,P-F011,1,399,399
T007784,P-F009,1,126,126
T007784,P-H016,1,390,390
T007784,P-P006,1,250,250
T007784,P-P028,1,200,200
T007785,P-F003,1,35,35
T007785,P-F001,1,65,65
T007786,P-P019,3,120,360
T007786,P-H025,1,480,480
T007786,P-F003,3,35,105
T007786,P-L018,1,130,130
T007786,P-F001,1,65,65
T007787,P-G002,2,480,960
T007787,P-G004,2,320,640
T007788,P-G002,1,480,480
T007788,P-G004,1,320,320
T007789,P-F003,3,35,105
T007790,P-B009,1,240,240
T007790,P-B010,1,220,220
T007790,P-B007,1,260,260
T007791,P-H002,1,454,454
T007791,P-P007,1,290,290
T007791,P-L004,2,160,320
T007791,P-H023,1,620,620
T007791,P-F008,1,252,252
T007791,P-L020,1,190,190
T007791,P-L008,1,450,450
T007791,P-F003,3,35,105
T007792,P-H016,1,390,390
T007793,P-L004,1,160,160
T007793,P-L019,1,110,110
T007794,P-F003,-1,35,-35
T007795,P-L019,1,110,110
T007795,P-F003,1,35,35
T007795,P-F014,1,95,95
T007795,P-H004,1,605,605
T007795,P-G004,1,320,320
T007795,P-L019,1,110,110
T007795,P-P019,3,120,360
T007796,P-L019,1,110,110
T007797,P-H012,1,480,480
T007797,P-L004,2,160,320
T007797,P-F003,3,35,105
T007797,P-F014,1,95,95
T007798,P-L018,1,130,130
T007798,P-F003,3,35,105
T007798,P-F019,2,140,280
T007799,P-P025,1,480,480
T007799,P-L020,1,190,190
T007799,P-F019,1,140,140
T007799,P-P013,1,150,150
T007799,P-F014,1,95,95
T007800,P-L004,1,160,160
T007800,P-L019,1,110,110
T007800,P-F001,1,65,65
T007801,P-P019,3,120,360
T007801,P-G004,1,320,320
T007801,P-L018,1,130,130
T007801,P-F014,1,95,95
T007802,P-P022,1,380,380
T007802,P-L010,1,240,240
T007802,P-F018,1,180,180
T007802,P-F001,3,65,195
T007803,P-F008,1,252,252
T007803,P-H001,1,734,734
T007803,P-F007,1,94,94
T007803,P-P007,1,290,290
T007803,P-L009,1,280,280
T007803,P-G003,1,380,380
T007804,P-H015,1,450,450
T007804,P-F013,2,160,320
T007804,P-P006,1,250,250
T007804,P-H005,1,410,410
T007804,P-P021,1,240,240
T007804,P-L004,1,160,160
T007804,P-P019,1,120,120
T007805,P-F001,2,65,130
T007806,P-F014,2,95,190
T007807,P-L013,1,380,380
T007807,P-H017,1,640,640
T007807,P-P001,1,260,260
T007807,P-F001,3,65,195
T007808,P-B004,1,599,599
T007808,P-B005,1,320,320
T007808,P-B008,1,395,395
T007808,P-B010,1,220,220
T007809,P-F003,4,35,140
T007809,P-P013,1,150,150
T007809,P-F014,1,95,95
T007810,P-H012,1,480,480
T007810,P-F019,2,140,280
T007810,P-F001,3,65,195
T007811,P-F003,1,35,35
T007811,P-F001,1,65,65
T007812,P-G003,1,380,380
T007812,P-L001,1,260,260
T007812,P-F003,3,35,105
T007812,P-F001,1,65,65
T007813,P-F001,2,65,130
T007814,P-H025,1,480,480
T007814,P-P029,1,320,320
T007814,P-L020,1,190,190
T007814,P-F003,3,35,105
T007815,P-P013,1,150,150
T007815,P-F014,1,95,95
T007816,P-G002,1,480,480
T007817,P-F020,1,190,190
T007817,P-L018,1,130,130
T007817,P-F014,1,95,95
T007818,P-F010,1,79,79
T007818,P-H005,1,410,410
T007818,P-P017,1,260,260
T007818,P-P006,1,250,250
T007818,P-P019,3,120,360
T007819,P-H004,1,605,605
T007819,P-F008,1,252,252
T007819,P-L002,1,220,220
T007819,P-F001,3,65,195
T007819,P-L019,1,110,110
T007820,P-F003,1,35,35
T007821,P-F001,2,65,130
T007822,P-H012,1,480,480
T007822,P-L003,1,150,150
T007822,P-F003,2,35,70
T007822,P-F002,1,180,180
T007822,P-H007,1,520,520
T007823,P-H012,1,480,480
T007823,P-L020,1,190,190
T007823,P-F012,1,130,130
T007823,P-F014,1,95,95
T007823,P-H007,1,520,520
T007824,P-F018,1,180,180
T007824,P-F001,1,65,65
T007824,P-F003,1,35,35
T007825,P-F003,2,35,70
T007825,P-L014,1,180,180
T007825,P-P001,1,260,260
T007826,P-G009,1,460,460
T007826,P-P030,1,300,300
T007826,P-F002,2,180,360
T007826,P-G006,1,560,560
T007826,P-F017,1,220,220
T007826,P-G004,1,320,320
T007827,P-L019,1,110,110
T007828,P-F003,3,35,105
T007829,P-F014,2,95,190
T007829,P-L024,1,420,420
T007829,P-L020,1,190,190
T007829,P-P012,3,180,540
T007830,P-P008,1,460,460
T007830,P-P023,1,260,260
T007830,P-G004,1,320,320
T007830,P-F002,2,180,360
T007830,P-P013,1,150,150
T007831,P-L019,1,110,110
T007832,P-F003,1,35,35
T007833,P-F003,2,35,70
T007833,P-L019,1,110,110
T007834,P-P028,1,200,200
T007834,P-L008,1,450,450
T007834,P-L001,1,260,260
T007835,P-B004,1,599,599
T007835,P-B005,1,320,320
T007835,P-B006,2,280,560
T007835,P-B010,1,220,220
T007836,P-G007,1,620,620
T007836,P-P023,1,260,260
T007836,P-F019,1,140,140
T007836,P-F003,1,35,35
T007837,P-P007,1,290,290
T007837,P-P012,1,180,180
T007837,P-L019,1,110,110
T007838,P-F004,1,58,58
T007838,P-F009,1,126,126
T007838,P-G007,1,620,620
T007838,P-L024,1,420,420
T007838,P-F002,1,180,180
T007839,P-F001,3,65,195
T007839,P-F003,1,35,35
T007839,P-F014,1,95,95
T007840,P-L019,4,110,440
T007841,P-F005,1,158,158
T007841,P-G007,1,620,620
T007841,P-P001,1,260,260
T007841,P-L019,1,110,110
T007842,P-P015,1,220,220
T007842,P-F012,2,130,260
T007842,P-L019,1,110,110
T007843,P-H003,1,961,961
T007843,P-F005,1,158,158
T007843,P-H004,1,605,605
T007843,P-G005,1,420,420
T007843,P-L019,2,110,220
T007843,P-F013,2,160,320
T007844,P-F003,2,35,70
T007845,P-F003,3,35,105
T007846,P-L019,1,110,110
T007847,P-L017,1,620,620
T007847,P-F001,2,65,130
T007847,P-P029,1,320,320
T007847,P-L004,2,160,320
T007847,P-P019,1,120,120
T007848,P-L020,2,190,380
T007848,P-F003,1,35,35
T007848,P-F014,3,95,285
T007849,P-H012,1,480,480
T007849,P-F003,3,35,105
T007849,P-F012,1,130,130
T007849,P-F019,1,140,140
T007850,P-P019,2,120,240
T007850,P-L018,2,130,260
T007850,P-F014,1,95,95
T007851,P-H016,1,390,390
T007851,P-P001,1,260,260
T007851,P-F019,1,140,140
T007852,P-F010,1,79,79
T007852,P-P018,1,580,580
T007852,P-L024,1,420,420
T007852,P-F012,1,130,130
T007853,P-P013,-1,150,-150
T007854,P-G002,1,480,480
T007854,P-G004,1,320,320
T007855,P-G002,2,480,960
T007855,P-G004,1,320,320
T007856,P-F003,3,35,105
T007857,P-H012,1,480,480
T007857,P-F001,1,65,65
T007857,P-F012,3,130,390
T007857,P-F014,1,95,95
T007858,P-L001,1,260,260
T007858,P-P010,1,657,657
T007858,P-P015,1,220,220
T007859,P-L005,1,180,180
T007859,P-P019,1,120,120
T007859,P-P020,1,350,350
T007859,P-P006,1,250,250
T007859,P-P021,1,240,240
T007859,P-L010,1,240,240
T007860,P-L019,1,110,110
T007860,P-F003,1,35,35
T007861,P-F014,1,95,95
T007861,P-F001,1,65,65
T007862,P-F003,1,35,35
T007862,P-F014,1,95,95
T007863,P-F001,1,65,65
T007863,P-F014,1,95,95
T007864,P-F014,3,95,285
T007864,P-P013,1,150,150
T007864,P-L019,1,110,110
T007864,P-F001,2,65,130
T007864,P-F017,1,220,220
T007864,P-F018,1,180,180
T007865,P-F002,1,180,180
T007865,P-F014,1,95,95
T007865,P-F001,1,65,65
T007866,P-F012,1,130,130
T007866,P-F001,1,65,65
T007866,P-F014,1,95,95
T007867,P-H016,1,390,390
T007868,P-F009,1,126,126
T007868,P-H001,1,734,734
T007868,P-G005,1,420,420
T007868,P-P021,1,240,240
T007868,P-P019,1,120,120
T007869,P-H012,1,480,480
T007869,P-F001,1,65,65
T007869,P-L003,3,150,450
T007870,P-P007,1,290,290
T007870,P-P030,1,300,300
T007870,P-L002,1,220,220
T007871,P-G002,2,480,960
T007871,P-G005,1,420,420
T007872,P-G002,2,480,960
T007872,P-G004,1,320,320
T007873,P-G002,2,480,960
T007874,P-L001,1,260,260
T007874,P-F013,1,160,160
T007874,P-P008,1,460,460
T007874,P-L005,1,180,180
T007874,P-P015,1,220,220
T007874,P-F019,2,140,280
T007875,P-F001,1,65,65
T007875,P-F003,1,35,35
T007875,P-F014,1,95,95
T007876,P-P015,1,220,220
T007876,P-F014,2,95,190
T007876,P-F001,1,65,65
T007877,P-F014,1,95,95
T007878,P-F001,2,65,130
T007878,P-F003,1,35,35
T007879,P-F003,1,35,35
T007880,P-F005,1,158,158
T007880,P-H005,1,410,410
T007880,P-H006,1,1166,1166
T007880,P-G003,1,380,380
T007880,P-P024,1,540,540
T007880,P-F017,1,220,220
T007881,P-L004,2,160,320
T007881,P-L023,1,540,540
T007881,P-P014,1,320,320
T007881,P-P018,1,580,580
T007881,P-L001,1,260,260
T007881,P-L003,1,150,150
T007882,P-H016,1,390,390
T007883,P-F019,1,140,140
T007883,P-F003,4,35,140
T007884,P-P023,2,260,520
T007884,P-P015,1,220,220
T007884,P-L004,1,160,160
T007884,P-F001,1,65,65
T007885,P-G002,1,480,480
T007886,P-G002,2,480,960
T007887,P-F014,1,95,95
T007888,P-F003,3,35,105
T007888,P-F001,1,65,65
T007889,P-L005,2,180,360
T007889,P-L019,1,110,110
T007889,P-F001,1,65,65
T007890,P-L008,1,450,450
T007890,P-L011,1,520,520
T007890,P-F012,1,130,130
T007890,P-L007,1,320,320
T007890,P-L020,1,190,190
T007890,P-P015,1,220,220
T007891,P-F003,1,35,35
T007891,P-L019,1,110,110
T007892,P-B002,-1,760,-760
T007893,P-F013,1,160,160
T007893,P-F003,2,35,70
T007893,P-F014,1,95,95
T007894,P-H023,1,620,620
T007894,P-L013,1,380,380
T007894,P-P013,2,150,300
T007895,P-P012,1,180,180
T007895,P-L018,2,130,260
T007895,P-G003,1,380,380
T007896,P-P006,1,250,250
T007896,P-F003,1,35,35
T007896,P-F014,1,95,95
T007896,P-L019,1,110,110
T007897,P-H006,1,1166,1166
T007897,P-P005,1,340,340
T007897,P-G005,1,420,420
T007897,P-L001,1,260,260
T007897,P-F009,1,126,126
T007897,P-P007,1,290,290
T007897,P-H017,1,640,640
T007897,P-L012,1,460,460
T007898,P-F001,2,65,130
T007899,P-F003,1,35,35
T007899,P-L019,1,110,110
T007900,P-F001,3,65,195
T007901,P-F001,1,65,65
T007902,P-F003,1,35,35
T007903,P-L005,3,180,540
T007903,P-F001,1,65,65
T007904,P-F011,1,399,399
T007904,P-P028,1,200,200
T007904,P-F015,1,260,260
T007904,P-L005,1,180,180
T007904,P-F007,1,94,94
T007904,P-P022,1,380,380
T007904,P-P013,2,150,300
T007904,P-L020,1,190,190
T007905,P-H005,1,410,410
T007905,P-H001,1,734,734
T007905,P-L001,1,260,260
T007905,P-G006,1,560,560
T007905,P-L018,3,130,390
T007906,P-L018,1,130,130
T007906,P-L019,2,110,220
T007907,P-P007,1,290,290
T007907,P-L014,3,180,540
T007908,P-H003,1,961,961
T007908,P-H024,1,750,750
T007908,P-L012,1,460,460
T007908,P-L003,3,150,450
T007909,P-L001,1,260,260
T007909,P-P019,1,120,120
T007909,P-F018,1,180,180
T007909,P-F003,3,35,105
T007910,P-G002,1,480,480
T007911,P-G002,1,480,480
T007911,P-G004,1,320,320
T007912,P-G002,2,480,960
T007913,P-P021,1,240,240
T007913,P-P015,1,220,220
T007913,P-P016,1,280,280
T007913,P-F020,1,190,190
T007913,P-F013,3,160,480
T007913,P-F019,2,140,280
T007914,P-L005,2,180,360
T007914,P-L019,1,110,110
T007914,P-P001,1,260,260
T007914,P-L019,2,110,220
T007915,P-L019,1,110,110
T007916,P-B004,1,599,599
T007916,P-B005,1,320,320
T007916,P-B008,1,395,395
T007916,P-B010,1,220,220
T007917,P-B008,1,395,395
T007917,P-B006,1,280,280
T007917,P-B005,1,320,320
T007918,P-G007,-1,620,-620
T007919,P-F004,1,58,58
T007919,P-P006,1,250,250
T007919,P-P011,1,320,320
T007919,P-F014,1,95,95
T007919,P-F007,1,94,94
T007919,P-H008,1,720,720
T007919,P-F017,1,220,220
T007919,P-P001,1,260,260
T007920,P-G002,1,480,480
T007920,P-P007,1,290,290
T007920,P-L019,2,110,220
T007920,P-L020,1,190,190
T007920,P-P019,2,120,240
T007921,P-P024,1,540,540
T007921,P-P028,1,200,200
T007921,P-F020,1,190,190
T007921,P-L001,1,260,260
T007922,P-L008,1,450,450
T007922,P-P021,1,240,240
T007922,P-L018,1,130,130
T007923,P-F009,1,126,126
T007923,P-F010,1,79,79
T007923,P-F011,1,399,399
T007923,P-L005,2,180,360
T007923,P-L018,1,130,130
T007923,P-F001,1,65,65
T007924,P-G002,2,480,960
T007925,P-G002,2,480,960
T007926,P-G002,1,480,480
T007926,P-G004,1,320,320
T007927,P-L007,1,320,320
T007927,P-F003,1,35,35
T007927,P-F014,2,95,190
T007928,P-F003,2,35,70
T007929,P-F007,1,94,94
T007929,P-F006,1,336,336
T007929,P-F004,1,58,58
T007929,P-P017,1,260,260
T007929,P-L015,1,549,549
T007929,P-L003,3,150,450
T007930,P-B004,1,599,599
T007930,P-B006,1,280,280
T007930,P-B007,1,260,260
T007930,P-B010,1,220,220
T007931,P-G004,1,320,320
T007931,P-L018,2,130,260
T007931,P-P015,1,220,220
T007932,P-H006,1,1166,1166
T007932,P-H003,1,961,961
T007932,P-F019,2,140,280
T007932,P-L018,1,130,130
T007932,P-F015,1,260,260
T007933,P-F004,1,58,58
T007933,P-F008,1,252,252
T007933,P-L005,3,180,540
T007933,P-L014,2,180,360
T007933,P-P023,1,260,260
T007934,P-F020,1,190,190
T007934,P-H023,2,620,1240
T007934,P-L014,2,180,360
T007934,P-P006,1,250,250
T007934,P-F019,3,140,420
T007934,P-F003,3,35,105
T007935,P-L019,1,110,110
T007935,P-F001,1,65,65
T007936,P-F014,1,95,95
T007936,P-F003,1,35,35
T007937,P-P010,1,657,657
T007937,P-G002,1,480,480
T007937,P-P019,1,120,120
T007938,P-H001,1,734,734
T007938,P-F011,1,399,399
T007938,P-G006,1,560,560
T007938,P-P014,1,320,320
T007938,P-P001,1,260,260
T007939,P-F005,1,158,158
T007939,P-H016,1,390,390
T007939,P-F001,3,65,195
T007939,P-L019,1,110,110
T007939,P-F004,1,58,58
T007939,P-F015,1,260,260
T007939,P-P011,1,320,320
T007939,P-F014,1,95,95
T007940,P-F003,1,35,35
T007941,P-F014,1,95,95
T007942,P-F008,1,252,252
T007942,P-F007,1,94,94
T007942,P-F009,1,126,126
T007942,P-P001,1,260,260
T007942,P-P002,1,380,380
T007942,P-P006,1,250,250
T007943,P-L019,4,110,440
T007944,P-F008,1,252,252
T007944,P-H005,1,410,410
T007944,P-G009,1,460,460
T007944,P-P015,1,220,220
T007944,P-P019,1,120,120
T007945,P-L019,1,110,110
T007945,P-F001,1,65,65
T007946,P-L008,1,450,450
T007946,P-F014,1,95,95
T007946,P-L004,1,160,160
T007946,P-G007,1,620,620
T007946,P-G004,1,320,320
T007946,P-P004,1,420,420
T007947,P-L011,1,520,520
T007947,P-F001,3,65,195
T007947,P-L014,1,180,180
T007947,P-L020,1,190,190
T007947,P-L012,1,460,460
T007947,P-P006,1,250,250
T007948,P-L019,1,110,110
T007949,P-G003,1,380,380
T007949,P-P013,3,150,450
T007949,P-P020,1,350,350
T007949,P-F014,1,95,95
T007950,P-G001,1,880,880
T007950,P-P016,1,280,280
T007950,P-P013,1,150,150
T007950,P-F014,1,95,95
T007951,P-L007,1,320,320
T007951,P-L017,1,620,620
T007951,P-L020,1,190,190
T007951,P-P019,2,120,240
T007952,P-F009,1,126,126
T007952,P-H023,1,620,620
T007952,P-L005,1,180,180
T007952,P-L010,1,240,240
T007953,P-L019,1,110,110
T007954,P-F003,1,35,35
T007955,P-B008,1,395,395
T007955,P-B006,1,280,280
T007956,P-P023,1,260,260
T007956,P-G002,1,480,480
T007956,P-L018,3,130,390
T007957,P-F009,1,126,126
T007957,P-F006,1,336,336
T007957,P-P018,1,580,580
T007957,P-P023,1,260,260
T007957,P-L010,1,240,240
T007958,P-F001,1,65,65
T007958,P-F014,1,95,95
T007959,P-H012,1,480,480
T007959,P-L019,2,110,220
T007960,P-G004,1,320,320
T007960,P-H010,1,520,520
T007960,P-P021,1,240,240
T007960,P-F002,1,180,180
T007960,P-L024,1,420,420
T007960,P-F014,2,95,190
T007961,P-F014,1,95,95
T007961,P-F001,1,65,65
T007962,P-G002,2,480,960
T007962,P-G003,1,380,380
T007963,P-H004,1,605,605
T007963,P-H005,1,410,410
T007963,P-F001,1,65,65
T007963,P-L018,2,130,260
T007963,P-L019,1,110,110
T007964,P-H004,1,605,605
T007964,P-H002,1,454,454
T007964,P-H005,1,410,410
T007964,P-P021,1,240,240
T007964,P-P020,1,350,350
T007964,P-F012,1,130,130
T007965,P-F009,1,126,126
T007965,P-F004,1,58,58
T007965,P-P029,1,320,320
T007965,P-L007,1,320,320
T007965,P-P012,1,180,180
T007966,P-F003,1,35,35
T007966,P-F014,1,95,95
T007967,P-F003,1,35,35
T007967,P-F001,1,65,65
T007968,P-F003,1,35,35
T007968,P-F014,1,95,95
T007969,P-F003,2,35,70
T007970,P-F003,1,35,35
T007970,P-L019,1,110,110
T007971,P-F003,1,35,35
T007971,P-L019,1,110,110
T007972,P-H012,1,480,480
T007972,P-F018,1,180,180
T007972,P-F014,2,95,190
T007973,P-B006,1,280,280
T007973,P-B009,1,240,240
T007973,P-B007,1,260,260
T007974,P-B007,1,260,260
T007974,P-B005,1,320,320
T007974,P-B006,1,280,280
T007975,P-G005,1,420,420
T007975,P-P024,1,540,540
T007975,P-P028,1,200,200
T007975,P-F001,2,65,130
T007976,P-F007,1,94,94
T007976,P-H001,1,734,734
T007976,P-F008,1,252,252
T007976,P-F012,1,130,130
T007976,P-P015,1,220,220
T007976,P-F013,1,160,160
T007977,P-F001,2,65,130
T007977,P-F003,1,35,35
T007978,P-F012,1,130,130
T007978,P-F003,2,35,70
T007978,P-F001,1,65,65
T007979,P-L003,1,150,150
T007979,P-L019,1,110,110
T007980,P-P022,1,380,380
T007980,P-P005,1,340,340
T007980,P-H016,1,390,390
T007980,P-L019,2,110,220
T007981,P-F014,2,95,190
T007981,P-P029,1,320,320
T007981,P-F018,1,180,180
T007981,P-F019,1,140,140
T007981,P-F001,1,65,65
T007981,P-P001,1,260,260
T007982,P-F011,1,399,399
T007982,P-H003,1,961,961
T007982,P-P012,1,180,180
T007982,P-P028,1,200,200
T007982,P-F001,3,65,195
T007983,P-P022,1,380,380
T007983,P-L002,1,220,220
T007983,P-G005,1,420,420
T007983,P-P028,1,200,200
T007983,P-F003,1,35,35
T007983,P-F020,1,190,190
T007984,P-L014,2,180,360
T007984,P-P008,1,460,460
T007984,P-P023,1,260,260
T007984,P-P001,1,260,260
T007984,P-L018,1,130,130
T007985,P-G002,1,480,480
T007986,P-G002,1,480,480
T007986,P-G003,1,380,380
T007987,P-G002,1,480,480
T007987,P-G004,1,320,320
T007988,P-F010,1,79,79
T007988,P-F007,1,94,94
T007988,P-F005,1,158,158
T007988,P-L005,2,180,360
T007988,P-L010,1,240,240
T007988,P-L019,1,110,110
T007989,P-G003,-1,380,-380
T007990,P-G004,-1,320,-320
T007991,P-H010,1,520,520
T007991,P-P005,1,340,340
T007991,P-F003,3,35,105
T007992,P-F003,1,35,35
T007992,P-F014,1,95,95
T007993,P-F014,1,95,95
T007993,P-F001,1,65,65
T007994,P-F003,3,35,105
T007995,P-B004,1,599,599
T007995,P-B008,1,395,395
T007995,P-B010,1,220,220
T007996,P-F007,-1,94,-94
T007997,P-H012,1,480,480
T007997,P-L018,2,130,260
T007997,P-F014,1,95,95
T007998,P-P004,1,420,420
T007998,P-P002,1,380,380
T007998,P-L019,1,110,110
T007999,P-F014,2,95,190
T007999,P-L019,2,110,220
T008000,P-P001,-1,260,-260
